Stn Code,Sampling Date,State,City/Town/Village/Area,Agency,Type of Location,SO2,NO2,RSPM/PM10,SPM
55,1/1/2003,Delhi,Delhi,Central Pollution Control Board,Industrial Area,NA,34,149,205
55,1/6/2003,Delhi,Delhi,Central Pollution Control Board,Industrial Area,11,39,184,405
55,1/9/2003,Delhi,Delhi,Central Pollution Control Board,Industrial Area,12,42,190,429
55,14-01-03,Delhi,Delhi,Central Pollution Control Board,Industrial Area,14,41,187,304
55,17-01-03,Delhi,Delhi,Central Pollution Control Board,Industrial Area,13,39,192,323
55,22-01-03,Delhi,Delhi,Central Pollution Control Board,Industrial Area,12,36,170,325
55,27-01-03,Delhi,Delhi,Central Pollution Control Board,Industrial Area,12,43,112,262
55,30-01-03,Delhi,Delhi,Central Pollution Control Board,Industrial Area,13,37,179,262
55,2/5/2003,Delhi,Delhi,Central Pollution Control Board,Industrial Area,11,42,155,192
55,2/10/2003,Delhi,Delhi,Central Pollution Control Board,Industrial Area,11,51,NA,245
55,14-02-03,Delhi,Delhi,Central Pollution Control Board,Industrial Area,11,42,217,337
55,19-02-03,Delhi,Delhi,Central Pollution Control Board,Industrial Area,9,38,71,205
55,24-02-03,Delhi,Delhi,Central Pollution Control Board,Industrial Area,13,43,201,275
55,27-02-03,Delhi,Delhi,Central Pollution Control Board,Industrial Area,12,44,177,302
55,3/5/2003,Delhi,Delhi,Central Pollution Control Board,Industrial Area,11,47,91,173
55,3/10/2003,Delhi,Delhi,Central Pollution Control Board,Industrial Area,14,43,102,190
55,13-03-03,Delhi,Delhi,Central Pollution Control Board,Industrial Area,11,38,170,264
55,20-03-03,Delhi,Delhi,Central Pollution Control Board,Industrial Area,12,42,143,243
55,25-03-03,Delhi,Delhi,Central Pollution Control Board,Industrial Area,15,43,115,282
55,28-03-03,Delhi,Delhi,Central Pollution Control Board,Industrial Area,10,41,119,298
55,4/3/2003,Delhi,Delhi,Central Pollution Control Board,Industrial Area,14,46,132,276
55,4/8/2003,Delhi,Delhi,Central Pollution Control Board,Industrial Area,16,44,84,266
55,21-04-03,Delhi,Delhi,Central Pollution Control Board,Industrial Area,11,39,97,301
55,24-04-03,Delhi,Delhi,Central Pollution Control Board,Industrial Area,15,52,131,357
55,29-04-03,Delhi,Delhi,Central Pollution Control Board,Industrial Area,16,51,133,315
55,5/5/2003,Delhi,Delhi,Central Pollution Control Board,Industrial Area,12,40,131,310
55,5/8/2003,Delhi,Delhi,Central Pollution Control Board,Industrial Area,13,49,156,352
55,13-05-03,Delhi,Delhi,Central Pollution Control Board,Industrial Area,11,47,170,533
55,20-05-03,Delhi,Delhi,Central Pollution Control Board,Industrial Area,12,42,186,489
55,23-05-03,Delhi,Delhi,Central Pollution Control Board,Industrial Area,13,41,98,242
55,28-05-03,Delhi,Delhi,Central Pollution Control Board,Industrial Area,9,36,154,717
55,6/3/2003,Delhi,Delhi,Central Pollution Control Board,Industrial Area,15,43,130,271
55,6/6/2003,Delhi,Delhi,Central Pollution Control Board,Industrial Area,11,44,322,NA
55,6/11/2003,Delhi,Delhi,Central Pollution Control Board,Industrial Area,14,43,274,759
55,16-06-03,Delhi,Delhi,Central Pollution Control Board,Industrial Area,12,39,150,607
55,19-06-03,Delhi,Delhi,Central Pollution Control Board,Industrial Area,13,44,84,147
55,24-06-03,Delhi,Delhi,Central Pollution Control Board,Industrial Area,10,35,193,435
55,27-06-03,Delhi,Delhi,Central Pollution Control Board,Industrial Area,11,37,83,317
55,7/3/2003,Delhi,Delhi,Central Pollution Control Board,Industrial Area,10,48,68,190
55,16-07-03,Delhi,Delhi,Central Pollution Control Board,Industrial Area,13,51,73,130
55,21-07-03,Delhi,Delhi,Central Pollution Control Board,Industrial Area,9,33,53,105
55,24-07-03,Delhi,Delhi,Central Pollution Control Board,Industrial Area,13,38,61,139
55,29-07-03,Delhi,Delhi,Central Pollution Control Board,Industrial Area,10,41,65,157
55,8/4/2003,Delhi,Delhi,Central Pollution Control Board,Industrial Area,10,49,31,128
55,8/7/2003,Delhi,Delhi,Central Pollution Control Board,Industrial Area,10,39,73,265
55,8/12/2003,Delhi,Delhi,Central Pollution Control Board,Industrial Area,10,42,59,199
55,18-08-03,Delhi,Delhi,Central Pollution Control Board,Industrial Area,13,48,29,114
55,22-08-03,Delhi,Delhi,Central Pollution Control Board,Industrial Area,10,39,66,186
55,27-08-03,Delhi,Delhi,Central Pollution Control Board,Industrial Area,10,44,62,187
55,9/2/2003,Delhi,Delhi,Central Pollution Control Board,Industrial Area,10,43,93,129
55,9/5/2003,Delhi,Delhi,Central Pollution Control Board,Industrial Area,7,27,105,354
55,9/10/2003,Delhi,Delhi,Central Pollution Control Board,Industrial Area,11,40,56,205
55,15-09-03,Delhi,Delhi,Central Pollution Control Board,Industrial Area,13,32,68,215
55,18-09-03,Delhi,Delhi,Central Pollution Control Board,Industrial Area,14,45,83,148
55,23-09-03,Delhi,Delhi,Central Pollution Control Board,Industrial Area,10,46,47,183
55,26-09-03,Delhi,Delhi,Central Pollution Control Board,Industrial Area,15,46,67,270
55,10/3/2003,Delhi,Delhi,Central Pollution Control Board,Industrial Area,12,44,74,413
55,10/8/2003,Delhi,Delhi,Central Pollution Control Board,Industrial Area,16,47,88,274
55,13-10-03,Delhi,Delhi,Central Pollution Control Board,Industrial Area,12,43,115,556
55,16-10-03,Delhi,Delhi,Central Pollution Control Board,Industrial Area,14,44,119,466
55,21-10-03,Delhi,Delhi,Central Pollution Control Board,Industrial Area,15,48,154,422
55,29-10-03,Delhi,Delhi,Central Pollution Control Board,Industrial Area,12,46,144,546
55,11/4/2003,Delhi,Delhi,Central Pollution Control Board,Industrial Area,13,51,163,438
55,11/7/2003,Delhi,Delhi,Central Pollution Control Board,Industrial Area,12,44,124,610
55,11/12/2003,Delhi,Delhi,Central Pollution Control Board,Industrial Area,13,45,165,385
55,17-11-03,Delhi,Delhi,Central Pollution Control Board,Industrial Area,13,48,97,350
55,20-11-03,Delhi,Delhi,Central Pollution Control Board,Industrial Area,14,42,122,369
55,25-11-03,Delhi,Delhi,Central Pollution Control Board,Industrial Area,15,45,125,461
55,12/3/2003,Delhi,Delhi,Central Pollution Control Board,Industrial Area,14,45,197,576
55,12/8/2003,Delhi,Delhi,Central Pollution Control Board,Industrial Area,14,46,198,365
55,12/11/2003,Delhi,Delhi,Central Pollution Control Board,Industrial Area,12,50,189,429
55,16-12-03,Delhi,Delhi,Central Pollution Control Board,Industrial Area,11,52,114,234
55,19-12-03,Delhi,Delhi,Central Pollution Control Board,Industrial Area,12,49,127,281
55,24-12-03,Delhi,Delhi,Central Pollution Control Board,Industrial Area,16,57,141,265
55,30-12-03,Delhi,Delhi,Central Pollution Control Board,Industrial Area,14,52,147,335
56,1/3/2003,Delhi,Delhi,Central Pollution Control Board,Industrial Area,4,22,119,324
56,1/8/2003,Delhi,Delhi,Central Pollution Control Board,Industrial Area,8,32,201,431
56,13-01-03,Delhi,Delhi,Central Pollution Control Board,Industrial Area,NA,NA,248,412
56,16-01-03,Delhi,Delhi,Central Pollution Control Board,Industrial Area,7,31,168,349
56,21-01-03,Delhi,Delhi,Central Pollution Control Board,Industrial Area,7,31,204,569
56,24-01-03,Delhi,Delhi,Central Pollution Control Board,Industrial Area,5,24,94,295
56,29-01-03,Delhi,Delhi,Central Pollution Control Board,Industrial Area,5,25,127,254
56,2/4/2003,Delhi,Delhi,Central Pollution Control Board,Industrial Area,7,32,129,407
56,2/7/2003,Delhi,Delhi,Central Pollution Control Board,Industrial Area,7,33,131,397
56,13-02-03,Delhi,Delhi,Central Pollution Control Board,Industrial Area,7,34,121,377
56,21-02-03,Delhi,Delhi,Central Pollution Control Board,Industrial Area,8,33,89,326
56,26-02-03,Delhi,Delhi,Central Pollution Control Board,Industrial Area,6,33,87,213
56,3/4/2003,Delhi,Delhi,Central Pollution Control Board,Industrial Area,5,13,186,591
56,3/7/2003,Delhi,Delhi,Central Pollution Control Board,Industrial Area,7,30,69,306
56,3/12/2003,Delhi,Delhi,Central Pollution Control Board,Industrial Area,6,24,76,217
56,18-03-03,Delhi,Delhi,Central Pollution Control Board,Industrial Area,NA,NA,130,230
56,24-03-03,Delhi,Delhi,Central Pollution Control Board,Industrial Area,NA,NA,92,NA
56,27-03-03,Delhi,Delhi,Central Pollution Control Board,Industrial Area,NA,NA,105,NA
56,4/2/2003,Delhi,Delhi,Central Pollution Control Board,Industrial Area,4,17,76,NA
56,4/7/2003,Delhi,Delhi,Central Pollution Control Board,Industrial Area,5,22,134,NA
56,4/10/2003,Delhi,Delhi,Central Pollution Control Board,Industrial Area,5,18,150,NA
56,17-04-03,Delhi,Delhi,Central Pollution Control Board,Industrial Area,5,16,231,NA
56,23-04-03,Delhi,Delhi,Central Pollution Control Board,Industrial Area,5,27,206,NA
56,28-04-03,Delhi,Delhi,Central Pollution Control Board,Industrial Area,4,17,89,NA
56,5/2/2003,Delhi,Delhi,Central Pollution Control Board,Industrial Area,7,33,168,468
56,5/7/2003,Delhi,Delhi,Central Pollution Control Board,Industrial Area,8,35,133,345
56,5/12/2003,Delhi,Delhi,Central Pollution Control Board,Industrial Area,7,33,117,427
56,19-05-03,Delhi,Delhi,Central Pollution Control Board,Industrial Area,8,36,179,647
56,22-05-03,Delhi,Delhi,Central Pollution Control Board,Industrial Area,8,37,NA,NA
56,27-05-03,Delhi,Delhi,Central Pollution Control Board,Industrial Area,5,25,255,587
56,6/2/2003,Delhi,Delhi,Central Pollution Control Board,Industrial Area,5,26,316,NA
56,6/5/2003,Delhi,Delhi,Central Pollution Control Board,Industrial Area,5,32,242,NA
56,6/10/2003,Delhi,Delhi,Central Pollution Control Board,Industrial Area,8,53,NA,NA
56,13-06-03,Delhi,Delhi,Central Pollution Control Board,Industrial Area,5,30,225,396
56,18-06-03,Delhi,Delhi,Central Pollution Control Board,Industrial Area,5,30,70,287
56,23-06-03,Delhi,Delhi,Central Pollution Control Board,Industrial Area,5,37,66,237
56,26-06-03,Delhi,Delhi,Central Pollution Control Board,Industrial Area,5,34,107,407
56,7/2/2003,Delhi,Delhi,Central Pollution Control Board,Industrial Area,5,32,64,246
56,15-07-03,Delhi,Delhi,Central Pollution Control Board,Industrial Area,5,38,89,232
56,18-07-03,Delhi,Delhi,Central Pollution Control Board,Industrial Area,4,27,68,192
56,23-07-03,Delhi,Delhi,Central Pollution Control Board,Industrial Area,5,34,101,238
56,28-07-03,Delhi,Delhi,Central Pollution Control Board,Industrial Area,5,28,50,90
56,8/1/2003,Delhi,Delhi,Central Pollution Control Board,Industrial Area,4,22,89,341
56,8/6/2003,Delhi,Delhi,Central Pollution Control Board,Industrial Area,5,23,156,492
56,8/11/2003,Delhi,Delhi,Central Pollution Control Board,Industrial Area,6,31,82,167
56,14-08-03,Delhi,Delhi,Central Pollution Control Board,Industrial Area,6,31,34,164
56,21-08-03,Delhi,Delhi,Central Pollution Control Board,Industrial Area,5,29,75,282
56,26-08-03,Delhi,Delhi,Central Pollution Control Board,Industrial Area,5,26,78,211
56,9/1/2003,Delhi,Delhi,Central Pollution Control Board,Industrial Area,6,35,90,615
56,9/4/2003,Delhi,Delhi,Central Pollution Control Board,Industrial Area,4,27,84,172
56,9/9/2003,Delhi,Delhi,Central Pollution Control Board,Industrial Area,6,37,77,251
56,9/12/2003,Delhi,Delhi,Central Pollution Control Board,Industrial Area,6,39,85,346
56,17-09-03,Delhi,Delhi,Central Pollution Control Board,Industrial Area,4,25,47,100
56,10/1/2003,Delhi,Delhi,Central Pollution Control Board,Industrial Area,5,38,48,292
56,10/7/2003,Delhi,Delhi,Central Pollution Control Board,Industrial Area,4,29,105,348
56,10/10/2003,Delhi,Delhi,Central Pollution Control Board,Industrial Area,6,34,194,530
56,15-10-03,Delhi,Delhi,Central Pollution Control Board,Industrial Area,6,41,124,615
56,20-10-03,Delhi,Delhi,Central Pollution Control Board,Industrial Area,7,53,122,601
56,28-10-03,Delhi,Delhi,Central Pollution Control Board,Industrial Area,7,45,221,483
56,11/3/2003,Delhi,Delhi,Central Pollution Control Board,Industrial Area,10,47,181,436
56,11/6/2003,Delhi,Delhi,Central Pollution Control Board,Industrial Area,9,45,159,437
56,11/11/2003,Delhi,Delhi,Central Pollution Control Board,Industrial Area,11,49,144,387
56,14-11-03,Delhi,Delhi,Central Pollution Control Board,Industrial Area,8,39,175,464
56,19-11-03,Delhi,Delhi,Central Pollution Control Board,Industrial Area,9,44,155,440
56,12/5/2003,Delhi,Delhi,Central Pollution Control Board,Industrial Area,10,49,207,461
56,12/10/2003,Delhi,Delhi,Central Pollution Control Board,Industrial Area,9,43,163,335
56,15-12-03,Delhi,Delhi,Central Pollution Control Board,Industrial Area,9,41,134,290
56,29-12-03,Delhi,Delhi,Central Pollution Control Board,Industrial Area,8,43,192,333
57,1/1/2003,Delhi,Delhi,Central Pollution Control Board,Industrial Area,5,29,101,233
57,1/6/2003,Delhi,Delhi,Central Pollution Control Board,Industrial Area,7,36,172,350
57,1/9/2003,Delhi,Delhi,Central Pollution Control Board,Industrial Area,7,38,189,396
57,14-01-03,Delhi,Delhi,Central Pollution Control Board,Industrial Area,7,38,178,293
57,17-01-03,Delhi,Delhi,Central Pollution Control Board,Industrial Area,7,38,265,469
57,22-01-03,Delhi,Delhi,Central Pollution Control Board,Industrial Area,7,32,130,282
57,27-01-03,Delhi,Delhi,Central Pollution Control Board,Industrial Area,6,26,98,189
57,30-01-03,Delhi,Delhi,Central Pollution Control Board,Industrial Area,4,29,141,333
57,2/5/2003,Delhi,Delhi,Central Pollution Control Board,Industrial Area,8,42,129,380
57,2/10/2003,Delhi,Delhi,Central Pollution Control Board,Industrial Area,8,41,130,346
57,14-02-03,Delhi,Delhi,Central Pollution Control Board,Industrial Area,9,42,150,425
57,19-02-03,Delhi,Delhi,Central Pollution Control Board,Industrial Area,7,43,89,130
57,24-02-03,Delhi,Delhi,Central Pollution Control Board,Industrial Area,6,28,207,279
57,27-02-03,Delhi,Delhi,Central Pollution Control Board,Industrial Area,6,44,200,277
57,3/5/2003,Delhi,Delhi,Central Pollution Control Board,Industrial Area,7,37,114,281
57,3/10/2003,Delhi,Delhi,Central Pollution Control Board,Industrial Area,10,29,80,263
57,13-03-03,Delhi,Delhi,Central Pollution Control Board,Industrial Area,NA,NA,63,NA
57,20-03-03,Delhi,Delhi,Central Pollution Control Board,Industrial Area,NA,NA,80,256
57,28-03-03,Delhi,Delhi,Central Pollution Control Board,Industrial Area,NA,NA,44,145
57,4/3/2003,Delhi,Delhi,Central Pollution Control Board,Industrial Area,9,41,132,230
57,4/8/2003,Delhi,Delhi,Central Pollution Control Board,Industrial Area,9,39,99,259
57,21-04-03,Delhi,Delhi,Central Pollution Control Board,Industrial Area,NA,NA,351,NA
57,24-04-03,Delhi,Delhi,Central Pollution Control Board,Industrial Area,9,40,202,399
57,29-04-03,Delhi,Delhi,Central Pollution Control Board,Industrial Area,9,39,116,249
57,5/5/2003,Delhi,Delhi,Central Pollution Control Board,Industrial Area,8,41,137,418
57,5/8/2003,Delhi,Delhi,Central Pollution Control Board,Industrial Area,8,38,142,643
57,13-05-03,Delhi,Delhi,Central Pollution Control Board,Industrial Area,NA,NA,341,NA
57,20-05-03,Delhi,Delhi,Central Pollution Control Board,Industrial Area,9,43,NA,NA
57,23-05-03,Delhi,Delhi,Central Pollution Control Board,Industrial Area,NA,NA,NA,310
57,28-05-03,Delhi,Delhi,Central Pollution Control Board,Industrial Area,8,38,NA,745
57,6/3/2003,Delhi,Delhi,Central Pollution Control Board,Industrial Area,6,33,406,744
57,6/6/2003,Delhi,Delhi,Central Pollution Control Board,Industrial Area,8,40,301,NA
57,6/11/2003,Delhi,Delhi,Central Pollution Control Board,Industrial Area,8,40,NA,NA
57,16-06-03,Delhi,Delhi,Central Pollution Control Board,Industrial Area,7,35,NA,456
57,19-06-03,Delhi,Delhi,Central Pollution Control Board,Industrial Area,5,25,NA,307
57,24-06-03,Delhi,Delhi,Central Pollution Control Board,Industrial Area,7,35,NA,361
57,27-06-03,Delhi,Delhi,Central Pollution Control Board,Industrial Area,5,24,NA,283
57,7/3/2003,Delhi,Delhi,Central Pollution Control Board,Industrial Area,5,32,NA,303
57,16-07-03,Delhi,Delhi,Central Pollution Control Board,Industrial Area,5,37,NA,240
57,21-07-03,Delhi,Delhi,Central Pollution Control Board,Industrial Area,4,16,72,115
57,24-07-03,Delhi,Delhi,Central Pollution Control Board,Industrial Area,5,27,130,269
57,29-07-03,Delhi,Delhi,Central Pollution Control Board,Industrial Area,4,26,70,219
57,8/4/2003,Delhi,Delhi,Central Pollution Control Board,Industrial Area,5,28,121,432
57,8/7/2003,Delhi,Delhi,Central Pollution Control Board,Industrial Area,4,28,213,283
57,8/12/2003,Delhi,Delhi,Central Pollution Control Board,Industrial Area,4,34,160,300
57,18-08-03,Delhi,Delhi,Central Pollution Control Board,Industrial Area,5,38,119,310
57,22-08-03,Delhi,Delhi,Central Pollution Control Board,Industrial Area,5,33,NA,432
57,27-08-03,Delhi,Delhi,Central Pollution Control Board,Industrial Area,4,30,NA,180
57,9/2/2003,Delhi,Delhi,Central Pollution Control Board,Industrial Area,4,36,NA,262
57,9/5/2003,Delhi,Delhi,Central Pollution Control Board,Industrial Area,6,46,157,409
57,9/10/2003,Delhi,Delhi,Central Pollution Control Board,Industrial Area,4,34,113,235
57,15-09-03,Delhi,Delhi,Central Pollution Control Board,Industrial Area,5,36,106,377
57,18-09-03,Delhi,Delhi,Central Pollution Control Board,Industrial Area,4,34,66,151
57,23-09-03,Delhi,Delhi,Central Pollution Control Board,Industrial Area,4,30,205,406
57,26-09-03,Delhi,Delhi,Central Pollution Control Board,Industrial Area,5,40,58,219
57,10/3/2003,Delhi,Delhi,Central Pollution Control Board,Industrial Area,4,33,139,410
57,10/8/2003,Delhi,Delhi,Central Pollution Control Board,Industrial Area,5,44,120,420
57,13-10-03,Delhi,Delhi,Central Pollution Control Board,Industrial Area,6,34,204,490
57,16-10-03,Delhi,Delhi,Central Pollution Control Board,Industrial Area,6,41,129,522
57,21-10-03,Delhi,Delhi,Central Pollution Control Board,Industrial Area,7,47,132,396
57,29-10-03,Delhi,Delhi,Central Pollution Control Board,Industrial Area,8,50,265,526
57,11/4/2003,Delhi,Delhi,Central Pollution Control Board,Industrial Area,8,52,208,327
57,11/7/2003,Delhi,Delhi,Central Pollution Control Board,Industrial Area,10,57,138,402
57,11/12/2003,Delhi,Delhi,Central Pollution Control Board,Industrial Area,10,61,240,614
57,17-11-03,Delhi,Delhi,Central Pollution Control Board,Industrial Area,10,56,129,475
57,20-11-03,Delhi,Delhi,Central Pollution Control Board,Industrial Area,9,57,206,506
57,25-11-03,Delhi,Delhi,Central Pollution Control Board,Industrial Area,11,57,140,432
57,12/3/2003,Delhi,Delhi,Central Pollution Control Board,Industrial Area,10,55,200,427
57,12/8/2003,Delhi,Delhi,Central Pollution Control Board,Industrial Area,11,65,186,381
57,12/11/2003,Delhi,Delhi,Central Pollution Control Board,Industrial Area,10,56,151,397
57,16-12-03,Delhi,Delhi,Central Pollution Control Board,Industrial Area,9,54,153,278
57,19-12-03,Delhi,Delhi,Central Pollution Control Board,Industrial Area,10,51,198,400
57,24-12-03,Delhi,Delhi,Central Pollution Control Board,Industrial Area,NA,NA,229,NA
57,30-12-03,Delhi,Delhi,Central Pollution Control Board,Industrial Area,11,60,223,433
58,1/2/2003,Delhi,Delhi,Central Pollution Control Board,Industrial Area,8,34,171,351
58,1/7/2003,Delhi,Delhi,Central Pollution Control Board,Industrial Area,11,43,143,311
58,1/10/2003,Delhi,Delhi,Central Pollution Control Board,Industrial Area,8,35,150,314
58,15-01-03,Delhi,Delhi,Central Pollution Control Board,Industrial Area,9,36,239,510
58,20-01-03,Delhi,Delhi,Central Pollution Control Board,Industrial Area,11,28,164,396
58,23-01-03,Delhi,Delhi,Central Pollution Control Board,Industrial Area,14,42,223,475
58,28-01-03,Delhi,Delhi,Central Pollution Control Board,Industrial Area,6,24,96,238
58,2/3/2003,Delhi,Delhi,Central Pollution Control Board,Industrial Area,8,26,97,200
58,2/6/2003,Delhi,Delhi,Central Pollution Control Board,Industrial Area,12,41,129,405
58,2/11/2003,Delhi,Delhi,Central Pollution Control Board,Industrial Area,14,38,119,343
58,17-02-03,Delhi,Delhi,Central Pollution Control Board,Industrial Area,8,26,99,385
58,20-02-03,Delhi,Delhi,Central Pollution Control Board,Industrial Area,11,28,92,453
58,25-02-03,Delhi,Delhi,Central Pollution Control Board,Industrial Area,13,33,71,235
58,3/3/2003,Delhi,Delhi,Central Pollution Control Board,Industrial Area,13,33,180,NA
58,3/6/2003,Delhi,Delhi,Central Pollution Control Board,Industrial Area,7,25,62,184
58,3/11/2003,Delhi,Delhi,Central Pollution Control Board,Industrial Area,11,37,100,276
58,17-03-03,Delhi,Delhi,Central Pollution Control Board,Industrial Area,13,32,98,264
58,21-03-03,Delhi,Delhi,Central Pollution Control Board,Industrial Area,9,30,77,340
58,26-03-03,Delhi,Delhi,Central Pollution Control Board,Industrial Area,11,31,105,246
58,4/1/2003,Delhi,Delhi,Central Pollution Control Board,Industrial Area,8,21,136,272
58,4/4/2003,Delhi,Delhi,Central Pollution Control Board,Industrial Area,13,38,165,542
58,4/9/2003,Delhi,Delhi,Central Pollution Control Board,Industrial Area,10,28,110,419
58,16-04-03,Delhi,Delhi,Central Pollution Control Board,Industrial Area,8,26,100,281
58,22-04-03,Delhi,Delhi,Central Pollution Control Board,Industrial Area,7,26,106,316
58,25-04-03,Delhi,Delhi,Central Pollution Control Board,Industrial Area,9,34,135,359
58,14-05-03,Delhi,Delhi,Central Pollution Control Board,Industrial Area,12,34,123,315
58,21-05-03,Delhi,Delhi,Central Pollution Control Board,Industrial Area,14,41,NA,645
58,26-05-03,Delhi,Delhi,Central Pollution Control Board,Industrial Area,14,35,176,533
58,29-05-03,Delhi,Delhi,Central Pollution Control Board,Industrial Area,14,39,217,603
58,6/4/2003,Delhi,Delhi,Central Pollution Control Board,Industrial Area,12,30,162,741
58,6/9/2003,Delhi,Delhi,Central Pollution Control Board,Industrial Area,14,35,271,498
58,6/12/2003,Delhi,Delhi,Central Pollution Control Board,Industrial Area,12,33,151,599
58,17-06-03,Delhi,Delhi,Central Pollution Control Board,Industrial Area,11,31,154,426
58,20-06-03,Delhi,Delhi,Central Pollution Control Board,Industrial Area,12,34,18,58
58,25-06-03,Delhi,Delhi,Central Pollution Control Board,Industrial Area,11,31,26,73
58,7/1/2003,Delhi,Delhi,Central Pollution Control Board,Industrial Area,9,26,152,588
58,7/4/2003,Delhi,Delhi,Central Pollution Control Board,Industrial Area,12,37,177,424
58,7/9/2003,Delhi,Delhi,Central Pollution Control Board,Industrial Area,9,18,NA,215
58,14-07-03,Delhi,Delhi,Central Pollution Control Board,Industrial Area,9,22,63,127
58,17-07-03,Delhi,Delhi,Central Pollution Control Board,Industrial Area,7,21,70,134
58,22-07-03,Delhi,Delhi,Central Pollution Control Board,Industrial Area,9,20,43,165
58,25-07-03,Delhi,Delhi,Central Pollution Control Board,Industrial Area,12,28,211,361
58,30-07-03,Delhi,Delhi,Central Pollution Control Board,Industrial Area,6,20,112,172
58,8/5/2003,Delhi,Delhi,Central Pollution Control Board,Industrial Area,11,36,96,252
58,8/8/2003,Delhi,Delhi,Central Pollution Control Board,Industrial Area,7,16,123,213
58,13-08-03,Delhi,Delhi,Central Pollution Control Board,Industrial Area,10,28,152,296
58,19-08-03,Delhi,Delhi,Central Pollution Control Board,Industrial Area,13,31,87,281
58,25-08-03,Delhi,Delhi,Central Pollution Control Board,Industrial Area,16,30,64,178
58,28-08-03,Delhi,Delhi,Central Pollution Control Board,Industrial Area,7,15,81,179
58,9/8/2003,Delhi,Delhi,Central Pollution Control Board,Industrial Area,14,34,46,152
58,29-09-03,Delhi,Delhi,Central Pollution Control Board,Industrial Area,8,22,61,219
58,10/6/2003,Delhi,Delhi,Central Pollution Control Board,Industrial Area,12,34,80,242
58,10/9/2003,Delhi,Delhi,Central Pollution Control Board,Industrial Area,15,39,140,453
58,14-10-03,Delhi,Delhi,Central Pollution Control Board,Industrial Area,12,34,129,417
58,17-10-03,Delhi,Delhi,Central Pollution Control Board,Industrial Area,15,39,125,337
58,22-10-03,Delhi,Delhi,Central Pollution Control Board,Industrial Area,17,49,174,458
58,27-10-03,Delhi,Delhi,Central Pollution Control Board,Industrial Area,21,49,167,423
58,30-10-03,Delhi,Delhi,Central Pollution Control Board,Industrial Area,19,49,154,525
58,11/5/2003,Delhi,Delhi,Central Pollution Control Board,Industrial Area,18,52,341,536
58,11/10/2003,Delhi,Delhi,Central Pollution Control Board,Industrial Area,15,45,213,513
58,13-11-03,Delhi,Delhi,Central Pollution Control Board,Industrial Area,15,42,208,439
58,18-11-03,Delhi,Delhi,Central Pollution Control Board,Industrial Area,NA,NA,120,NA
58,21-11-03,Delhi,Delhi,Central Pollution Control Board,Industrial Area,13,38,263,NA
58,27-11-03,Delhi,Delhi,Central Pollution Control Board,Industrial Area,14,40,254,NA
58,12/4/2003,Delhi,Delhi,Central Pollution Control Board,Industrial Area,NA,NA,211,NA
58,12/9/2003,Delhi,Delhi,Central Pollution Control Board,Industrial Area,12,32,127,NA
58,12/12/2003,Delhi,Delhi,Central Pollution Control Board,Industrial Area,11,35,107,334
58,17-12-03,Delhi,Delhi,Central Pollution Control Board,Industrial Area,NA,NA,83,NA
58,22-12-03,Delhi,Delhi,Central Pollution Control Board,Industrial Area,NA,NA,179,NA
59,1/2/2003,Delhi,Delhi,Central Pollution Control Board,"Residential, Rural and other Areas",NA,NA,162,NA
59,1/7/2003,Delhi,Delhi,Central Pollution Control Board,"Residential, Rural and other Areas",NA,NA,71,NA
59,1/10/2003,Delhi,Delhi,Central Pollution Control Board,"Residential, Rural and other Areas",NA,NA,63,NA
59,15-01-03,Delhi,Delhi,Central Pollution Control Board,"Residential, Rural and other Areas",NA,NA,200,NA
59,20-01-03,Delhi,Delhi,Central Pollution Control Board,"Residential, Rural and other Areas",NA,NA,189,NA
59,23-01-03,Delhi,Delhi,Central Pollution Control Board,"Residential, Rural and other Areas",NA,NA,144,NA
59,28-01-03,Delhi,Delhi,Central Pollution Control Board,"Residential, Rural and other Areas",8,24,89,NA
59,2/3/2003,Delhi,Delhi,Central Pollution Control Board,"Residential, Rural and other Areas",13,35,108,227
59,2/6/2003,Delhi,Delhi,Central Pollution Control Board,"Residential, Rural and other Areas",8,40,62,NA
59,2/11/2003,Delhi,Delhi,Central Pollution Control Board,"Residential, Rural and other Areas",8,26,100,NA
59,17-02-03,Delhi,Delhi,Central Pollution Control Board,"Residential, Rural and other Areas",8,30,102,NA
59,20-02-03,Delhi,Delhi,Central Pollution Control Board,"Residential, Rural and other Areas",9,33,147,NA
59,25-02-03,Delhi,Delhi,Central Pollution Control Board,"Residential, Rural and other Areas",10,37,129,NA
59,3/3/2003,Delhi,Delhi,Central Pollution Control Board,"Residential, Rural and other Areas",NA,NA,150,NA
59,3/6/2003,Delhi,Delhi,Central Pollution Control Board,"Residential, Rural and other Areas",7,28,75,171
59,3/11/2003,Delhi,Delhi,Central Pollution Control Board,"Residential, Rural and other Areas",11,41,78,193
59,17-03-03,Delhi,Delhi,Central Pollution Control Board,"Residential, Rural and other Areas",13,42,124,247
59,21-03-03,Delhi,Delhi,Central Pollution Control Board,"Residential, Rural and other Areas",9,36,96,175
59,26-03-03,Delhi,Delhi,Central Pollution Control Board,"Residential, Rural and other Areas",12,44,101,179
59,4/1/2003,Delhi,Delhi,Central Pollution Control Board,"Residential, Rural and other Areas",13,40,189,270
59,4/4/2003,Delhi,Delhi,Central Pollution Control Board,"Residential, Rural and other Areas",13,44,127,213
59,4/9/2003,Delhi,Delhi,Central Pollution Control Board,"Residential, Rural and other Areas",13,39,149,232
59,16-04-03,Delhi,Delhi,Central Pollution Control Board,"Residential, Rural and other Areas",10,30,63,121
59,22-04-03,Delhi,Delhi,Central Pollution Control Board,"Residential, Rural and other Areas",8,26,90,167
59,25-04-03,Delhi,Delhi,Central Pollution Control Board,"Residential, Rural and other Areas",9,30,68,116
59,6/9/2003,Delhi,Delhi,Central Pollution Control Board,"Residential, Rural and other Areas",12,52,370,NA
59,6/12/2003,Delhi,Delhi,Central Pollution Control Board,"Residential, Rural and other Areas",10,46,NA,755
59,20-06-03,Delhi,Delhi,Central Pollution Control Board,"Residential, Rural and other Areas",15,54,102,173
59,7/1/2003,Delhi,Delhi,Central Pollution Control Board,"Residential, Rural and other Areas",12,50,129,304
59,7/4/2003,Delhi,Delhi,Central Pollution Control Board,"Residential, Rural and other Areas",12,51,222,510
59,7/9/2003,Delhi,Delhi,Central Pollution Control Board,"Residential, Rural and other Areas",7,34,253,339
59,14-07-03,Delhi,Delhi,Central Pollution Control Board,"Residential, Rural and other Areas",11,51,144,204
59,17-07-03,Delhi,Delhi,Central Pollution Control Board,"Residential, Rural and other Areas",8,41,107,167
59,22-07-03,Delhi,Delhi,Central Pollution Control Board,"Residential, Rural and other Areas",4,11,NA,NA
59,25-07-03,Delhi,Delhi,Central Pollution Control Board,"Residential, Rural and other Areas",NA,NA,80,191
59,30-07-03,Delhi,Delhi,Central Pollution Control Board,"Residential, Rural and other Areas",4,20,29,30
59,8/5/2003,Delhi,Delhi,Central Pollution Control Board,"Residential, Rural and other Areas",8,44,57,160
59,8/8/2003,Delhi,Delhi,Central Pollution Control Board,"Residential, Rural and other Areas",NA,NA,117,253
59,13-08-03,Delhi,Delhi,Central Pollution Control Board,"Residential, Rural and other Areas",12,39,89,540
59,19-08-03,Delhi,Delhi,Central Pollution Control Board,"Residential, Rural and other Areas",10,45,93,297
59,25-08-03,Delhi,Delhi,Central Pollution Control Board,"Residential, Rural and other Areas",11,43,107,223
59,28-08-03,Delhi,Delhi,Central Pollution Control Board,"Residential, Rural and other Areas",12,45,97,250
59,9/3/2003,Delhi,Delhi,Central Pollution Control Board,"Residential, Rural and other Areas",9,43,128,263
59,9/8/2003,Delhi,Delhi,Central Pollution Control Board,"Residential, Rural and other Areas",10,41,74,194
59,9/11/2003,Delhi,Delhi,Central Pollution Control Board,"Residential, Rural and other Areas",6,25,39,94
59,16-09-03,Delhi,Delhi,Central Pollution Control Board,"Residential, Rural and other Areas",11,45,79,175
59,19-09-03,Delhi,Delhi,Central Pollution Control Board,"Residential, Rural and other Areas",12,46,69,269
59,24-09-03,Delhi,Delhi,Central Pollution Control Board,"Residential, Rural and other Areas",13,48,79,193
59,29-09-03,Delhi,Delhi,Central Pollution Control Board,"Residential, Rural and other Areas",11,45,NA,250
59,10/6/2003,Delhi,Delhi,Central Pollution Control Board,"Residential, Rural and other Areas",15,49,NA,196
59,10/9/2003,Delhi,Delhi,Central Pollution Control Board,"Residential, Rural and other Areas",16,50,NA,319
59,14-10-03,Delhi,Delhi,Central Pollution Control Board,"Residential, Rural and other Areas",15,49,NA,376
59,17-10-03,Delhi,Delhi,Central Pollution Control Board,"Residential, Rural and other Areas",15,47,NA,246
59,22-10-03,Delhi,Delhi,Central Pollution Control Board,"Residential, Rural and other Areas",11,53,193,408
59,27-10-03,Delhi,Delhi,Central Pollution Control Board,"Residential, Rural and other Areas",19,61,272,586
59,30-10-03,Delhi,Delhi,Central Pollution Control Board,"Residential, Rural and other Areas",12,42,154,325
59,11/5/2003,Delhi,Delhi,Central Pollution Control Board,"Residential, Rural and other Areas",12,50,161,494
59,11/10/2003,Delhi,Delhi,Central Pollution Control Board,"Residential, Rural and other Areas",15,51,222,444
59,13-11-03,Delhi,Delhi,Central Pollution Control Board,"Residential, Rural and other Areas",13,53,156,474
59,18-11-03,Delhi,Delhi,Central Pollution Control Board,"Residential, Rural and other Areas",15,49,195,353
59,21-11-03,Delhi,Delhi,Central Pollution Control Board,"Residential, Rural and other Areas",15,53,195,279
59,27-11-03,Delhi,Delhi,Central Pollution Control Board,"Residential, Rural and other Areas",12,50,102,270
59,12/4/2003,Delhi,Delhi,Central Pollution Control Board,"Residential, Rural and other Areas",10,42,236,485
59,12/9/2003,Delhi,Delhi,Central Pollution Control Board,"Residential, Rural and other Areas",10,50,168,481
59,12/12/2003,Delhi,Delhi,Central Pollution Control Board,"Residential, Rural and other Areas",13,46,180,296
59,17-12-03,Delhi,Delhi,Central Pollution Control Board,"Residential, Rural and other Areas",13,46,NA,196
59,22-12-03,Delhi,Delhi,Central Pollution Control Board,"Residential, Rural and other Areas",11,48,65,330
60,1/3/2003,Delhi,Delhi,Central Pollution Control Board,"Residential, Rural and other Areas",8,31,100,282
60,1/8/2003,Delhi,Delhi,Central Pollution Control Board,"Residential, Rural and other Areas",7,18,270,379
60,13-01-03,Delhi,Delhi,Central Pollution Control Board,"Residential, Rural and other Areas",9,32,116,238
60,16-01-03,Delhi,Delhi,Central Pollution Control Board,"Residential, Rural and other Areas",8,37,137,283
60,21-01-03,Delhi,Delhi,Central Pollution Control Board,"Residential, Rural and other Areas",10,35,126,236
60,24-01-03,Delhi,Delhi,Central Pollution Control Board,"Residential, Rural and other Areas",7,28,89,359
60,29-01-03,Delhi,Delhi,Central Pollution Control Board,"Residential, Rural and other Areas",8,37,85,251
60,2/4/2003,Delhi,Delhi,Central Pollution Control Board,"Residential, Rural and other Areas",8,24,68,121
60,2/7/2003,Delhi,Delhi,Central Pollution Control Board,"Residential, Rural and other Areas",10,31,83,205
60,13-02-03,Delhi,Delhi,Central Pollution Control Board,"Residential, Rural and other Areas",8,35,99,268
60,18-02-03,Delhi,Delhi,Central Pollution Control Board,"Residential, Rural and other Areas",6,18,62,135
60,21-02-03,Delhi,Delhi,Central Pollution Control Board,"Residential, Rural and other Areas",9,39,66,251
60,26-02-03,Delhi,Delhi,Central Pollution Control Board,"Residential, Rural and other Areas",NA,NA,71,249
60,3/4/2003,Delhi,Delhi,Central Pollution Control Board,"Residential, Rural and other Areas",NA,NA,81,NA
60,3/7/2003,Delhi,Delhi,Central Pollution Control Board,"Residential, Rural and other Areas",NA,NA,87,NA
60,3/12/2003,Delhi,Delhi,Central Pollution Control Board,"Residential, Rural and other Areas",9,39,98,318
60,18-03-03,Delhi,Delhi,Central Pollution Control Board,"Residential, Rural and other Areas",9,19,93,84
60,24-03-03,Delhi,Delhi,Central Pollution Control Board,"Residential, Rural and other Areas",10,32,101,335
60,27-03-03,Delhi,Delhi,Central Pollution Control Board,"Residential, Rural and other Areas",10,30,66,261
60,4/2/2003,Delhi,Delhi,Central Pollution Control Board,"Residential, Rural and other Areas",7,36,75,207
60,4/7/2003,Delhi,Delhi,Central Pollution Control Board,"Residential, Rural and other Areas",7,28,160,293
60,4/10/2003,Delhi,Delhi,Central Pollution Control Board,"Residential, Rural and other Areas",9,39,126,363
60,17-04-03,Delhi,Delhi,Central Pollution Control Board,"Residential, Rural and other Areas",9,39,69,305
60,23-04-03,Delhi,Delhi,Central Pollution Control Board,"Residential, Rural and other Areas",10,34,102,312
60,28-04-03,Delhi,Delhi,Central Pollution Control Board,"Residential, Rural and other Areas",9,28,66,265
60,5/2/2003,Delhi,Delhi,Central Pollution Control Board,"Residential, Rural and other Areas",11,31,159,395
60,5/7/2003,Delhi,Delhi,Central Pollution Control Board,"Residential, Rural and other Areas",10,36,111,343
60,5/12/2003,Delhi,Delhi,Central Pollution Control Board,"Residential, Rural and other Areas",8,32,126,440
60,19-05-03,Delhi,Delhi,Central Pollution Control Board,"Residential, Rural and other Areas",9,33,149,646
60,22-05-03,Delhi,Delhi,Central Pollution Control Board,"Residential, Rural and other Areas",8,31,NA,239
60,27-05-03,Delhi,Delhi,Central Pollution Control Board,"Residential, Rural and other Areas",8,27,131,556
60,6/2/2003,Delhi,Delhi,Central Pollution Control Board,"Residential, Rural and other Areas",6,25,104,313
60,6/5/2003,Delhi,Delhi,Central Pollution Control Board,"Residential, Rural and other Areas",9,30,195,NA
60,6/10/2003,Delhi,Delhi,Central Pollution Control Board,"Residential, Rural and other Areas",10,34,312,NA
60,13-06-03,Delhi,Delhi,Central Pollution Control Board,"Residential, Rural and other Areas",7,33,130,247
60,18-06-03,Delhi,Delhi,Central Pollution Control Board,"Residential, Rural and other Areas",9,29,72,231
60,23-06-03,Delhi,Delhi,Central Pollution Control Board,"Residential, Rural and other Areas",10,28,66,182
60,26-06-03,Delhi,Delhi,Central Pollution Control Board,"Residential, Rural and other Areas",9,32,134,474
60,7/2/2003,Delhi,Delhi,Central Pollution Control Board,"Residential, Rural and other Areas",8,29,67,208
60,7/7/2003,Delhi,Delhi,Central Pollution Control Board,"Residential, Rural and other Areas",7,22,NA,133
60,7/10/2003,Delhi,Delhi,Central Pollution Control Board,"Residential, Rural and other Areas",5,14,NA,79
60,15-07-03,Delhi,Delhi,Central Pollution Control Board,"Residential, Rural and other Areas",7,24,NA,96
60,18-07-03,Delhi,Delhi,Central Pollution Control Board,"Residential, Rural and other Areas",5,19,29,89
60,23-07-03,Delhi,Delhi,Central Pollution Control Board,"Residential, Rural and other Areas",10,23,76,137
60,28-07-03,Delhi,Delhi,Central Pollution Control Board,"Residential, Rural and other Areas",8,27,59,110
60,8/1/2003,Delhi,Delhi,Central Pollution Control Board,"Residential, Rural and other Areas",7,26,36,132
60,8/6/2003,Delhi,Delhi,Central Pollution Control Board,"Residential, Rural and other Areas",10,29,20,84
60,8/11/2003,Delhi,Delhi,Central Pollution Control Board,"Residential, Rural and other Areas",7,26,21,85
60,14-08-03,Delhi,Delhi,Central Pollution Control Board,"Residential, Rural and other Areas",NA,NA,13,NA
60,21-08-03,Delhi,Delhi,Central Pollution Control Board,"Residential, Rural and other Areas",9,24,52,98
60,26-08-03,Delhi,Delhi,Central Pollution Control Board,"Residential, Rural and other Areas",12,31,59,188
60,9/1/2003,Delhi,Delhi,Central Pollution Control Board,"Residential, Rural and other Areas",9,32,34,215
60,9/4/2003,Delhi,Delhi,Central Pollution Control Board,"Residential, Rural and other Areas",10,26,NA,113
60,9/9/2003,Delhi,Delhi,Central Pollution Control Board,"Residential, Rural and other Areas",11,38,122,354
60,9/12/2003,Delhi,Delhi,Central Pollution Control Board,"Residential, Rural and other Areas",5,39,93,259
60,17-09-03,Delhi,Delhi,Central Pollution Control Board,"Residential, Rural and other Areas",8,34,36,94
60,22-09-03,Delhi,Delhi,Central Pollution Control Board,"Residential, Rural and other Areas",10,38,37,171
60,25-09-03,Delhi,Delhi,Central Pollution Control Board,"Residential, Rural and other Areas",10,32,48,141
60,10/1/2003,Delhi,Delhi,Central Pollution Control Board,"Residential, Rural and other Areas",11,39,93,384
60,10/7/2003,Delhi,Delhi,Central Pollution Control Board,"Residential, Rural and other Areas",11,42,41,218
60,10/10/2003,Delhi,Delhi,Central Pollution Control Board,"Residential, Rural and other Areas",9,33,103,355
60,15-10-03,Delhi,Delhi,Central Pollution Control Board,"Residential, Rural and other Areas",10,45,102,282
60,20-10-03,Delhi,Delhi,Central Pollution Control Board,"Residential, Rural and other Areas",14,46,162,345
60,23-10-03,Delhi,Delhi,Central Pollution Control Board,"Residential, Rural and other Areas",14,54,256,606
60,28-10-03,Delhi,Delhi,Central Pollution Control Board,"Residential, Rural and other Areas",16,49,164,379
60,11/3/2003,Delhi,Delhi,Central Pollution Control Board,"Residential, Rural and other Areas",10,36,281,411
60,11/6/2003,Delhi,Delhi,Central Pollution Control Board,"Residential, Rural and other Areas",8,39,140,269
60,11/11/2003,Delhi,Delhi,Central Pollution Control Board,"Residential, Rural and other Areas",11,33,114,343
60,14-11-03,Delhi,Delhi,Central Pollution Control Board,"Residential, Rural and other Areas",10,34,148,373
60,19-11-03,Delhi,Delhi,Central Pollution Control Board,"Residential, Rural and other Areas",10,25,132,265
60,24-11-03,Delhi,Delhi,Central Pollution Control Board,"Residential, Rural and other Areas",9,32,125,319
60,12/2/2003,Delhi,Delhi,Central Pollution Control Board,"Residential, Rural and other Areas",8,27,93,285
60,12/5/2003,Delhi,Delhi,Central Pollution Control Board,"Residential, Rural and other Areas",10,28,95,268
60,12/10/2003,Delhi,Delhi,Central Pollution Control Board,"Residential, Rural and other Areas",8,31,93,279
60,15-12-03,Delhi,Delhi,Central Pollution Control Board,"Residential, Rural and other Areas",7,27,51,215
60,18-12-03,Delhi,Delhi,Central Pollution Control Board,"Residential, Rural and other Areas",7,34,64,164
60,23-12-03,Delhi,Delhi,Central Pollution Control Board,"Residential, Rural and other Areas",13,41,221,472
60,29-12-03,Delhi,Delhi,Central Pollution Control Board,"Residential, Rural and other Areas",11,45,289,497
144,1/7/2003,Delhi,Delhi,NA,"Residential, Rural and other Areas",6,34,NA,329
144,1/8/2003,Delhi,Delhi,NA,"Residential, Rural and other Areas",8,50,NA,392
144,14-01-03,Delhi,Delhi,NA,"Residential, Rural and other Areas",6,76,NA,450
144,15-01-03,Delhi,Delhi,NA,"Residential, Rural and other Areas",6,94,NA,625
144,21-01-03,Delhi,Delhi,NA,"Residential, Rural and other Areas",6,69,NA,448
144,22-01-03,Delhi,Delhi,NA,"Residential, Rural and other Areas",6,65,NA,628
144,28-01-03,Delhi,Delhi,NA,"Residential, Rural and other Areas",6,42,NA,143
144,29-01-03,Delhi,Delhi,NA,"Residential, Rural and other Areas",6,48,NA,279
144,2/4/2003,Delhi,Delhi,NA,"Residential, Rural and other Areas",6,32,NA,208
144,2/5/2003,Delhi,Delhi,NA,"Residential, Rural and other Areas",6,39,NA,290
144,2/11/2003,Delhi,Delhi,NA,"Residential, Rural and other Areas",6,81,NA,401
144,2/12/2003,Delhi,Delhi,NA,"Residential, Rural and other Areas",6,65,NA,339
144,18-02-03,Delhi,Delhi,NA,"Residential, Rural and other Areas",8,22,NA,105
144,19-02-03,Delhi,Delhi,NA,"Residential, Rural and other Areas",6,51,NA,285
144,25-02-03,Delhi,Delhi,NA,"Residential, Rural and other Areas",6,45,NA,210
144,26-02-03,Delhi,Delhi,NA,"Residential, Rural and other Areas",6,52,NA,323
144,3/4/2003,Delhi,Delhi,NA,"Residential, Rural and other Areas",6,28,NA,367
144,3/5/2003,Delhi,Delhi,NA,"Residential, Rural and other Areas",6,41,NA,263
144,3/11/2003,Delhi,Delhi,NA,"Residential, Rural and other Areas",6,71,NA,352
144,3/12/2003,Delhi,Delhi,NA,"Residential, Rural and other Areas",11,60,NA,366
144,25-03-03,Delhi,Delhi,NA,"Residential, Rural and other Areas",9,43,NA,291
144,26-03-03,Delhi,Delhi,NA,"Residential, Rural and other Areas",8,40,NA,271
144,28-03-03,Delhi,Delhi,NA,"Residential, Rural and other Areas",8,37,NA,333
144,29-03-03,Delhi,Delhi,NA,"Residential, Rural and other Areas",10,38,NA,256
144,4/1/2003,Delhi,Delhi,NA,"Residential, Rural and other Areas",6,31,NA,346
144,4/2/2003,Delhi,Delhi,NA,"Residential, Rural and other Areas",14,55,NA,361
144,4/7/2003,Delhi,Delhi,NA,"Residential, Rural and other Areas",9,44,NA,320
144,4/8/2003,Delhi,Delhi,NA,"Residential, Rural and other Areas",7,58,NA,305
144,18-04-03,Delhi,Delhi,NA,"Residential, Rural and other Areas",10,53,NA,585
144,19-04-03,Delhi,Delhi,NA,"Residential, Rural and other Areas",12,41,NA,717
144,28-04-03,Delhi,Delhi,NA,"Residential, Rural and other Areas",14,44,NA,317
144,29-04-03,Delhi,Delhi,NA,"Residential, Rural and other Areas",10,51,NA,396
144,5/6/2003,Delhi,Delhi,NA,"Residential, Rural and other Areas",12,63,NA,485
144,5/7/2003,Delhi,Delhi,NA,"Residential, Rural and other Areas",15,65,NA,575
144,5/10/2003,Delhi,Delhi,NA,"Residential, Rural and other Areas",11,64,NA,590
144,5/11/2003,Delhi,Delhi,NA,"Residential, Rural and other Areas",14,38,NA,640
144,16-05-03,Delhi,Delhi,NA,"Residential, Rural and other Areas",7,53,NA,420
144,27-05-03,Delhi,Delhi,NA,"Residential, Rural and other Areas",7,64,NA,995
144,29-05-03,Delhi,Delhi,NA,"Residential, Rural and other Areas",6,43,NA,1294
144,30-05-03,Delhi,Delhi,NA,"Residential, Rural and other Areas",6,43,NA,394
144,6/3/2003,Delhi,Delhi,NA,"Residential, Rural and other Areas",6,28,NA,772
144,6/4/2003,Delhi,Delhi,NA,"Residential, Rural and other Areas",7,26,NA,1465
144,17-06-03,Delhi,Delhi,NA,"Residential, Rural and other Areas",6,23,NA,747
144,18-06-03,Delhi,Delhi,NA,"Residential, Rural and other Areas",6,25,NA,194
144,21-06-03,Delhi,Delhi,NA,"Residential, Rural and other Areas",6,36,NA,197
144,22-06-03,Delhi,Delhi,NA,"Residential, Rural and other Areas",8,24,NA,215
144,25-06-03,Delhi,Delhi,NA,"Residential, Rural and other Areas",6,22,NA,193
144,26-06-03,Delhi,Delhi,NA,"Residential, Rural and other Areas",6,21,NA,397
144,7/1/2003,Delhi,Delhi,NA,"Residential, Rural and other Areas",7,17,NA,380
144,7/2/2003,Delhi,Delhi,NA,"Residential, Rural and other Areas",7,14,NA,251
144,7/8/2003,Delhi,Delhi,NA,"Residential, Rural and other Areas",6,23,NA,127
144,7/9/2003,Delhi,Delhi,NA,"Residential, Rural and other Areas",6,25,NA,89
144,22-07-03,Delhi,Delhi,NA,"Residential, Rural and other Areas",7,26,NA,94
144,23-07-03,Delhi,Delhi,NA,"Residential, Rural and other Areas",6,28,NA,155
144,29-07-03,Delhi,Delhi,NA,"Residential, Rural and other Areas",6,22,NA,162
144,30-07-03,Delhi,Delhi,NA,"Residential, Rural and other Areas",6,19,NA,249
144,8/5/2003,Delhi,Delhi,NA,"Residential, Rural and other Areas",8,39,NA,155
144,8/6/2003,Delhi,Delhi,NA,"Residential, Rural and other Areas",6,45,NA,133
144,8/11/2003,Delhi,Delhi,NA,"Residential, Rural and other Areas",6,32,NA,110
144,8/12/2003,Delhi,Delhi,NA,"Residential, Rural and other Areas",6,31,NA,161
144,19-08-03,Delhi,Delhi,NA,"Residential, Rural and other Areas",6,25,NA,173
144,20-08-03,Delhi,Delhi,NA,"Residential, Rural and other Areas",6,24,NA,206
144,26-08-03,Delhi,Delhi,NA,"Residential, Rural and other Areas",6,29,NA,120
144,27-08-03,Delhi,Delhi,NA,"Residential, Rural and other Areas",7,26,NA,117
144,9/2/2003,Delhi,Delhi,NA,"Residential, Rural and other Areas",6,32,NA,144
144,9/3/2003,Delhi,Delhi,NA,"Residential, Rural and other Areas",7,33,NA,111
144,9/9/2003,Delhi,Delhi,NA,"Residential, Rural and other Areas",6,50,NA,247
144,9/10/2003,Delhi,Delhi,NA,"Residential, Rural and other Areas",6,35,NA,167
144,16-09-03,Delhi,Delhi,NA,"Residential, Rural and other Areas",6,32,NA,114
144,17-09-03,Delhi,Delhi,NA,"Residential, Rural and other Areas",7,29,NA,86
144,23-09-03,Delhi,Delhi,NA,"Residential, Rural and other Areas",6,31,NA,126
144,24-09-03,Delhi,Delhi,NA,"Residential, Rural and other Areas",7,25,NA,131
144,10/7/2003,Delhi,Delhi,NA,"Residential, Rural and other Areas",6,43,NA,322
144,10/8/2003,Delhi,Delhi,NA,"Residential, Rural and other Areas",6,57,NA,428
144,14-10-03,Delhi,Delhi,NA,"Residential, Rural and other Areas",9,54,NA,374
144,15-10-03,Delhi,Delhi,NA,"Residential, Rural and other Areas",10,61,NA,468
144,20-10-03,Delhi,Delhi,NA,"Residential, Rural and other Areas",7,66,NA,761
144,21-10-03,Delhi,Delhi,NA,"Residential, Rural and other Areas",26,62,NA,747
144,28-10-03,Delhi,Delhi,NA,"Residential, Rural and other Areas",6,76,NA,437
144,29-10-03,Delhi,Delhi,NA,"Residential, Rural and other Areas",6,75,NA,529
144,11/4/2003,Delhi,Delhi,NA,"Residential, Rural and other Areas",6,91,NA,562
144,11/5/2003,Delhi,Delhi,NA,"Residential, Rural and other Areas",6,89,NA,525
144,15-11-03,Delhi,Delhi,NA,"Residential, Rural and other Areas",7,62,NA,563
144,16-11-03,Delhi,Delhi,NA,"Residential, Rural and other Areas",11,59,NA,382
144,18-11-03,Delhi,Delhi,NA,"Residential, Rural and other Areas",6,54,NA,326
144,19-11-03,Delhi,Delhi,NA,"Residential, Rural and other Areas",7,69,NA,344
144,28-11-03,Delhi,Delhi,NA,"Residential, Rural and other Areas",9,77,NA,583
144,29-11-03,Delhi,Delhi,NA,"Residential, Rural and other Areas",9,76,NA,539
144,12/6/2003,Delhi,Delhi,NA,"Residential, Rural and other Areas",6,64,NA,505
144,12/7/2003,Delhi,Delhi,NA,"Residential, Rural and other Areas",8,77,NA,613
144,12/9/2003,Delhi,Delhi,NA,"Residential, Rural and other Areas",6,65,NA,526
144,12/10/2003,Delhi,Delhi,NA,"Residential, Rural and other Areas",6,63,NA,439
144,16-12-03,Delhi,Delhi,NA,"Residential, Rural and other Areas",6,42,NA,222
144,17-12-03,Delhi,Delhi,NA,"Residential, Rural and other Areas",6,44,NA,206
144,23-12-03,Delhi,Delhi,NA,"Residential, Rural and other Areas",6,53,NA,516
144,24-12-03,Delhi,Delhi,NA,"Residential, Rural and other Areas",6,36,NA,276
145,3/4/2003,Delhi,Delhi,NA,Industrial Area,23,26,NA,430
145,3/5/2003,Delhi,Delhi,NA,Industrial Area,20,25,NA,356
145,3/11/2003,Delhi,Delhi,NA,Industrial Area,17,45,NA,576
145,3/12/2003,Delhi,Delhi,NA,Industrial Area,27,51,NA,559
145,21-03-03,Delhi,Delhi,NA,Industrial Area,28,58,NA,508
145,22-03-03,Delhi,Delhi,NA,Industrial Area,20,53,NA,584
145,28-03-03,Delhi,Delhi,NA,Industrial Area,14,34,NA,373
145,29-03-03,Delhi,Delhi,NA,Industrial Area,14,34,NA,452
145,4/1/2003,Delhi,Delhi,NA,Industrial Area,10,34,NA,522
145,4/2/2003,Delhi,Delhi,NA,Industrial Area,20,51,NA,528
145,4/7/2003,Delhi,Delhi,NA,Industrial Area,9,49,NA,436
145,4/8/2003,Delhi,Delhi,NA,Industrial Area,15,63,NA,404
145,18-04-03,Delhi,Delhi,NA,Industrial Area,16,42,NA,463
145,19-04-03,Delhi,Delhi,NA,Industrial Area,13,39,NA,568
145,28-04-03,Delhi,Delhi,NA,Industrial Area,22,42,NA,266
145,29-04-03,Delhi,Delhi,NA,Industrial Area,9,51,NA,183
145,5/3/2003,Delhi,Delhi,NA,Industrial Area,10,46,NA,1182
145,5/4/2003,Delhi,Delhi,NA,Industrial Area,26,48,NA,556
145,5/6/2003,Delhi,Delhi,NA,Industrial Area,19,60,NA,557
145,5/7/2003,Delhi,Delhi,NA,Industrial Area,23,64,NA,586
145,23-05-03,Delhi,Delhi,NA,Industrial Area,11,52,NA,371
145,24-05-03,Delhi,Delhi,NA,Industrial Area,16,42,NA,767
145,27-05-03,Delhi,Delhi,NA,Industrial Area,9,56,NA,1067
145,28-05-03,Delhi,Delhi,NA,Industrial Area,6,44,NA,1450
145,6/7/2003,Delhi,Delhi,NA,Industrial Area,6,33,NA,1795
145,6/8/2003,Delhi,Delhi,NA,Industrial Area,6,27,NA,653
145,17-06-03,Delhi,Delhi,NA,Industrial Area,6,35,NA,977
145,18-06-03,Delhi,Delhi,NA,Industrial Area,7,39,NA,265
145,21-06-03,Delhi,Delhi,NA,Industrial Area,7,38,NA,245
145,22-06-03,Delhi,Delhi,NA,Industrial Area,6,27,NA,183
145,25-06-03,Delhi,Delhi,NA,Industrial Area,6,26,NA,218
145,26-06-03,Delhi,Delhi,NA,Industrial Area,7,28,NA,517
145,7/1/2003,Delhi,Delhi,NA,Industrial Area,6,21,NA,521
145,7/2/2003,Delhi,Delhi,NA,Industrial Area,6,27,NA,226
145,7/11/2003,Delhi,Delhi,NA,Industrial Area,6,29,NA,146
145,7/12/2003,Delhi,Delhi,NA,Industrial Area,6,22,NA,149
145,22-07-03,Delhi,Delhi,NA,Industrial Area,5,19,NA,152
145,23-07-03,Delhi,Delhi,NA,Industrial Area,6,22,NA,159
145,29-07-03,Delhi,Delhi,NA,Industrial Area,7,26,NA,212
145,30-07-03,Delhi,Delhi,NA,Industrial Area,7,29,NA,343
145,8/5/2003,Delhi,Delhi,NA,Industrial Area,7,40,NA,186
145,8/6/2003,Delhi,Delhi,NA,Industrial Area,7,40,NA,158
145,8/11/2003,Delhi,Delhi,NA,Industrial Area,12,28,NA,195
145,8/12/2003,Delhi,Delhi,NA,Industrial Area,12,29,NA,197
145,23-08-03,Delhi,Delhi,NA,Industrial Area,15,27,NA,162
145,24-08-03,Delhi,Delhi,NA,Industrial Area,7,24,NA,97
145,26-08-03,Delhi,Delhi,NA,Industrial Area,7,32,NA,109
145,27-08-03,Delhi,Delhi,NA,Industrial Area,6,28,NA,95
145,9/6/2003,Delhi,Delhi,NA,Industrial Area,7,31,NA,126
145,9/7/2003,Delhi,Delhi,NA,Industrial Area,13,25,NA,164
145,9/9/2003,Delhi,Delhi,NA,Industrial Area,11,43,NA,338
145,9/10/2003,Delhi,Delhi,NA,Industrial Area,12,31,NA,232
145,16-09-03,Delhi,Delhi,NA,Industrial Area,10,33,NA,194
145,17-09-03,Delhi,Delhi,NA,Industrial Area,7,29,NA,132
145,23-09-03,Delhi,Delhi,NA,Industrial Area,6,30,NA,146
145,24-09-03,Delhi,Delhi,NA,Industrial Area,9,27,NA,156
145,10/11/2003,Delhi,Delhi,NA,Industrial Area,33,49,NA,563
145,10/12/2003,Delhi,Delhi,NA,Industrial Area,33,48,NA,526
145,14-10-03,Delhi,Delhi,NA,Industrial Area,27,65,NA,547
145,15-10-03,Delhi,Delhi,NA,Industrial Area,25,59,NA,700
145,20-10-03,Delhi,Delhi,NA,Industrial Area,25,65,NA,613
145,21-10-03,Delhi,Delhi,NA,Industrial Area,17,63,NA,714
145,28-10-03,Delhi,Delhi,NA,Industrial Area,18,73,NA,555
145,29-10-03,Delhi,Delhi,NA,Industrial Area,23,58,NA,603
145,11/4/2003,Delhi,Delhi,NA,Industrial Area,7,94,NA,616
145,11/5/2003,Delhi,Delhi,NA,Industrial Area,9,103,NA,510
145,11/11/2003,Delhi,Delhi,NA,Industrial Area,13,77,NA,695
145,11/12/2003,Delhi,Delhi,NA,Industrial Area,10,82,NA,685
145,18-11-03,Delhi,Delhi,NA,Industrial Area,15,41,NA,529
145,19-11-03,Delhi,Delhi,NA,Industrial Area,22,45,NA,477
145,25-11-03,Delhi,Delhi,NA,Industrial Area,24,64,NA,600
145,26-11-03,Delhi,Delhi,NA,Industrial Area,26,72,NA,658
145,12/3/2003,Delhi,Delhi,NA,Industrial Area,13,82,NA,922
145,12/4/2003,Delhi,Delhi,NA,Industrial Area,9,89,NA,982
145,12/9/2003,Delhi,Delhi,NA,Industrial Area,6,58,NA,429
145,12/10/2003,Delhi,Delhi,NA,Industrial Area,13,71,NA,447
145,16-12-03,Delhi,Delhi,NA,Industrial Area,11,51,NA,311
145,17-12-03,Delhi,Delhi,NA,Industrial Area,6,52,NA,310
145,27-12-03,Delhi,Delhi,NA,Industrial Area,18,54,NA,505
145,28-12-03,Delhi,Delhi,NA,Industrial Area,12,52,NA,489
146,1/7/2003,Delhi,Delhi,NA,"Residential, Rural and other Areas",6,43,NA,334
146,1/8/2003,Delhi,Delhi,NA,"Residential, Rural and other Areas",14,56,NA,469
146,14-01-03,Delhi,Delhi,NA,"Residential, Rural and other Areas",6,119,NA,505
146,15-01-03,Delhi,Delhi,NA,"Residential, Rural and other Areas",7,120,NA,721
146,21-01-03,Delhi,Delhi,NA,"Residential, Rural and other Areas",6,78,NA,705
146,22-01-03,Delhi,Delhi,NA,"Residential, Rural and other Areas",7,93,NA,800
146,28-01-03,Delhi,Delhi,NA,"Residential, Rural and other Areas",7,57,NA,257
146,29-01-03,Delhi,Delhi,NA,"Residential, Rural and other Areas",6,53,NA,437
146,2/4/2003,Delhi,Delhi,NA,"Residential, Rural and other Areas",10,76,NA,387
146,2/5/2003,Delhi,Delhi,NA,"Residential, Rural and other Areas",11,54,NA,454
146,2/11/2003,Delhi,Delhi,NA,"Residential, Rural and other Areas",13,76,NA,590
146,2/12/2003,Delhi,Delhi,NA,"Residential, Rural and other Areas",6,72,NA,415
146,18-02-03,Delhi,Delhi,NA,"Residential, Rural and other Areas",6,27,NA,162
146,19-02-03,Delhi,Delhi,NA,"Residential, Rural and other Areas",14,58,NA,435
146,25-02-03,Delhi,Delhi,NA,"Residential, Rural and other Areas",10,47,NA,335
146,26-02-03,Delhi,Delhi,NA,"Residential, Rural and other Areas",17,58,NA,475
146,3/4/2003,Delhi,Delhi,NA,"Residential, Rural and other Areas",7,33,NA,388
146,3/5/2003,Delhi,Delhi,NA,"Residential, Rural and other Areas",11,64,NA,363
146,3/11/2003,Delhi,Delhi,NA,"Residential, Rural and other Areas",17,81,NA,559
146,3/12/2003,Delhi,Delhi,NA,"Residential, Rural and other Areas",26,77,NA,513
146,21-03-03,Delhi,Delhi,NA,"Residential, Rural and other Areas",23,64,NA,454
146,22-03-03,Delhi,Delhi,NA,"Residential, Rural and other Areas",24,80,NA,533
146,25-03-03,Delhi,Delhi,NA,"Residential, Rural and other Areas",24,54,NA,403
146,26-03-03,Delhi,Delhi,NA,"Residential, Rural and other Areas",17,66,NA,422
146,4/1/2003,Delhi,Delhi,NA,"Residential, Rural and other Areas",7,35,NA,351
146,4/2/2003,Delhi,Delhi,NA,"Residential, Rural and other Areas",27,64,NA,512
146,4/7/2003,Delhi,Delhi,NA,"Residential, Rural and other Areas",14,56,NA,406
146,4/8/2003,Delhi,Delhi,NA,"Residential, Rural and other Areas",16,61,NA,570
146,23-04-03,Delhi,Delhi,NA,"Residential, Rural and other Areas",14,58,NA,657
146,24-04-03,Delhi,Delhi,NA,"Residential, Rural and other Areas",23,86,NA,737
146,28-04-03,Delhi,Delhi,NA,"Residential, Rural and other Areas",24,67,NA,442
146,29-04-03,Delhi,Delhi,NA,"Residential, Rural and other Areas",16,62,NA,423
146,5/6/2003,Delhi,Delhi,NA,"Residential, Rural and other Areas",18,47,NA,636
146,13-05-03,Delhi,Delhi,NA,"Residential, Rural and other Areas",6,43,NA,906
146,14-05-03,Delhi,Delhi,NA,"Residential, Rural and other Areas",9,50,NA,464
146,23-05-03,Delhi,Delhi,NA,"Residential, Rural and other Areas",22,64,NA,445
146,24-05-03,Delhi,Delhi,NA,"Residential, Rural and other Areas",12,51,NA,678
146,27-05-03,Delhi,Delhi,NA,"Residential, Rural and other Areas",6,71,NA,946
146,28-05-03,Delhi,Delhi,NA,"Residential, Rural and other Areas",6,49,NA,1235
146,30-05-03,Delhi,Delhi,NA,"Residential, Rural and other Areas",6,55,NA,471
146,6/3/2003,Delhi,Delhi,NA,"Residential, Rural and other Areas",6,39,NA,838
146,6/4/2003,Delhi,Delhi,NA,"Residential, Rural and other Areas",7,31,NA,1560
146,17-06-03,Delhi,Delhi,NA,"Residential, Rural and other Areas",6,34,NA,791
146,18-06-03,Delhi,Delhi,NA,"Residential, Rural and other Areas",6,34,NA,289
146,25-06-03,Delhi,Delhi,NA,"Residential, Rural and other Areas",6,35,NA,282
146,26-06-03,Delhi,Delhi,NA,"Residential, Rural and other Areas",7,28,NA,490
146,27-06-03,Delhi,Delhi,NA,"Residential, Rural and other Areas",7,44,NA,336
146,28-06-03,Delhi,Delhi,NA,"Residential, Rural and other Areas",7,45,NA,837
146,7/1/2003,Delhi,Delhi,NA,"Residential, Rural and other Areas",6,25,NA,561
146,7/2/2003,Delhi,Delhi,NA,"Residential, Rural and other Areas",8,21,NA,317
146,7/8/2003,Delhi,Delhi,NA,"Residential, Rural and other Areas",7,43,NA,260
146,7/9/2003,Delhi,Delhi,NA,"Residential, Rural and other Areas",6,30,NA,119
146,22-07-03,Delhi,Delhi,NA,"Residential, Rural and other Areas",8,31,NA,212
146,23-07-03,Delhi,Delhi,NA,"Residential, Rural and other Areas",8,38,NA,254
146,29-07-03,Delhi,Delhi,NA,"Residential, Rural and other Areas",6,21,NA,220
146,30-07-03,Delhi,Delhi,NA,"Residential, Rural and other Areas",6,20,NA,356
146,8/5/2003,Delhi,Delhi,NA,"Residential, Rural and other Areas",6,58,NA,401
146,8/6/2003,Delhi,Delhi,NA,"Residential, Rural and other Areas",7,74,NA,313
146,16-08-03,Delhi,Delhi,NA,"Residential, Rural and other Areas",8,39,NA,114
146,17-08-03,Delhi,Delhi,NA,"Residential, Rural and other Areas",6,24,NA,212
146,19-08-03,Delhi,Delhi,NA,"Residential, Rural and other Areas",6,31,NA,257
146,20-08-03,Delhi,Delhi,NA,"Residential, Rural and other Areas",8,38,NA,302
146,26-08-03,Delhi,Delhi,NA,"Residential, Rural and other Areas",7,47,NA,184
146,27-08-03,Delhi,Delhi,NA,"Residential, Rural and other Areas",9,31,NA,204
146,9/2/2003,Delhi,Delhi,NA,"Residential, Rural and other Areas",8,33,NA,258
146,9/3/2003,Delhi,Delhi,NA,"Residential, Rural and other Areas",9,32,NA,159
146,9/9/2003,Delhi,Delhi,NA,"Residential, Rural and other Areas",8,58,NA,435
146,9/10/2003,Delhi,Delhi,NA,"Residential, Rural and other Areas",9,40,NA,307
146,16-09-03,Delhi,Delhi,NA,"Residential, Rural and other Areas",8,40,NA,221
146,17-09-03,Delhi,Delhi,NA,"Residential, Rural and other Areas",8,39,NA,174
146,23-09-03,Delhi,Delhi,NA,"Residential, Rural and other Areas",7,40,NA,146
146,24-09-03,Delhi,Delhi,NA,"Residential, Rural and other Areas",9,35,NA,156
146,10/7/2003,Delhi,Delhi,NA,"Residential, Rural and other Areas",18,64,NA,497
146,10/8/2003,Delhi,Delhi,NA,"Residential, Rural and other Areas",18,80,NA,654
146,14-10-03,Delhi,Delhi,NA,"Residential, Rural and other Areas",16,59,NA,679
146,15-10-03,Delhi,Delhi,NA,"Residential, Rural and other Areas",19,52,NA,732
146,20-10-03,Delhi,Delhi,NA,"Residential, Rural and other Areas",16,72,NA,724
146,21-10-03,Delhi,Delhi,NA,"Residential, Rural and other Areas",18,86,NA,849
146,28-10-03,Delhi,Delhi,NA,"Residential, Rural and other Areas",10,96,NA,563
146,29-10-03,Delhi,Delhi,NA,"Residential, Rural and other Areas",16,92,NA,760
146,11/4/2003,Delhi,Delhi,NA,"Residential, Rural and other Areas",18,107,NA,893
146,11/5/2003,Delhi,Delhi,NA,"Residential, Rural and other Areas",20,104,NA,684
146,11/11/2003,Delhi,Delhi,NA,"Residential, Rural and other Areas",19,128,NA,934
146,11/12/2003,Delhi,Delhi,NA,"Residential, Rural and other Areas",18,136,NA,980
146,18-11-03,Delhi,Delhi,NA,"Residential, Rural and other Areas",12,68,NA,492
146,19-11-03,Delhi,Delhi,NA,"Residential, Rural and other Areas",12,69,NA,524
146,25-11-03,Delhi,Delhi,NA,"Residential, Rural and other Areas",10,47,NA,555
146,26-11-03,Delhi,Delhi,NA,"Residential, Rural and other Areas",21,83,NA,834
146,12/3/2003,Delhi,Delhi,NA,"Residential, Rural and other Areas",16,117,NA,924
146,12/4/2003,Delhi,Delhi,NA,"Residential, Rural and other Areas",14,102,NA,869
146,12/9/2003,Delhi,Delhi,NA,"Residential, Rural and other Areas",8,67,NA,466
146,12/10/2003,Delhi,Delhi,NA,"Residential, Rural and other Areas",18,76,NA,606
146,16-12-03,Delhi,Delhi,NA,"Residential, Rural and other Areas",6,43,NA,321
146,17-12-03,Delhi,Delhi,NA,"Residential, Rural and other Areas",6,50,NA,329
146,23-12-03,Delhi,Delhi,NA,"Residential, Rural and other Areas",15,77,NA,757
146,24-12-03,Delhi,Delhi,NA,"Residential, Rural and other Areas",6,67,NA,464
