Stn Code,Sampling Date,State,City/Town/Village/Area,Location of Monitoring Station,Agency,Type of Location,SO2,NO2,RSPM/PM10,SPM
65,1/3/2012,Chhattisgarh,Bhilai,"Visak Hostel, Sector-4, Bhilai",Chattisgarh Environment Conservation Board,"Residential, Rural and other Areas",10,22,94,NA
65,1/6/2012,Chhattisgarh,Bhilai,"Visak Hostel, Sector-4, Bhilai",Chattisgarh Environment Conservation Board,"Residential, Rural and other Areas",12,24,97,NA
65,1/10/2012,Chhattisgarh,Bhilai,"Visak Hostel, Sector-4, Bhilai",Chattisgarh Environment Conservation Board,"Residential, Rural and other Areas",10,22,95,NA
65,13/01/2012,Chhattisgarh,Bhilai,"Visak Hostel, Sector-4, Bhilai",Chattisgarh Environment Conservation Board,"Residential, Rural and other Areas",11,22,94,NA
65,17/01/2012,Chhattisgarh,Bhilai,"Visak Hostel, Sector-4, Bhilai",Chattisgarh Environment Conservation Board,"Residential, Rural and other Areas",11,46,92,NA
65,20/01/2012,Chhattisgarh,Bhilai,"Visak Hostel, Sector-4, Bhilai",Chattisgarh Environment Conservation Board,"Residential, Rural and other Areas",9,23,91,NA
65,24/01/2012,Chhattisgarh,Bhilai,"Visak Hostel, Sector-4, Bhilai",Chattisgarh Environment Conservation Board,"Residential, Rural and other Areas",9,22,89,NA
65,27/01/2012,Chhattisgarh,Bhilai,"Visak Hostel, Sector-4, Bhilai",Chattisgarh Environment Conservation Board,"Residential, Rural and other Areas",10,21,102,NA
65,31/01/2012,Chhattisgarh,Bhilai,"Visak Hostel, Sector-4, Bhilai",Chattisgarh Environment Conservation Board,"Residential, Rural and other Areas",10,23,97,NA
65,2/3/2012,Chhattisgarh,Bhilai,"Visak Hostel, Sector-4, Bhilai",Chattisgarh Environment Conservation Board,"Residential, Rural and other Areas",10,22,86,NA
65,2/7/2012,Chhattisgarh,Bhilai,"Visak Hostel, Sector-4, Bhilai",Chattisgarh Environment Conservation Board,"Residential, Rural and other Areas",9,21,90,NA
65,2/10/2012,Chhattisgarh,Bhilai,"Visak Hostel, Sector-4, Bhilai",Chattisgarh Environment Conservation Board,"Residential, Rural and other Areas",11,23,85,NA
65,14/02/2012,Chhattisgarh,Bhilai,"Visak Hostel, Sector-4, Bhilai",Chattisgarh Environment Conservation Board,"Residential, Rural and other Areas",10,22,86,NA
65,17/02/2012,Chhattisgarh,Bhilai,"Visak Hostel, Sector-4, Bhilai",Chattisgarh Environment Conservation Board,"Residential, Rural and other Areas",9,21,89,NA
65,21/02/2012,Chhattisgarh,Bhilai,"Visak Hostel, Sector-4, Bhilai",Chattisgarh Environment Conservation Board,"Residential, Rural and other Areas",10,22,91,NA
65,24/02/2012,Chhattisgarh,Bhilai,"Visak Hostel, Sector-4, Bhilai",Chattisgarh Environment Conservation Board,"Residential, Rural and other Areas",9,21,92,NA
65,28/02/2012,Chhattisgarh,Bhilai,"Visak Hostel, Sector-4, Bhilai",Chattisgarh Environment Conservation Board,"Residential, Rural and other Areas",9,22,93,NA
65,3/2/2012,Chhattisgarh,Bhilai,"Visak Hostel, Sector-4, Bhilai",Chattisgarh Environment Conservation Board,"Residential, Rural and other Areas",10,22,90,NA
65,3/6/2012,Chhattisgarh,Bhilai,"Visak Hostel, Sector-4, Bhilai",Chattisgarh Environment Conservation Board,"Residential, Rural and other Areas",11,23,92,NA
65,3/9/2012,Chhattisgarh,Bhilai,"Visak Hostel, Sector-4, Bhilai",Chattisgarh Environment Conservation Board,"Residential, Rural and other Areas",10,21,91,NA
65,13/03/2012,Chhattisgarh,Bhilai,"Visak Hostel, Sector-4, Bhilai",Chattisgarh Environment Conservation Board,"Residential, Rural and other Areas",9,20,94,NA
65,16/03/2012,Chhattisgarh,Bhilai,"Visak Hostel, Sector-4, Bhilai",Chattisgarh Environment Conservation Board,"Residential, Rural and other Areas",10,21,90,NA
65,20/03/2012,Chhattisgarh,Bhilai,"Visak Hostel, Sector-4, Bhilai",Chattisgarh Environment Conservation Board,"Residential, Rural and other Areas",9,20,93,NA
65,23/03/2012,Chhattisgarh,Bhilai,"Visak Hostel, Sector-4, Bhilai",Chattisgarh Environment Conservation Board,"Residential, Rural and other Areas",10,23,89,NA
65,27/03/2012,Chhattisgarh,Bhilai,"Visak Hostel, Sector-4, Bhilai",Chattisgarh Environment Conservation Board,"Residential, Rural and other Areas",10,22,93,NA
65,30/03/2012,Chhattisgarh,Bhilai,"Visak Hostel, Sector-4, Bhilai",Chattisgarh Environment Conservation Board,"Residential, Rural and other Areas",10,22,91,NA
65,4/3/2012,Chhattisgarh,Bhilai,"Visak Hostel, Sector-4, Bhilai",Chattisgarh Environment Conservation Board,"Residential, Rural and other Areas",10,22,91,NA
65,4/10/2012,Chhattisgarh,Bhilai,"Visak Hostel, Sector-4, Bhilai",Chattisgarh Environment Conservation Board,"Residential, Rural and other Areas",11,23,87,NA
65,13/04/2012,Chhattisgarh,Bhilai,"Visak Hostel, Sector-4, Bhilai",Chattisgarh Environment Conservation Board,"Residential, Rural and other Areas",10,22,81,NA
65,17/04/2012,Chhattisgarh,Bhilai,"Visak Hostel, Sector-4, Bhilai",Chattisgarh Environment Conservation Board,"Residential, Rural and other Areas",9,21,83,NA
65,20/04/2012,Chhattisgarh,Bhilai,"Visak Hostel, Sector-4, Bhilai",Chattisgarh Environment Conservation Board,"Residential, Rural and other Areas",10,22,86,NA
65,24/04/2012,Chhattisgarh,Bhilai,"Visak Hostel, Sector-4, Bhilai",Chattisgarh Environment Conservation Board,"Residential, Rural and other Areas",9,21,87,NA
65,27/04/2012,Chhattisgarh,Bhilai,"Visak Hostel, Sector-4, Bhilai",Chattisgarh Environment Conservation Board,"Residential, Rural and other Areas",10,21,91,NA
65,5/1/2012,Chhattisgarh,Bhilai,"Visak Hostel, Sector-4, Bhilai",Chattisgarh Environment Conservation Board,"Residential, Rural and other Areas",9,20,90,NA
65,5/4/2012,Chhattisgarh,Bhilai,"Visak Hostel, Sector-4, Bhilai",Chattisgarh Environment Conservation Board,"Residential, Rural and other Areas",10,22,89,NA
65,5/8/2012,Chhattisgarh,Bhilai,"Visak Hostel, Sector-4, Bhilai",Chattisgarh Environment Conservation Board,"Residential, Rural and other Areas",9,21,93,NA
65,5/11/2012,Chhattisgarh,Bhilai,"Visak Hostel, Sector-4, Bhilai",Chattisgarh Environment Conservation Board,"Residential, Rural and other Areas",10,22,93,NA
65,15/05/2012,Chhattisgarh,Bhilai,"Visak Hostel, Sector-4, Bhilai",Chattisgarh Environment Conservation Board,"Residential, Rural and other Areas",10,21,88,NA
65,18/05/2012,Chhattisgarh,Bhilai,"Visak Hostel, Sector-4, Bhilai",Chattisgarh Environment Conservation Board,"Residential, Rural and other Areas",9,20,89,NA
65,22/05/2012,Chhattisgarh,Bhilai,"Visak Hostel, Sector-4, Bhilai",Chattisgarh Environment Conservation Board,"Residential, Rural and other Areas",10,22,89,NA
65,25/05/2012,Chhattisgarh,Bhilai,"Visak Hostel, Sector-4, Bhilai",Chattisgarh Environment Conservation Board,"Residential, Rural and other Areas",9,20,89,NA
65,29/05/2012,Chhattisgarh,Bhilai,"Visak Hostel, Sector-4, Bhilai",Chattisgarh Environment Conservation Board,"Residential, Rural and other Areas",10,21,89,NA
65,6/1/2012,Chhattisgarh,Bhilai,"Visak Hostel, Sector-4, Bhilai",Chattisgarh Environment Conservation Board,"Residential, Rural and other Areas",9,20,88,NA
65,6/8/2012,Chhattisgarh,Bhilai,"Visak Hostel, Sector-4, Bhilai",Chattisgarh Environment Conservation Board,"Residential, Rural and other Areas",11,22,84,NA
65,6/12/2012,Chhattisgarh,Bhilai,"Visak Hostel, Sector-4, Bhilai",Chattisgarh Environment Conservation Board,"Residential, Rural and other Areas",10,20,87,NA
65,15/06/2012,Chhattisgarh,Bhilai,"Visak Hostel, Sector-4, Bhilai",Chattisgarh Environment Conservation Board,"Residential, Rural and other Areas",9,18,89,NA
65,22/06/2012,Chhattisgarh,Bhilai,"Visak Hostel, Sector-4, Bhilai",Chattisgarh Environment Conservation Board,"Residential, Rural and other Areas",10,22,74,NA
65,26/06/2012,Chhattisgarh,Bhilai,"Visak Hostel, Sector-4, Bhilai",Chattisgarh Environment Conservation Board,"Residential, Rural and other Areas",10,21,85,NA
65,29/06/2012,Chhattisgarh,Bhilai,"Visak Hostel, Sector-4, Bhilai",Chattisgarh Environment Conservation Board,"Residential, Rural and other Areas",9,20,83,NA
65,7/3/2012,Chhattisgarh,Bhilai,"Visak Hostel, Sector-4, Bhilai",Chattisgarh Environment Conservation Board,"Residential, Rural and other Areas",9,20,83,NA
65,13/07/2012,Chhattisgarh,Bhilai,"Visak Hostel, Sector-4, Bhilai",Chattisgarh Environment Conservation Board,"Residential, Rural and other Areas",19,92,NA,NA
65,7/7/2012,Chhattisgarh,Bhilai,"Visak Hostel, Sector-4, Bhilai",Chattisgarh Environment Conservation Board,"Residential, Rural and other Areas",9,17,88,NA
65,20/07/2012,Chhattisgarh,Bhilai,"Visak Hostel, Sector-4, Bhilai",Chattisgarh Environment Conservation Board,"Residential, Rural and other Areas",NA,NA,NA,NA
65,24/07/2012,Chhattisgarh,Bhilai,"Visak Hostel, Sector-4, Bhilai",Chattisgarh Environment Conservation Board,"Residential, Rural and other Areas",10,NA,80,NA
65,14/08/2012,Chhattisgarh,Bhilai,"Visak Hostel, Sector-4, Bhilai",Chattisgarh Environment Conservation Board,"Residential, Rural and other Areas",9,20,81,NA
65,17/08/2012,Chhattisgarh,Bhilai,"Visak Hostel, Sector-4, Bhilai",Chattisgarh Environment Conservation Board,"Residential, Rural and other Areas",9,20,80,NA
65,21/08/2012,Chhattisgarh,Bhilai,"Visak Hostel, Sector-4, Bhilai",Chattisgarh Environment Conservation Board,"Residential, Rural and other Areas",9,19,78,NA
65,24/08/2012,Chhattisgarh,Bhilai,"Visak Hostel, Sector-4, Bhilai",Chattisgarh Environment Conservation Board,"Residential, Rural and other Areas",9,20,61,NA
65,28/08/2012,Chhattisgarh,Bhilai,"Visak Hostel, Sector-4, Bhilai",Chattisgarh Environment Conservation Board,"Residential, Rural and other Areas",9,20,81,NA
65,31/08/2012,Chhattisgarh,Bhilai,"Visak Hostel, Sector-4, Bhilai",Chattisgarh Environment Conservation Board,"Residential, Rural and other Areas",9,20,81,NA
65,9/7/2012,Chhattisgarh,Bhilai,"Visak Hostel, Sector-4, Bhilai",Chattisgarh Environment Conservation Board,"Residential, Rural and other Areas",9,20,81,NA
65,9/11/2012,Chhattisgarh,Bhilai,"Visak Hostel, Sector-4, Bhilai",Chattisgarh Environment Conservation Board,"Residential, Rural and other Areas",9,20,81,NA
65,14/09/2012,Chhattisgarh,Bhilai,"Visak Hostel, Sector-4, Bhilai",Chattisgarh Environment Conservation Board,"Residential, Rural and other Areas",9,20,81,NA
65,18/09/2012,Chhattisgarh,Bhilai,"Visak Hostel, Sector-4, Bhilai",Chattisgarh Environment Conservation Board,"Residential, Rural and other Areas",10,20,80,NA
65,19/09/2012,Chhattisgarh,Bhilai,"Visak Hostel, Sector-4, Bhilai",Chattisgarh Environment Conservation Board,"Residential, Rural and other Areas",10,20,92,NA
65,21/09/2012,Chhattisgarh,Bhilai,"Visak Hostel, Sector-4, Bhilai",Chattisgarh Environment Conservation Board,"Residential, Rural and other Areas",10,19,82,NA
65,25/09/2012,Chhattisgarh,Bhilai,"Visak Hostel, Sector-4, Bhilai",Chattisgarh Environment Conservation Board,"Residential, Rural and other Areas",9,19,82,NA
65,28/09/2012,Chhattisgarh,Bhilai,"Visak Hostel, Sector-4, Bhilai",Chattisgarh Environment Conservation Board,"Residential, Rural and other Areas",10,20,83,NA
65,10/5/2012,Chhattisgarh,Bhilai,"Visak Hostel, Sector-4, Bhilai",Chattisgarh Environment Conservation Board,"Residential, Rural and other Areas",8,23,89,NA
65,10/9/2012,Chhattisgarh,Bhilai,"Visak Hostel, Sector-4, Bhilai",Chattisgarh Environment Conservation Board,"Residential, Rural and other Areas",9,23,88,NA
65,10/12/2012,Chhattisgarh,Bhilai,"Visak Hostel, Sector-4, Bhilai",Chattisgarh Environment Conservation Board,"Residential, Rural and other Areas",9,22,84,NA
65,16/10/2012,Chhattisgarh,Bhilai,"Visak Hostel, Sector-4, Bhilai",Chattisgarh Environment Conservation Board,"Residential, Rural and other Areas",8,23,88,NA
65,19/10/2012,Chhattisgarh,Bhilai,"Visak Hostel, Sector-4, Bhilai",Chattisgarh Environment Conservation Board,"Residential, Rural and other Areas",8,23,89,NA
65,23/10/2012,Chhattisgarh,Bhilai,"Visak Hostel, Sector-4, Bhilai",Chattisgarh Environment Conservation Board,"Residential, Rural and other Areas",9,22,89,NA
65,26/10/2012,Chhattisgarh,Bhilai,"Visak Hostel, Sector-4, Bhilai",Chattisgarh Environment Conservation Board,"Residential, Rural and other Areas",8,23,88,NA
65,30/10/2012,Chhattisgarh,Bhilai,"Visak Hostel, Sector-4, Bhilai",Chattisgarh Environment Conservation Board,"Residential, Rural and other Areas",9,22,89,NA
65,11/2/2012,Chhattisgarh,Bhilai,"Visak Hostel, Sector-4, Bhilai",Chattisgarh Environment Conservation Board,"Residential, Rural and other Areas",9,21,91,NA
65,11/6/2012,Chhattisgarh,Bhilai,"Visak Hostel, Sector-4, Bhilai",Chattisgarh Environment Conservation Board,"Residential, Rural and other Areas",11,23,91,NA
65,11/9/2012,Chhattisgarh,Bhilai,"Visak Hostel, Sector-4, Bhilai",Chattisgarh Environment Conservation Board,"Residential, Rural and other Areas",9,21,88,NA
65,16/11/2012,Chhattisgarh,Bhilai,"Visak Hostel, Sector-4, Bhilai",Chattisgarh Environment Conservation Board,"Residential, Rural and other Areas",10,22,100,NA
65,20/11/2012,Chhattisgarh,Bhilai,"Visak Hostel, Sector-4, Bhilai",Chattisgarh Environment Conservation Board,"Residential, Rural and other Areas",9,21,89,NA
65,23/11/2012,Chhattisgarh,Bhilai,"Visak Hostel, Sector-4, Bhilai",Chattisgarh Environment Conservation Board,"Residential, Rural and other Areas",10,22,96,NA
65,27/11/2012,Chhattisgarh,Bhilai,"Visak Hostel, Sector-4, Bhilai",Chattisgarh Environment Conservation Board,"Residential, Rural and other Areas",10,22,95,NA
65,30/11/2012,Chhattisgarh,Bhilai,"Visak Hostel, Sector-4, Bhilai",Chattisgarh Environment Conservation Board,"Residential, Rural and other Areas",9,22,91,NA
65,12/4/2012,Chhattisgarh,Bhilai,"Visak Hostel, Sector-4, Bhilai",Chattisgarh Environment Conservation Board,"Residential, Rural and other Areas",10,23,93,NA
65,12/7/2012,Chhattisgarh,Bhilai,"Visak Hostel, Sector-4, Bhilai",Chattisgarh Environment Conservation Board,"Residential, Rural and other Areas",9,21,93,NA
65,12/11/2012,Chhattisgarh,Bhilai,"Visak Hostel, Sector-4, Bhilai",Chattisgarh Environment Conservation Board,"Residential, Rural and other Areas",10,22,93,NA
65,14/12/2012,Chhattisgarh,Bhilai,"Visak Hostel, Sector-4, Bhilai",Chattisgarh Environment Conservation Board,"Residential, Rural and other Areas",11,23,93,NA
65,21/12/2012,Chhattisgarh,Bhilai,"Visak Hostel, Sector-4, Bhilai",Chattisgarh Environment Conservation Board,"Residential, Rural and other Areas",11,23,96,NA
65,28/12/2012,Chhattisgarh,Bhilai,"Visak Hostel, Sector-4, Bhilai",Chattisgarh Environment Conservation Board,"Residential, Rural and other Areas",11,23,94,NA
67,1/2/2012,Chhattisgarh,Bhilai,"R.O., 5/32 Banglow Office Building, Bhilai",Chattisgarh Environment Conservation Board,"Residential, Rural and other Areas",5,17,72,NA
67,1/5/2012,Chhattisgarh,Bhilai,"R.O., 5/32 Banglow Office Building, Bhilai",Chattisgarh Environment Conservation Board,"Residential, Rural and other Areas",5,15,73,NA
67,1/9/2012,Chhattisgarh,Bhilai,"R.O., 5/32 Banglow Office Building, Bhilai",Chattisgarh Environment Conservation Board,"Residential, Rural and other Areas",6,16,72,NA
67,1/12/2012,Chhattisgarh,Bhilai,"R.O., 5/32 Banglow Office Building, Bhilai",Chattisgarh Environment Conservation Board,"Residential, Rural and other Areas",5,14,73,NA
67,16/01/2012,Chhattisgarh,Bhilai,"R.O., 5/32 Banglow Office Building, Bhilai",Chattisgarh Environment Conservation Board,"Residential, Rural and other Areas",5,15,73,NA
67,19/01/2012,Chhattisgarh,Bhilai,"R.O., 5/32 Banglow Office Building, Bhilai",Chattisgarh Environment Conservation Board,"Residential, Rural and other Areas",5,15,69,NA
67,23/01/2012,Chhattisgarh,Bhilai,"R.O., 5/32 Banglow Office Building, Bhilai",Chattisgarh Environment Conservation Board,"Residential, Rural and other Areas",3,18,71,NA
67,30/01/2012,Chhattisgarh,Bhilai,"R.O., 5/32 Banglow Office Building, Bhilai",Chattisgarh Environment Conservation Board,"Residential, Rural and other Areas",5,16,74,NA
67,2/2/2012,Chhattisgarh,Bhilai,"R.O., 5/32 Banglow Office Building, Bhilai",Chattisgarh Environment Conservation Board,"Residential, Rural and other Areas",6,17,74,NA
67,2/6/2012,Chhattisgarh,Bhilai,"R.O., 5/32 Banglow Office Building, Bhilai",Chattisgarh Environment Conservation Board,"Residential, Rural and other Areas",5,15,73,NA
67,2/9/2012,Chhattisgarh,Bhilai,"R.O., 5/32 Banglow Office Building, Bhilai",Chattisgarh Environment Conservation Board,"Residential, Rural and other Areas",5,17,69,NA
67,13/02/2012,Chhattisgarh,Bhilai,"R.O., 5/32 Banglow Office Building, Bhilai",Chattisgarh Environment Conservation Board,"Residential, Rural and other Areas",4,15,69,NA
67,16/02/2012,Chhattisgarh,Bhilai,"R.O., 5/32 Banglow Office Building, Bhilai",Chattisgarh Environment Conservation Board,"Residential, Rural and other Areas",6,16,67,NA
67,23/02/2012,Chhattisgarh,Bhilai,"R.O., 5/32 Banglow Office Building, Bhilai",Chattisgarh Environment Conservation Board,"Residential, Rural and other Areas",6,17,69,NA
67,27/02/2012,Chhattisgarh,Bhilai,"R.O., 5/32 Banglow Office Building, Bhilai",Chattisgarh Environment Conservation Board,"Residential, Rural and other Areas",6,17,68,NA
67,3/1/2012,Chhattisgarh,Bhilai,"R.O., 5/32 Banglow Office Building, Bhilai",Chattisgarh Environment Conservation Board,"Residential, Rural and other Areas",5,14,65,NA
67,3/5/2012,Chhattisgarh,Bhilai,"R.O., 5/32 Banglow Office Building, Bhilai",Chattisgarh Environment Conservation Board,"Residential, Rural and other Areas",6,16,63,NA
67,3/12/2012,Chhattisgarh,Bhilai,"R.O., 5/32 Banglow Office Building, Bhilai",Chattisgarh Environment Conservation Board,"Residential, Rural and other Areas",5,15,62,NA
67,15/03/2012,Chhattisgarh,Bhilai,"R.O., 5/32 Banglow Office Building, Bhilai",Chattisgarh Environment Conservation Board,"Residential, Rural and other Areas",4,14,62,NA
67,19/03/2012,Chhattisgarh,Bhilai,"R.O., 5/32 Banglow Office Building, Bhilai",Chattisgarh Environment Conservation Board,"Residential, Rural and other Areas",5,16,63,NA
67,22/03/2012,Chhattisgarh,Bhilai,"R.O., 5/32 Banglow Office Building, Bhilai",Chattisgarh Environment Conservation Board,"Residential, Rural and other Areas",4,15,64,NA
67,26/03/2012,Chhattisgarh,Bhilai,"R.O., 5/32 Banglow Office Building, Bhilai",Chattisgarh Environment Conservation Board,"Residential, Rural and other Areas",4,14,61,NA
67,29/03/2012,Chhattisgarh,Bhilai,"R.O., 5/32 Banglow Office Building, Bhilai",Chattisgarh Environment Conservation Board,"Residential, Rural and other Areas",5,16,63,NA
67,4/2/2012,Chhattisgarh,Bhilai,"R.O., 5/32 Banglow Office Building, Bhilai",Chattisgarh Environment Conservation Board,"Residential, Rural and other Areas",4,16,59,NA
67,4/9/2012,Chhattisgarh,Bhilai,"R.O., 5/32 Banglow Office Building, Bhilai",Chattisgarh Environment Conservation Board,"Residential, Rural and other Areas",5,14,59,NA
67,4/12/2012,Chhattisgarh,Bhilai,"R.O., 5/32 Banglow Office Building, Bhilai",Chattisgarh Environment Conservation Board,"Residential, Rural and other Areas",4,15,55,NA
67,16/04/2012,Chhattisgarh,Bhilai,"R.O., 5/32 Banglow Office Building, Bhilai",Chattisgarh Environment Conservation Board,"Residential, Rural and other Areas",5,16,57,NA
67,19/04/2012,Chhattisgarh,Bhilai,"R.O., 5/32 Banglow Office Building, Bhilai",Chattisgarh Environment Conservation Board,"Residential, Rural and other Areas",4,15,60,NA
67,23/04/2012,Chhattisgarh,Bhilai,"R.O., 5/32 Banglow Office Building, Bhilai",Chattisgarh Environment Conservation Board,"Residential, Rural and other Areas",4,14,59,NA
67,26/04/2012,Chhattisgarh,Bhilai,"R.O., 5/32 Banglow Office Building, Bhilai",Chattisgarh Environment Conservation Board,"Residential, Rural and other Areas",5,15,58,NA
67,30/04/2012,Chhattisgarh,Bhilai,"R.O., 5/32 Banglow Office Building, Bhilai",Chattisgarh Environment Conservation Board,"Residential, Rural and other Areas",4,14,64,NA
67,5/3/2012,Chhattisgarh,Bhilai,"R.O., 5/32 Banglow Office Building, Bhilai",Chattisgarh Environment Conservation Board,"Residential, Rural and other Areas",5,15,68,NA
67,5/7/2012,Chhattisgarh,Bhilai,"R.O., 5/32 Banglow Office Building, Bhilai",Chattisgarh Environment Conservation Board,"Residential, Rural and other Areas",5,14,65,NA
67,5/10/2012,Chhattisgarh,Bhilai,"R.O., 5/32 Banglow Office Building, Bhilai",Chattisgarh Environment Conservation Board,"Residential, Rural and other Areas",5,15,66,NA
67,14/05/2012,Chhattisgarh,Bhilai,"R.O., 5/32 Banglow Office Building, Bhilai",Chattisgarh Environment Conservation Board,"Residential, Rural and other Areas",4,13,61,NA
67,17/05/2012,Chhattisgarh,Bhilai,"R.O., 5/32 Banglow Office Building, Bhilai",Chattisgarh Environment Conservation Board,"Residential, Rural and other Areas",4,13,60,NA
67,21/05/2012,Chhattisgarh,Bhilai,"R.O., 5/32 Banglow Office Building, Bhilai",Chattisgarh Environment Conservation Board,"Residential, Rural and other Areas",5,14,59,NA
67,24/05/2012,Chhattisgarh,Bhilai,"R.O., 5/32 Banglow Office Building, Bhilai",Chattisgarh Environment Conservation Board,"Residential, Rural and other Areas",4,13,56,NA
67,28/05/2012,Chhattisgarh,Bhilai,"R.O., 5/32 Banglow Office Building, Bhilai",Chattisgarh Environment Conservation Board,"Residential, Rural and other Areas",5,14,65,NA
67,31/05/2012,Chhattisgarh,Bhilai,"R.O., 5/32 Banglow Office Building, Bhilai",Chattisgarh Environment Conservation Board,"Residential, Rural and other Areas",4,14,60,NA
67,6/7/2012,Chhattisgarh,Bhilai,"R.O., 5/32 Banglow Office Building, Bhilai",Chattisgarh Environment Conservation Board,"Residential, Rural and other Areas",5,16,67,NA
67,6/11/2012,Chhattisgarh,Bhilai,"R.O., 5/32 Banglow Office Building, Bhilai",Chattisgarh Environment Conservation Board,"Residential, Rural and other Areas",4,15,63,NA
67,14/06/2012,Chhattisgarh,Bhilai,"R.O., 5/32 Banglow Office Building, Bhilai",Chattisgarh Environment Conservation Board,"Residential, Rural and other Areas",5,15,57,NA
67,18/06/2012,Chhattisgarh,Bhilai,"R.O., 5/32 Banglow Office Building, Bhilai",Chattisgarh Environment Conservation Board,"Residential, Rural and other Areas",4,14,63,NA
67,25/06/2012,Chhattisgarh,Bhilai,"R.O., 5/32 Banglow Office Building, Bhilai",Chattisgarh Environment Conservation Board,"Residential, Rural and other Areas",3,13,59,NA
67,28/06/2012,Chhattisgarh,Bhilai,"R.O., 5/32 Banglow Office Building, Bhilai",Chattisgarh Environment Conservation Board,"Residential, Rural and other Areas",5,14,62,NA
67,7/2/2012,Chhattisgarh,Bhilai,"R.O., 5/32 Banglow Office Building, Bhilai",Chattisgarh Environment Conservation Board,"Residential, Rural and other Areas",4,13,56,NA
67,7/5/2012,Chhattisgarh,Bhilai,"R.O., 5/32 Banglow Office Building, Bhilai",Chattisgarh Environment Conservation Board,"Residential, Rural and other Areas",5,14,53,NA
67,7/9/2012,Chhattisgarh,Bhilai,"R.O., 5/32 Banglow Office Building, Bhilai",Chattisgarh Environment Conservation Board,"Residential, Rural and other Areas",4,14,57,NA
67,7/12/2012,Chhattisgarh,Bhilai,"R.O., 5/32 Banglow Office Building, Bhilai",Chattisgarh Environment Conservation Board,"Residential, Rural and other Areas",4,14,60,NA
67,19/07/2012,Chhattisgarh,Bhilai,"R.O., 5/32 Banglow Office Building, Bhilai",Chattisgarh Environment Conservation Board,"Residential, Rural and other Areas",5,16,58,NA
67,8/9/2012,Chhattisgarh,Bhilai,"R.O., 5/32 Banglow Office Building, Bhilai",Chattisgarh Environment Conservation Board,"Residential, Rural and other Areas",5,15,87,NA
67,13/08/2012,Chhattisgarh,Bhilai,"R.O., 5/32 Banglow Office Building, Bhilai",Chattisgarh Environment Conservation Board,"Residential, Rural and other Areas",5,15,88,NA
67,23/08/2012,Chhattisgarh,Bhilai,"R.O., 5/32 Banglow Office Building, Bhilai",Chattisgarh Environment Conservation Board,"Residential, Rural and other Areas",5,14,70,NA
67,27/08/2012,Chhattisgarh,Bhilai,"R.O., 5/32 Banglow Office Building, Bhilai",Chattisgarh Environment Conservation Board,"Residential, Rural and other Areas",5,NA,69,NA
67,30/08/2012,Chhattisgarh,Bhilai,"R.O., 5/32 Banglow Office Building, Bhilai",Chattisgarh Environment Conservation Board,"Residential, Rural and other Areas",3,NA,NA,NA
67,9/3/2012,Chhattisgarh,Bhilai,"R.O., 5/32 Banglow Office Building, Bhilai",Chattisgarh Environment Conservation Board,"Residential, Rural and other Areas",4,14,70,NA
67,9/6/2012,Chhattisgarh,Bhilai,"R.O., 5/32 Banglow Office Building, Bhilai",Chattisgarh Environment Conservation Board,"Residential, Rural and other Areas",5,16,70,NA
67,9/10/2012,Chhattisgarh,Bhilai,"R.O., 5/32 Banglow Office Building, Bhilai",Chattisgarh Environment Conservation Board,"Residential, Rural and other Areas",4,14,69,NA
67,13/09/2012,Chhattisgarh,Bhilai,"R.O., 5/32 Banglow Office Building, Bhilai",Chattisgarh Environment Conservation Board,"Residential, Rural and other Areas",5,15,74,NA
67,17/09/2012,Chhattisgarh,Bhilai,"R.O., 5/32 Banglow Office Building, Bhilai",Chattisgarh Environment Conservation Board,"Residential, Rural and other Areas",4,14,69,NA
67,20/09/2012,Chhattisgarh,Bhilai,"R.O., 5/32 Banglow Office Building, Bhilai",Chattisgarh Environment Conservation Board,"Residential, Rural and other Areas",4,14,74,NA
67,24/09/2012,Chhattisgarh,Bhilai,"R.O., 5/32 Banglow Office Building, Bhilai",Chattisgarh Environment Conservation Board,"Residential, Rural and other Areas",4,13,68,NA
67,27/09/2012,Chhattisgarh,Bhilai,"R.O., 5/32 Banglow Office Building, Bhilai",Chattisgarh Environment Conservation Board,"Residential, Rural and other Areas",4,13,72,NA
67,10/1/2012,Chhattisgarh,Bhilai,"R.O., 5/32 Banglow Office Building, Bhilai",Chattisgarh Environment Conservation Board,"Residential, Rural and other Areas",4,14,68,NA
67,10/4/2012,Chhattisgarh,Bhilai,"R.O., 5/32 Banglow Office Building, Bhilai",Chattisgarh Environment Conservation Board,"Residential, Rural and other Areas",4,14,72,NA
67,10/8/2012,Chhattisgarh,Bhilai,"R.O., 5/32 Banglow Office Building, Bhilai",Chattisgarh Environment Conservation Board,"Residential, Rural and other Areas",4,18,71,NA
67,10/11/2012,Chhattisgarh,Bhilai,"R.O., 5/32 Banglow Office Building, Bhilai",Chattisgarh Environment Conservation Board,"Residential, Rural and other Areas",4,16,69,NA
67,15/10/2012,Chhattisgarh,Bhilai,"R.O., 5/32 Banglow Office Building, Bhilai",Chattisgarh Environment Conservation Board,"Residential, Rural and other Areas",3,17,71,NA
67,18/10/2012,Chhattisgarh,Bhilai,"R.O., 5/32 Banglow Office Building, Bhilai",Chattisgarh Environment Conservation Board,"Residential, Rural and other Areas",4,14,69,NA
67,22/10/2012,Chhattisgarh,Bhilai,"R.O., 5/32 Banglow Office Building, Bhilai",Chattisgarh Environment Conservation Board,"Residential, Rural and other Areas",4,18,71,NA
67,25/10/2012,Chhattisgarh,Bhilai,"R.O., 5/32 Banglow Office Building, Bhilai",Chattisgarh Environment Conservation Board,"Residential, Rural and other Areas",3,17,71,NA
67,29/10/2012,Chhattisgarh,Bhilai,"R.O., 5/32 Banglow Office Building, Bhilai",Chattisgarh Environment Conservation Board,"Residential, Rural and other Areas",4,23,71,NA
67,11/5/2012,Chhattisgarh,Bhilai,"R.O., 5/32 Banglow Office Building, Bhilai",Chattisgarh Environment Conservation Board,"Residential, Rural and other Areas",5,16,72,NA
67,11/8/2012,Chhattisgarh,Bhilai,"R.O., 5/32 Banglow Office Building, Bhilai",Chattisgarh Environment Conservation Board,"Residential, Rural and other Areas",6,16,74,NA
67,11/12/2012,Chhattisgarh,Bhilai,"R.O., 5/32 Banglow Office Building, Bhilai",Chattisgarh Environment Conservation Board,"Residential, Rural and other Areas",6,16,82,NA
67,15/11/2012,Chhattisgarh,Bhilai,"R.O., 5/32 Banglow Office Building, Bhilai",Chattisgarh Environment Conservation Board,"Residential, Rural and other Areas",6,16,80,NA
67,19/11/2012,Chhattisgarh,Bhilai,"R.O., 5/32 Banglow Office Building, Bhilai",Chattisgarh Environment Conservation Board,"Residential, Rural and other Areas",5,16,81,NA
67,22/11/2012,Chhattisgarh,Bhilai,"R.O., 5/32 Banglow Office Building, Bhilai",Chattisgarh Environment Conservation Board,"Residential, Rural and other Areas",4,15,73,NA
67,26/11/2012,Chhattisgarh,Bhilai,"R.O., 5/32 Banglow Office Building, Bhilai",Chattisgarh Environment Conservation Board,"Residential, Rural and other Areas",5,17,80,NA
67,29/11/2012,Chhattisgarh,Bhilai,"R.O., 5/32 Banglow Office Building, Bhilai",Chattisgarh Environment Conservation Board,"Residential, Rural and other Areas",4,14,73,NA
67,12/3/2012,Chhattisgarh,Bhilai,"R.O., 5/32 Banglow Office Building, Bhilai",Chattisgarh Environment Conservation Board,"Residential, Rural and other Areas",5,16,77,NA
67,12/6/2012,Chhattisgarh,Bhilai,"R.O., 5/32 Banglow Office Building, Bhilai",Chattisgarh Environment Conservation Board,"Residential, Rural and other Areas",6,17,77,NA
67,12/10/2012,Chhattisgarh,Bhilai,"R.O., 5/32 Banglow Office Building, Bhilai",Chattisgarh Environment Conservation Board,"Residential, Rural and other Areas",5,17,76,NA
67,13/12/2012,Chhattisgarh,Bhilai,"R.O., 5/32 Banglow Office Building, Bhilai",Chattisgarh Environment Conservation Board,"Residential, Rural and other Areas",6,17,76,NA
67,17/12/2012,Chhattisgarh,Bhilai,"R.O., 5/32 Banglow Office Building, Bhilai",Chattisgarh Environment Conservation Board,"Residential, Rural and other Areas",5,15,76,NA
67,20/12/2012,Chhattisgarh,Bhilai,"R.O., 5/32 Banglow Office Building, Bhilai",Chattisgarh Environment Conservation Board,"Residential, Rural and other Areas",5,15,75,NA
67,24/12/2012,Chhattisgarh,Bhilai,"R.O., 5/32 Banglow Office Building, Bhilai",Chattisgarh Environment Conservation Board,"Residential, Rural and other Areas",6,17,77,NA
67,27/12/2012,Chhattisgarh,Bhilai,"R.O., 5/32 Banglow Office Building, Bhilai",Chattisgarh Environment Conservation Board,"Residential, Rural and other Areas",6,16,73,NA
67,31/12/2012,Chhattisgarh,Bhilai,"R.O., 5/32 Banglow Office Building, Bhilai",Chattisgarh Environment Conservation Board,"Residential, Rural and other Areas",5,15,73,NA
245,1/4/2012,Chhattisgarh,Bhilai,"M.P. Laghu Udyog Nigam, Bhilai",Chattisgarh Environment Conservation Board,Industrial Area,12,31,164,NA
245,1/7/2012,Chhattisgarh,Bhilai,"M.P. Laghu Udyog Nigam, Bhilai",Chattisgarh Environment Conservation Board,Industrial Area,13,33,168,NA
245,1/11/2012,Chhattisgarh,Bhilai,"M.P. Laghu Udyog Nigam, Bhilai",Chattisgarh Environment Conservation Board,Industrial Area,12,30,165,NA
245,14/01/2012,Chhattisgarh,Bhilai,"M.P. Laghu Udyog Nigam, Bhilai",Chattisgarh Environment Conservation Board,Industrial Area,13,26,162,NA
245,18/01/2012,Chhattisgarh,Bhilai,"M.P. Laghu Udyog Nigam, Bhilai",Chattisgarh Environment Conservation Board,Industrial Area,12,31,165,NA
245,21/01/2012,Chhattisgarh,Bhilai,"M.P. Laghu Udyog Nigam, Bhilai",Chattisgarh Environment Conservation Board,Industrial Area,11,31,164,NA
245,25/01/2012,Chhattisgarh,Bhilai,"M.P. Laghu Udyog Nigam, Bhilai",Chattisgarh Environment Conservation Board,Industrial Area,10,29,169,NA
245,28/01/2012,Chhattisgarh,Bhilai,"M.P. Laghu Udyog Nigam, Bhilai",Chattisgarh Environment Conservation Board,Industrial Area,11,31,191,NA
245,2/1/2012,Chhattisgarh,Bhilai,"M.P. Laghu Udyog Nigam, Bhilai",Chattisgarh Environment Conservation Board,Industrial Area,12,32,167,NA
245,2/4/2012,Chhattisgarh,Bhilai,"M.P. Laghu Udyog Nigam, Bhilai",Chattisgarh Environment Conservation Board,Industrial Area,11,31,165,NA
245,2/8/2012,Chhattisgarh,Bhilai,"M.P. Laghu Udyog Nigam, Bhilai",Chattisgarh Environment Conservation Board,Industrial Area,12,32,172,NA
245,2/11/2012,Chhattisgarh,Bhilai,"M.P. Laghu Udyog Nigam, Bhilai",Chattisgarh Environment Conservation Board,Industrial Area,12,31,169,NA
245,15/02/2012,Chhattisgarh,Bhilai,"M.P. Laghu Udyog Nigam, Bhilai",Chattisgarh Environment Conservation Board,Industrial Area,11,30,133,NA
245,18/02/2012,Chhattisgarh,Bhilai,"M.P. Laghu Udyog Nigam, Bhilai",Chattisgarh Environment Conservation Board,Industrial Area,12,33,129,NA
245,22/02/2012,Chhattisgarh,Bhilai,"M.P. Laghu Udyog Nigam, Bhilai",Chattisgarh Environment Conservation Board,Industrial Area,12,32,133,NA
245,25/02/2012,Chhattisgarh,Bhilai,"M.P. Laghu Udyog Nigam, Bhilai",Chattisgarh Environment Conservation Board,Industrial Area,11,30,167,NA
245,29/02/2012,Chhattisgarh,Bhilai,"M.P. Laghu Udyog Nigam, Bhilai",Chattisgarh Environment Conservation Board,Industrial Area,10,31,166,NA
245,3/3/2012,Chhattisgarh,Bhilai,"M.P. Laghu Udyog Nigam, Bhilai",Chattisgarh Environment Conservation Board,Industrial Area,12,32,164,NA
245,3/7/2012,Chhattisgarh,Bhilai,"M.P. Laghu Udyog Nigam, Bhilai",Chattisgarh Environment Conservation Board,Industrial Area,12,33,166,NA
245,3/10/2012,Chhattisgarh,Bhilai,"M.P. Laghu Udyog Nigam, Bhilai",Chattisgarh Environment Conservation Board,Industrial Area,11,31,160,NA
245,14/03/2012,Chhattisgarh,Bhilai,"M.P. Laghu Udyog Nigam, Bhilai",Chattisgarh Environment Conservation Board,Industrial Area,12,31,163,NA
245,17/03/2012,Chhattisgarh,Bhilai,"M.P. Laghu Udyog Nigam, Bhilai",Chattisgarh Environment Conservation Board,Industrial Area,11,31,159,NA
245,21/03/2012,Chhattisgarh,Bhilai,"M.P. Laghu Udyog Nigam, Bhilai",Chattisgarh Environment Conservation Board,Industrial Area,12,32,164,NA
245,24/03/2012,Chhattisgarh,Bhilai,"M.P. Laghu Udyog Nigam, Bhilai",Chattisgarh Environment Conservation Board,Industrial Area,12,31,164,NA
245,28/03/2012,Chhattisgarh,Bhilai,"M.P. Laghu Udyog Nigam, Bhilai",Chattisgarh Environment Conservation Board,Industrial Area,11,31,163,NA
245,31/03/2012,Chhattisgarh,Bhilai,"M.P. Laghu Udyog Nigam, Bhilai",Chattisgarh Environment Conservation Board,Industrial Area,12,32,161,NA
245,4/3/2012,Chhattisgarh,Bhilai,"M.P. Laghu Udyog Nigam, Bhilai",Chattisgarh Environment Conservation Board,Industrial Area,11,31,91,NA
245,4/10/2012,Chhattisgarh,Bhilai,"M.P. Laghu Udyog Nigam, Bhilai",Chattisgarh Environment Conservation Board,Industrial Area,12,31,87,NA
245,13/04/2012,Chhattisgarh,Bhilai,"M.P. Laghu Udyog Nigam, Bhilai",Chattisgarh Environment Conservation Board,Industrial Area,12,32,81,NA
245,17/04/2012,Chhattisgarh,Bhilai,"M.P. Laghu Udyog Nigam, Bhilai",Chattisgarh Environment Conservation Board,Industrial Area,11,31,83,NA
245,20/04/2012,Chhattisgarh,Bhilai,"M.P. Laghu Udyog Nigam, Bhilai",Chattisgarh Environment Conservation Board,Industrial Area,11,30,86,NA
245,24/04/2012,Chhattisgarh,Bhilai,"M.P. Laghu Udyog Nigam, Bhilai",Chattisgarh Environment Conservation Board,Industrial Area,11,31,87,NA
245,27/04/2012,Chhattisgarh,Bhilai,"M.P. Laghu Udyog Nigam, Bhilai",Chattisgarh Environment Conservation Board,Industrial Area,11,30,91,NA
245,5/2/2012,Chhattisgarh,Bhilai,"M.P. Laghu Udyog Nigam, Bhilai",Chattisgarh Environment Conservation Board,Industrial Area,12,32,156,NA
245,5/5/2012,Chhattisgarh,Bhilai,"M.P. Laghu Udyog Nigam, Bhilai",Chattisgarh Environment Conservation Board,Industrial Area,11,30,156,NA
245,5/9/2012,Chhattisgarh,Bhilai,"M.P. Laghu Udyog Nigam, Bhilai",Chattisgarh Environment Conservation Board,Industrial Area,11,31,154,NA
245,5/12/2012,Chhattisgarh,Bhilai,"M.P. Laghu Udyog Nigam, Bhilai",Chattisgarh Environment Conservation Board,Industrial Area,11,32,159,NA
245,16/05/2012,Chhattisgarh,Bhilai,"M.P. Laghu Udyog Nigam, Bhilai",Chattisgarh Environment Conservation Board,Industrial Area,11,31,157,NA
245,19/05/2012,Chhattisgarh,Bhilai,"M.P. Laghu Udyog Nigam, Bhilai",Chattisgarh Environment Conservation Board,Industrial Area,11,31,154,NA
245,23/05/2012,Chhattisgarh,Bhilai,"M.P. Laghu Udyog Nigam, Bhilai",Chattisgarh Environment Conservation Board,Industrial Area,10,30,152,NA
245,26/05/2012,Chhattisgarh,Bhilai,"M.P. Laghu Udyog Nigam, Bhilai",Chattisgarh Environment Conservation Board,Industrial Area,11,31,160,NA
245,30/05/2012,Chhattisgarh,Bhilai,"M.P. Laghu Udyog Nigam, Bhilai",Chattisgarh Environment Conservation Board,Industrial Area,10,30,158,NA
245,6/2/2012,Chhattisgarh,Bhilai,"M.P. Laghu Udyog Nigam, Bhilai",Chattisgarh Environment Conservation Board,Industrial Area,11,31,155,NA
245,6/6/2012,Chhattisgarh,Bhilai,"M.P. Laghu Udyog Nigam, Bhilai",Chattisgarh Environment Conservation Board,Industrial Area,11,31,153,NA
245,6/9/2012,Chhattisgarh,Bhilai,"M.P. Laghu Udyog Nigam, Bhilai",Chattisgarh Environment Conservation Board,Industrial Area,12,32,146,NA
245,13/06/2012,Chhattisgarh,Bhilai,"M.P. Laghu Udyog Nigam, Bhilai",Chattisgarh Environment Conservation Board,Industrial Area,11,32,148,NA
245,16/06/2012,Chhattisgarh,Bhilai,"M.P. Laghu Udyog Nigam, Bhilai",Chattisgarh Environment Conservation Board,Industrial Area,11,31,149,NA
245,20/06/2012,Chhattisgarh,Bhilai,"M.P. Laghu Udyog Nigam, Bhilai",Chattisgarh Environment Conservation Board,Industrial Area,11,31,149,NA
245,23/06/2012,Chhattisgarh,Bhilai,"M.P. Laghu Udyog Nigam, Bhilai",Chattisgarh Environment Conservation Board,Industrial Area,12,31,152,NA
245,27/06/2012,Chhattisgarh,Bhilai,"M.P. Laghu Udyog Nigam, Bhilai",Chattisgarh Environment Conservation Board,Industrial Area,10,30,150,NA
245,30/06/2012,Chhattisgarh,Bhilai,"M.P. Laghu Udyog Nigam, Bhilai",Chattisgarh Environment Conservation Board,Industrial Area,11,31,147,NA
245,7/4/2012,Chhattisgarh,Bhilai,"M.P. Laghu Udyog Nigam, Bhilai",Chattisgarh Environment Conservation Board,Industrial Area,12,30,146,NA
245,7/7/2012,Chhattisgarh,Bhilai,"M.P. Laghu Udyog Nigam, Bhilai",Chattisgarh Environment Conservation Board,Industrial Area,11,31,148,NA
245,7/11/2012,Chhattisgarh,Bhilai,"M.P. Laghu Udyog Nigam, Bhilai",Chattisgarh Environment Conservation Board,Industrial Area,10,30,149,NA
245,14/07/2012,Chhattisgarh,Bhilai,"M.P. Laghu Udyog Nigam, Bhilai",Chattisgarh Environment Conservation Board,Industrial Area,12,29,149,NA
245,18/07/2012,Chhattisgarh,Bhilai,"M.P. Laghu Udyog Nigam, Bhilai",Chattisgarh Environment Conservation Board,Industrial Area,10,29,152,NA
245,25/07/2012,Chhattisgarh,Bhilai,"M.P. Laghu Udyog Nigam, Bhilai",Chattisgarh Environment Conservation Board,Industrial Area,11,31,153,NA
245,28/07/2012,Chhattisgarh,Bhilai,"M.P. Laghu Udyog Nigam, Bhilai",Chattisgarh Environment Conservation Board,Industrial Area,11,30,148,NA
245,18/08/2012,Chhattisgarh,Bhilai,"M.P. Laghu Udyog Nigam, Bhilai",Chattisgarh Environment Conservation Board,Industrial Area,12,29,148,NA
245,22/08/2012,Chhattisgarh,Bhilai,"M.P. Laghu Udyog Nigam, Bhilai",Chattisgarh Environment Conservation Board,Industrial Area,10,30,148,NA
245,25/08/2012,Chhattisgarh,Bhilai,"M.P. Laghu Udyog Nigam, Bhilai",Chattisgarh Environment Conservation Board,Industrial Area,11,31,147,NA
245,29/08/2012,Chhattisgarh,Bhilai,"M.P. Laghu Udyog Nigam, Bhilai",Chattisgarh Environment Conservation Board,Industrial Area,11,31,144,NA
245,9/5/2012,Chhattisgarh,Bhilai,"M.P. Laghu Udyog Nigam, Bhilai",Chattisgarh Environment Conservation Board,Industrial Area,9,20,79,NA
245,9/8/2012,Chhattisgarh,Bhilai,"M.P. Laghu Udyog Nigam, Bhilai",Chattisgarh Environment Conservation Board,Industrial Area,11,31,153,NA
245,9/12/2012,Chhattisgarh,Bhilai,"M.P. Laghu Udyog Nigam, Bhilai",Chattisgarh Environment Conservation Board,Industrial Area,11,29,161,NA
245,15/09/2012,Chhattisgarh,Bhilai,"M.P. Laghu Udyog Nigam, Bhilai",Chattisgarh Environment Conservation Board,Industrial Area,11,30,152,NA
245,19/09/2012,Chhattisgarh,Bhilai,"M.P. Laghu Udyog Nigam, Bhilai",Chattisgarh Environment Conservation Board,Industrial Area,12,31,154,NA
245,22/09/2012,Chhattisgarh,Bhilai,"M.P. Laghu Udyog Nigam, Bhilai",Chattisgarh Environment Conservation Board,Industrial Area,11,30,155,NA
245,26/09/2012,Chhattisgarh,Bhilai,"M.P. Laghu Udyog Nigam, Bhilai",Chattisgarh Environment Conservation Board,Industrial Area,11,31,155,NA
245,29/09/2012,Chhattisgarh,Bhilai,"M.P. Laghu Udyog Nigam, Bhilai",Chattisgarh Environment Conservation Board,Industrial Area,10,30,161,NA
245,10/3/2012,Chhattisgarh,Bhilai,"M.P. Laghu Udyog Nigam, Bhilai",Chattisgarh Environment Conservation Board,Industrial Area,10,30,160,NA
245,10/6/2012,Chhattisgarh,Bhilai,"M.P. Laghu Udyog Nigam, Bhilai",Chattisgarh Environment Conservation Board,Industrial Area,11,31,154,NA
245,10/10/2012,Chhattisgarh,Bhilai,"M.P. Laghu Udyog Nigam, Bhilai",Chattisgarh Environment Conservation Board,Industrial Area,12,31,158,NA
245,13/10/2012,Chhattisgarh,Bhilai,"M.P. Laghu Udyog Nigam, Bhilai",Chattisgarh Environment Conservation Board,Industrial Area,11,30,157,NA
245,17/10/2012,Chhattisgarh,Bhilai,"M.P. Laghu Udyog Nigam, Bhilai",Chattisgarh Environment Conservation Board,Industrial Area,11,29,159,NA
245,20/10/2012,Chhattisgarh,Bhilai,"M.P. Laghu Udyog Nigam, Bhilai",Chattisgarh Environment Conservation Board,Industrial Area,10,30,173,NA
245,31/10/2012,Chhattisgarh,Bhilai,"M.P. Laghu Udyog Nigam, Bhilai",Chattisgarh Environment Conservation Board,Industrial Area,10,30,173,NA
245,11/7/2012,Chhattisgarh,Bhilai,"M.P. Laghu Udyog Nigam, Bhilai",Chattisgarh Environment Conservation Board,Industrial Area,11,32,164,NA
245,11/10/2012,Chhattisgarh,Bhilai,"M.P. Laghu Udyog Nigam, Bhilai",Chattisgarh Environment Conservation Board,Industrial Area,11,31,166,NA
245,14/11/2012,Chhattisgarh,Bhilai,"M.P. Laghu Udyog Nigam, Bhilai",Chattisgarh Environment Conservation Board,Industrial Area,12,33,174,NA
245,17/11/2012,Chhattisgarh,Bhilai,"M.P. Laghu Udyog Nigam, Bhilai",Chattisgarh Environment Conservation Board,Industrial Area,11,32,173,NA
245,21/11/2012,Chhattisgarh,Bhilai,"M.P. Laghu Udyog Nigam, Bhilai",Chattisgarh Environment Conservation Board,Industrial Area,11,31,169,NA
245,24/11/2012,Chhattisgarh,Bhilai,"M.P. Laghu Udyog Nigam, Bhilai",Chattisgarh Environment Conservation Board,Industrial Area,12,33,170,NA
245,12/1/2012,Chhattisgarh,Bhilai,"M.P. Laghu Udyog Nigam, Bhilai",Chattisgarh Environment Conservation Board,Industrial Area,12,33,176,NA
245,12/5/2012,Chhattisgarh,Bhilai,"M.P. Laghu Udyog Nigam, Bhilai",Chattisgarh Environment Conservation Board,Industrial Area,12,33,168,NA
245,12/8/2012,Chhattisgarh,Bhilai,"M.P. Laghu Udyog Nigam, Bhilai",Chattisgarh Environment Conservation Board,Industrial Area,12,32,172,NA
245,12/12/2012,Chhattisgarh,Bhilai,"M.P. Laghu Udyog Nigam, Bhilai",Chattisgarh Environment Conservation Board,Industrial Area,12,33,168,NA
245,15/12/2012,Chhattisgarh,Bhilai,"M.P. Laghu Udyog Nigam, Bhilai",Chattisgarh Environment Conservation Board,Industrial Area,12,32,167,NA
245,19/12/2012,Chhattisgarh,Bhilai,"M.P. Laghu Udyog Nigam, Bhilai",Chattisgarh Environment Conservation Board,Industrial Area,12,27,165,NA
245,22/12/2012,Chhattisgarh,Bhilai,"M.P. Laghu Udyog Nigam, Bhilai",Chattisgarh Environment Conservation Board,Industrial Area,13,33,166,NA
245,26/12/2012,Chhattisgarh,Bhilai,"M.P. Laghu Udyog Nigam, Bhilai",Chattisgarh Environment Conservation Board,Industrial Area,12,27,163,NA
245,29/12/2012,Chhattisgarh,Bhilai,"M.P. Laghu Udyog Nigam, Bhilai",Chattisgarh Environment Conservation Board,Industrial Area,12,33,167,NA
407,1/6/2012,Chhattisgarh,Korba,"I.T.I., Rampur, Korba",Chattisgarh Environment Conservation Board,"Residential, Rural and other Areas",12,20,80,NA
407,1/10/2012,Chhattisgarh,Korba,"I.T.I., Rampur, Korba",Chattisgarh Environment Conservation Board,"Residential, Rural and other Areas",12,19,78,NA
407,13/01/2012,Chhattisgarh,Korba,"I.T.I., Rampur, Korba",Chattisgarh Environment Conservation Board,"Residential, Rural and other Areas",12,20,87,NA
407,17/01/2012,Chhattisgarh,Korba,"I.T.I., Rampur, Korba",Chattisgarh Environment Conservation Board,"Residential, Rural and other Areas",12,19,83,NA
407,20/01/2012,Chhattisgarh,Korba,"I.T.I., Rampur, Korba",Chattisgarh Environment Conservation Board,"Residential, Rural and other Areas",12,19,84,NA
407,24/01/2012,Chhattisgarh,Korba,"I.T.I., Rampur, Korba",Chattisgarh Environment Conservation Board,"Residential, Rural and other Areas",12,20,85,NA
407,27/01/2012,Chhattisgarh,Korba,"I.T.I., Rampur, Korba",Chattisgarh Environment Conservation Board,"Residential, Rural and other Areas",11,19,82,NA
407,31/01/2012,Chhattisgarh,Korba,"I.T.I., Rampur, Korba",Chattisgarh Environment Conservation Board,"Residential, Rural and other Areas",12,19,87,NA
407,2/3/2012,Chhattisgarh,Korba,"I.T.I., Rampur, Korba",Chattisgarh Environment Conservation Board,"Residential, Rural and other Areas",12,19,83,NA
407,2/7/2012,Chhattisgarh,Korba,"I.T.I., Rampur, Korba",Chattisgarh Environment Conservation Board,"Residential, Rural and other Areas",12,19,86,NA
407,2/10/2012,Chhattisgarh,Korba,"I.T.I., Rampur, Korba",Chattisgarh Environment Conservation Board,"Residential, Rural and other Areas",12,19,85,NA
407,14/02/2012,Chhattisgarh,Korba,"I.T.I., Rampur, Korba",Chattisgarh Environment Conservation Board,"Residential, Rural and other Areas",12,20,90,NA
407,17/02/2012,Chhattisgarh,Korba,"I.T.I., Rampur, Korba",Chattisgarh Environment Conservation Board,"Residential, Rural and other Areas",12,19,82,NA
407,21/02/2012,Chhattisgarh,Korba,"I.T.I., Rampur, Korba",Chattisgarh Environment Conservation Board,"Residential, Rural and other Areas",12,19,83,NA
407,24/02/2012,Chhattisgarh,Korba,"I.T.I., Rampur, Korba",Chattisgarh Environment Conservation Board,"Residential, Rural and other Areas",12,19,85,NA
407,28/02/2012,Chhattisgarh,Korba,"I.T.I., Rampur, Korba",Chattisgarh Environment Conservation Board,"Residential, Rural and other Areas",12,20,85,NA
407,3/2/2012,Chhattisgarh,Korba,"I.T.I., Rampur, Korba",Chattisgarh Environment Conservation Board,"Residential, Rural and other Areas",13,20,88,NA
407,3/6/2012,Chhattisgarh,Korba,"I.T.I., Rampur, Korba",Chattisgarh Environment Conservation Board,"Residential, Rural and other Areas",12,20,82,NA
407,3/9/2012,Chhattisgarh,Korba,"I.T.I., Rampur, Korba",Chattisgarh Environment Conservation Board,"Residential, Rural and other Areas",12,19,87,NA
407,13/03/2012,Chhattisgarh,Korba,"I.T.I., Rampur, Korba",Chattisgarh Environment Conservation Board,"Residential, Rural and other Areas",12,19,85,NA
407,16/03/2012,Chhattisgarh,Korba,"I.T.I., Rampur, Korba",Chattisgarh Environment Conservation Board,"Residential, Rural and other Areas",12,19,83,NA
407,20/03/2012,Chhattisgarh,Korba,"I.T.I., Rampur, Korba",Chattisgarh Environment Conservation Board,"Residential, Rural and other Areas",12,19,88,NA
407,23/03/2012,Chhattisgarh,Korba,"I.T.I., Rampur, Korba",Chattisgarh Environment Conservation Board,"Residential, Rural and other Areas",12,19,83,NA
407,27/03/2012,Chhattisgarh,Korba,"I.T.I., Rampur, Korba",Chattisgarh Environment Conservation Board,"Residential, Rural and other Areas",12,19,90,NA
407,30/03/2012,Chhattisgarh,Korba,"I.T.I., Rampur, Korba",Chattisgarh Environment Conservation Board,"Residential, Rural and other Areas",12,19,88,NA
407,5/1/2012,Chhattisgarh,Korba,"I.T.I., Rampur, Korba",Chattisgarh Environment Conservation Board,"Residential, Rural and other Areas",12,19,84,NA
407,5/4/2012,Chhattisgarh,Korba,"I.T.I., Rampur, Korba",Chattisgarh Environment Conservation Board,"Residential, Rural and other Areas",13,20,90,NA
407,5/8/2012,Chhattisgarh,Korba,"I.T.I., Rampur, Korba",Chattisgarh Environment Conservation Board,"Residential, Rural and other Areas",13,20,88,NA
407,5/11/2012,Chhattisgarh,Korba,"I.T.I., Rampur, Korba",Chattisgarh Environment Conservation Board,"Residential, Rural and other Areas",13,21,98,NA
407,15/05/2012,Chhattisgarh,Korba,"I.T.I., Rampur, Korba",Chattisgarh Environment Conservation Board,"Residential, Rural and other Areas",13,20,99,NA
407,18/05/2012,Chhattisgarh,Korba,"I.T.I., Rampur, Korba",Chattisgarh Environment Conservation Board,"Residential, Rural and other Areas",13,21,94,NA
407,22/05/2012,Chhattisgarh,Korba,"I.T.I., Rampur, Korba",Chattisgarh Environment Conservation Board,"Residential, Rural and other Areas",14,21,99,NA
407,25/05/2012,Chhattisgarh,Korba,"I.T.I., Rampur, Korba",Chattisgarh Environment Conservation Board,"Residential, Rural and other Areas",13,21,91,NA
407,29/05/2012,Chhattisgarh,Korba,"I.T.I., Rampur, Korba",Chattisgarh Environment Conservation Board,"Residential, Rural and other Areas",13,21,95,NA
407,6/1/2012,Chhattisgarh,Korba,"I.T.I., Rampur, Korba",Chattisgarh Environment Conservation Board,"Residential, Rural and other Areas",13,21,94,NA
407,6/5/2012,Chhattisgarh,Korba,"I.T.I., Rampur, Korba",Chattisgarh Environment Conservation Board,"Residential, Rural and other Areas",13,21,91,NA
407,6/8/2012,Chhattisgarh,Korba,"I.T.I., Rampur, Korba",Chattisgarh Environment Conservation Board,"Residential, Rural and other Areas",13,21,89,NA
407,6/12/2012,Chhattisgarh,Korba,"I.T.I., Rampur, Korba",Chattisgarh Environment Conservation Board,"Residential, Rural and other Areas",13,20,93,NA
407,15/06/2012,Chhattisgarh,Korba,"I.T.I., Rampur, Korba",Chattisgarh Environment Conservation Board,"Residential, Rural and other Areas",13,20,86,NA
407,19/06/2012,Chhattisgarh,Korba,"I.T.I., Rampur, Korba",Chattisgarh Environment Conservation Board,"Residential, Rural and other Areas",12,20,86,NA
407,29/06/2012,Chhattisgarh,Korba,"I.T.I., Rampur, Korba",Chattisgarh Environment Conservation Board,"Residential, Rural and other Areas",13,21,85,NA
407,7/3/2012,Chhattisgarh,Korba,"I.T.I., Rampur, Korba",Chattisgarh Environment Conservation Board,"Residential, Rural and other Areas",13,20,84,NA
407,7/6/2012,Chhattisgarh,Korba,"I.T.I., Rampur, Korba",Chattisgarh Environment Conservation Board,"Residential, Rural and other Areas",13,20,84,NA
407,7/10/2012,Chhattisgarh,Korba,"I.T.I., Rampur, Korba",Chattisgarh Environment Conservation Board,"Residential, Rural and other Areas",12,19,78,NA
407,13/07/2012,Chhattisgarh,Korba,"I.T.I., Rampur, Korba",Chattisgarh Environment Conservation Board,"Residential, Rural and other Areas",12,19,79,NA
407,17/07/2012,Chhattisgarh,Korba,"I.T.I., Rampur, Korba",Chattisgarh Environment Conservation Board,"Residential, Rural and other Areas",12,19,80,NA
407,20/07/2012,Chhattisgarh,Korba,"I.T.I., Rampur, Korba",Chattisgarh Environment Conservation Board,"Residential, Rural and other Areas",12,19,79,NA
407,24/07/2012,Chhattisgarh,Korba,"I.T.I., Rampur, Korba",Chattisgarh Environment Conservation Board,"Residential, Rural and other Areas",12,19,79,NA
407,27/07/2012,Chhattisgarh,Korba,"I.T.I., Rampur, Korba",Chattisgarh Environment Conservation Board,"Residential, Rural and other Areas",11,18,79,NA
407,8/7/2012,Chhattisgarh,Korba,"I.T.I., Rampur, Korba",Chattisgarh Environment Conservation Board,"Residential, Rural and other Areas",11,19,81,NA
407,8/10/2012,Chhattisgarh,Korba,"I.T.I., Rampur, Korba",Chattisgarh Environment Conservation Board,"Residential, Rural and other Areas",12,19,78,NA
407,14/08/2012,Chhattisgarh,Korba,"I.T.I., Rampur, Korba",Chattisgarh Environment Conservation Board,"Residential, Rural and other Areas",11,19,75,NA
407,17/08/2012,Chhattisgarh,Korba,"I.T.I., Rampur, Korba",Chattisgarh Environment Conservation Board,"Residential, Rural and other Areas",11,18,76,NA
407,24/08/2012,Chhattisgarh,Korba,"I.T.I., Rampur, Korba",Chattisgarh Environment Conservation Board,"Residential, Rural and other Areas",12,19,80,NA
407,28/08/2012,Chhattisgarh,Korba,"I.T.I., Rampur, Korba",Chattisgarh Environment Conservation Board,"Residential, Rural and other Areas",13,20,96,NA
407,31/08/2012,Chhattisgarh,Korba,"I.T.I., Rampur, Korba",Chattisgarh Environment Conservation Board,"Residential, Rural and other Areas",13,21,88,NA
407,9/4/2012,Chhattisgarh,Korba,"I.T.I., Rampur, Korba",Chattisgarh Environment Conservation Board,"Residential, Rural and other Areas",12,19,76,NA
407,9/7/2012,Chhattisgarh,Korba,"I.T.I., Rampur, Korba",Chattisgarh Environment Conservation Board,"Residential, Rural and other Areas",12,19,81,NA
407,9/11/2012,Chhattisgarh,Korba,"I.T.I., Rampur, Korba",Chattisgarh Environment Conservation Board,"Residential, Rural and other Areas",12,20,80,NA
407,18/09/2012,Chhattisgarh,Korba,"I.T.I., Rampur, Korba",Chattisgarh Environment Conservation Board,"Residential, Rural and other Areas",11,19,77,NA
407,21/09/2012,Chhattisgarh,Korba,"I.T.I., Rampur, Korba",Chattisgarh Environment Conservation Board,"Residential, Rural and other Areas",12,20,81,NA
407,25/09/2012,Chhattisgarh,Korba,"I.T.I., Rampur, Korba",Chattisgarh Environment Conservation Board,"Residential, Rural and other Areas",12,19,81,NA
407,28/09/2012,Chhattisgarh,Korba,"I.T.I., Rampur, Korba",Chattisgarh Environment Conservation Board,"Residential, Rural and other Areas",13,20,91,NA
407,10/2/2012,Chhattisgarh,Korba,"I.T.I., Rampur, Korba",Chattisgarh Environment Conservation Board,"Residential, Rural and other Areas",12,19,79,NA
407,10/5/2012,Chhattisgarh,Korba,"I.T.I., Rampur, Korba",Chattisgarh Environment Conservation Board,"Residential, Rural and other Areas",13,20,80,NA
407,10/9/2012,Chhattisgarh,Korba,"I.T.I., Rampur, Korba",Chattisgarh Environment Conservation Board,"Residential, Rural and other Areas",12,19,79,NA
407,10/12/2012,Chhattisgarh,Korba,"I.T.I., Rampur, Korba",Chattisgarh Environment Conservation Board,"Residential, Rural and other Areas",12,20,81,NA
407,16/10/2012,Chhattisgarh,Korba,"I.T.I., Rampur, Korba",Chattisgarh Environment Conservation Board,"Residential, Rural and other Areas",13,20,84,NA
407,19/10/2012,Chhattisgarh,Korba,"I.T.I., Rampur, Korba",Chattisgarh Environment Conservation Board,"Residential, Rural and other Areas",12,19,83,NA
407,23/10/2012,Chhattisgarh,Korba,"I.T.I., Rampur, Korba",Chattisgarh Environment Conservation Board,"Residential, Rural and other Areas",13,20,84,NA
407,26/10/2012,Chhattisgarh,Korba,"I.T.I., Rampur, Korba",Chattisgarh Environment Conservation Board,"Residential, Rural and other Areas",12,20,84,NA
407,30/10/2012,Chhattisgarh,Korba,"I.T.I., Rampur, Korba",Chattisgarh Environment Conservation Board,"Residential, Rural and other Areas",13,20,84,NA
407,11/2/2012,Chhattisgarh,Korba,"I.T.I., Rampur, Korba",Chattisgarh Environment Conservation Board,"Residential, Rural and other Areas",13,20,98,NA
407,11/6/2012,Chhattisgarh,Korba,"I.T.I., Rampur, Korba",Chattisgarh Environment Conservation Board,"Residential, Rural and other Areas",13,21,77,NA
407,11/9/2012,Chhattisgarh,Korba,"I.T.I., Rampur, Korba",Chattisgarh Environment Conservation Board,"Residential, Rural and other Areas",13,21,83,NA
407,16/11/2012,Chhattisgarh,Korba,"I.T.I., Rampur, Korba",Chattisgarh Environment Conservation Board,"Residential, Rural and other Areas",13,22,83,NA
407,27/11/2012,Chhattisgarh,Korba,"I.T.I., Rampur, Korba",Chattisgarh Environment Conservation Board,"Residential, Rural and other Areas",13,21,88,NA
407,30/11/2012,Chhattisgarh,Korba,"I.T.I., Rampur, Korba",Chattisgarh Environment Conservation Board,"Residential, Rural and other Areas",13,20,76,NA
407,12/4/2012,Chhattisgarh,Korba,"I.T.I., Rampur, Korba",Chattisgarh Environment Conservation Board,"Residential, Rural and other Areas",13,22,94,NA
407,12/7/2012,Chhattisgarh,Korba,"I.T.I., Rampur, Korba",Chattisgarh Environment Conservation Board,"Residential, Rural and other Areas",13,21,73,NA
407,12/11/2012,Chhattisgarh,Korba,"I.T.I., Rampur, Korba",Chattisgarh Environment Conservation Board,"Residential, Rural and other Areas",13,21,64,NA
407,14/12/2012,Chhattisgarh,Korba,"I.T.I., Rampur, Korba",Chattisgarh Environment Conservation Board,"Residential, Rural and other Areas",13,21,85,NA
407,21/12/2012,Chhattisgarh,Korba,"I.T.I., Rampur, Korba",Chattisgarh Environment Conservation Board,"Residential, Rural and other Areas",14,22,88,NA
407,25/12/2012,Chhattisgarh,Korba,"I.T.I., Rampur, Korba",Chattisgarh Environment Conservation Board,"Residential, Rural and other Areas",13,22,74,NA
407,28/12/2012,Chhattisgarh,Korba,"I.T.I., Rampur, Korba",Chattisgarh Environment Conservation Board,"Residential, Rural and other Areas",13,21,84,NA
249,1/7/2012,Chhattisgarh,Korba,"Pragati Nagar NTPC Colony, Korba",Chattisgarh Environment Conservation Board,"Residential, Rural and other Areas",11,17,68,NA
249,1/11/2012,Chhattisgarh,Korba,"Pragati Nagar NTPC Colony, Korba",Chattisgarh Environment Conservation Board,"Residential, Rural and other Areas",11,18,71,NA
249,14/01/2012,Chhattisgarh,Korba,"Pragati Nagar NTPC Colony, Korba",Chattisgarh Environment Conservation Board,"Residential, Rural and other Areas",11,18,77,NA
249,18/01/2012,Chhattisgarh,Korba,"Pragati Nagar NTPC Colony, Korba",Chattisgarh Environment Conservation Board,"Residential, Rural and other Areas",11,19,72,NA
249,21/01/2012,Chhattisgarh,Korba,"Pragati Nagar NTPC Colony, Korba",Chattisgarh Environment Conservation Board,"Residential, Rural and other Areas",11,18,78,NA
249,25/01/2012,Chhattisgarh,Korba,"Pragati Nagar NTPC Colony, Korba",Chattisgarh Environment Conservation Board,"Residential, Rural and other Areas",11,18,70,NA
249,2/1/2012,Chhattisgarh,Korba,"Pragati Nagar NTPC Colony, Korba",Chattisgarh Environment Conservation Board,"Residential, Rural and other Areas",11,18,74,NA
249,2/4/2012,Chhattisgarh,Korba,"Pragati Nagar NTPC Colony, Korba",Chattisgarh Environment Conservation Board,"Residential, Rural and other Areas",11,18,74,NA
249,2/8/2012,Chhattisgarh,Korba,"Pragati Nagar NTPC Colony, Korba",Chattisgarh Environment Conservation Board,"Residential, Rural and other Areas",11,19,74,NA
249,2/11/2012,Chhattisgarh,Korba,"Pragati Nagar NTPC Colony, Korba",Chattisgarh Environment Conservation Board,"Residential, Rural and other Areas",11,18,77,NA
249,15/02/2012,Chhattisgarh,Korba,"Pragati Nagar NTPC Colony, Korba",Chattisgarh Environment Conservation Board,"Residential, Rural and other Areas",11,18,69,NA
249,18/02/2012,Chhattisgarh,Korba,"Pragati Nagar NTPC Colony, Korba",Chattisgarh Environment Conservation Board,"Residential, Rural and other Areas",11,18,68,NA
249,22/02/2012,Chhattisgarh,Korba,"Pragati Nagar NTPC Colony, Korba",Chattisgarh Environment Conservation Board,"Residential, Rural and other Areas",11,17,67,NA
249,25/02/2012,Chhattisgarh,Korba,"Pragati Nagar NTPC Colony, Korba",Chattisgarh Environment Conservation Board,"Residential, Rural and other Areas",12,19,73,NA
249,29/02/2012,Chhattisgarh,Korba,"Pragati Nagar NTPC Colony, Korba",Chattisgarh Environment Conservation Board,"Residential, Rural and other Areas",11,18,73,NA
249,3/3/2012,Chhattisgarh,Korba,"Pragati Nagar NTPC Colony, Korba",Chattisgarh Environment Conservation Board,"Residential, Rural and other Areas",11,18,73,NA
249,3/7/2012,Chhattisgarh,Korba,"Pragati Nagar NTPC Colony, Korba",Chattisgarh Environment Conservation Board,"Residential, Rural and other Areas",11,19,77,NA
249,3/10/2012,Chhattisgarh,Korba,"Pragati Nagar NTPC Colony, Korba",Chattisgarh Environment Conservation Board,"Residential, Rural and other Areas",11,18,74,NA
249,14/03/2012,Chhattisgarh,Korba,"Pragati Nagar NTPC Colony, Korba",Chattisgarh Environment Conservation Board,"Residential, Rural and other Areas",11,18,72,NA
249,17/03/2012,Chhattisgarh,Korba,"Pragati Nagar NTPC Colony, Korba",Chattisgarh Environment Conservation Board,"Residential, Rural and other Areas",12,19,76,NA
249,21/03/2012,Chhattisgarh,Korba,"Pragati Nagar NTPC Colony, Korba",Chattisgarh Environment Conservation Board,"Residential, Rural and other Areas",11,18,71,NA
249,24/03/2012,Chhattisgarh,Korba,"Pragati Nagar NTPC Colony, Korba",Chattisgarh Environment Conservation Board,"Residential, Rural and other Areas",11,18,74,NA
249,28/03/2012,Chhattisgarh,Korba,"Pragati Nagar NTPC Colony, Korba",Chattisgarh Environment Conservation Board,"Residential, Rural and other Areas",11,19,71,NA
249,31/03/2012,Chhattisgarh,Korba,"Pragati Nagar NTPC Colony, Korba",Chattisgarh Environment Conservation Board,"Residential, Rural and other Areas",12,19,74,NA
249,4/4/2012,Chhattisgarh,Korba,"Pragati Nagar NTPC Colony, Korba",Chattisgarh Environment Conservation Board,"Residential, Rural and other Areas",11,19,78,NA
249,4/7/2012,Chhattisgarh,Korba,"Pragati Nagar NTPC Colony, Korba",Chattisgarh Environment Conservation Board,"Residential, Rural and other Areas",12,19,77,NA
249,4/11/2012,Chhattisgarh,Korba,"Pragati Nagar NTPC Colony, Korba",Chattisgarh Environment Conservation Board,"Residential, Rural and other Areas",11,19,75,NA
249,14/04/2012,Chhattisgarh,Korba,"Pragati Nagar NTPC Colony, Korba",Chattisgarh Environment Conservation Board,"Residential, Rural and other Areas",11,18,69,NA
249,18/04/2012,Chhattisgarh,Korba,"Pragati Nagar NTPC Colony, Korba",Chattisgarh Environment Conservation Board,"Residential, Rural and other Areas",11,18,72,NA
249,21/04/2012,Chhattisgarh,Korba,"Pragati Nagar NTPC Colony, Korba",Chattisgarh Environment Conservation Board,"Residential, Rural and other Areas",11,19,74,NA
249,25/04/2012,Chhattisgarh,Korba,"Pragati Nagar NTPC Colony, Korba",Chattisgarh Environment Conservation Board,"Residential, Rural and other Areas",11,19,76,NA
249,28/04/2012,Chhattisgarh,Korba,"Pragati Nagar NTPC Colony, Korba",Chattisgarh Environment Conservation Board,"Residential, Rural and other Areas",12,19,75,NA
249,5/2/2012,Chhattisgarh,Korba,"Pragati Nagar NTPC Colony, Korba",Chattisgarh Environment Conservation Board,"Residential, Rural and other Areas",12,19,75,NA
249,5/5/2012,Chhattisgarh,Korba,"Pragati Nagar NTPC Colony, Korba",Chattisgarh Environment Conservation Board,"Residential, Rural and other Areas",12,19,76,NA
249,5/9/2012,Chhattisgarh,Korba,"Pragati Nagar NTPC Colony, Korba",Chattisgarh Environment Conservation Board,"Residential, Rural and other Areas",12,19,79,NA
249,5/12/2012,Chhattisgarh,Korba,"Pragati Nagar NTPC Colony, Korba",Chattisgarh Environment Conservation Board,"Residential, Rural and other Areas",12,20,81,NA
249,16/05/2012,Chhattisgarh,Korba,"Pragati Nagar NTPC Colony, Korba",Chattisgarh Environment Conservation Board,"Residential, Rural and other Areas",12,20,81,NA
249,19/05/2012,Chhattisgarh,Korba,"Pragati Nagar NTPC Colony, Korba",Chattisgarh Environment Conservation Board,"Residential, Rural and other Areas",12,20,80,NA
249,23/05/2012,Chhattisgarh,Korba,"Pragati Nagar NTPC Colony, Korba",Chattisgarh Environment Conservation Board,"Residential, Rural and other Areas",13,20,85,NA
249,26/05/2012,Chhattisgarh,Korba,"Pragati Nagar NTPC Colony, Korba",Chattisgarh Environment Conservation Board,"Residential, Rural and other Areas",12,20,79,NA
249,30/05/2012,Chhattisgarh,Korba,"Pragati Nagar NTPC Colony, Korba",Chattisgarh Environment Conservation Board,"Residential, Rural and other Areas",12,20,78,NA
249,6/2/2012,Chhattisgarh,Korba,"Pragati Nagar NTPC Colony, Korba",Chattisgarh Environment Conservation Board,"Residential, Rural and other Areas",12,20,79,NA
249,6/6/2012,Chhattisgarh,Korba,"Pragati Nagar NTPC Colony, Korba",Chattisgarh Environment Conservation Board,"Residential, Rural and other Areas",12,19,80,NA
249,6/9/2012,Chhattisgarh,Korba,"Pragati Nagar NTPC Colony, Korba",Chattisgarh Environment Conservation Board,"Residential, Rural and other Areas",12,20,79,NA
249,13/06/2012,Chhattisgarh,Korba,"Pragati Nagar NTPC Colony, Korba",Chattisgarh Environment Conservation Board,"Residential, Rural and other Areas",12,19,78,NA
249,16/06/2012,Chhattisgarh,Korba,"Pragati Nagar NTPC Colony, Korba",Chattisgarh Environment Conservation Board,"Residential, Rural and other Areas",12,19,80,NA
249,20/06/2012,Chhattisgarh,Korba,"Pragati Nagar NTPC Colony, Korba",Chattisgarh Environment Conservation Board,"Residential, Rural and other Areas",12,19,74,NA
249,27/06/2012,Chhattisgarh,Korba,"Pragati Nagar NTPC Colony, Korba",Chattisgarh Environment Conservation Board,"Residential, Rural and other Areas",12,19,78,NA
249,28/06/2012,Chhattisgarh,Korba,"Pragati Nagar NTPC Colony, Korba",Chattisgarh Environment Conservation Board,"Residential, Rural and other Areas",12,20,NA,NA
249,30/06/2012,Chhattisgarh,Korba,"Pragati Nagar NTPC Colony, Korba",Chattisgarh Environment Conservation Board,"Residential, Rural and other Areas",12,19,77,NA
249,7/4/2012,Chhattisgarh,Korba,"Pragati Nagar NTPC Colony, Korba",Chattisgarh Environment Conservation Board,"Residential, Rural and other Areas",11,19,76,NA
249,7/7/2012,Chhattisgarh,Korba,"Pragati Nagar NTPC Colony, Korba",Chattisgarh Environment Conservation Board,"Residential, Rural and other Areas",12,19,74,NA
249,7/11/2012,Chhattisgarh,Korba,"Pragati Nagar NTPC Colony, Korba",Chattisgarh Environment Conservation Board,"Residential, Rural and other Areas",12,19,78,NA
249,14/07/2012,Chhattisgarh,Korba,"Pragati Nagar NTPC Colony, Korba",Chattisgarh Environment Conservation Board,"Residential, Rural and other Areas",11,18,71,NA
249,18/07/2012,Chhattisgarh,Korba,"Pragati Nagar NTPC Colony, Korba",Chattisgarh Environment Conservation Board,"Residential, Rural and other Areas",11,18,72,NA
249,21/07/2012,Chhattisgarh,Korba,"Pragati Nagar NTPC Colony, Korba",Chattisgarh Environment Conservation Board,"Residential, Rural and other Areas",11,18,73,NA
249,25/07/2012,Chhattisgarh,Korba,"Pragati Nagar NTPC Colony, Korba",Chattisgarh Environment Conservation Board,"Residential, Rural and other Areas",11,18,73,NA
249,28/07/2012,Chhattisgarh,Korba,"Pragati Nagar NTPC Colony, Korba",Chattisgarh Environment Conservation Board,"Residential, Rural and other Areas",11,18,73,NA
249,8/8/2012,Chhattisgarh,Korba,"Pragati Nagar NTPC Colony, Korba",Chattisgarh Environment Conservation Board,"Residential, Rural and other Areas",11,17,66,NA
249,8/11/2012,Chhattisgarh,Korba,"Pragati Nagar NTPC Colony, Korba",Chattisgarh Environment Conservation Board,"Residential, Rural and other Areas",11,18,66,NA
249,22/08/2012,Chhattisgarh,Korba,"Pragati Nagar NTPC Colony, Korba",Chattisgarh Environment Conservation Board,"Residential, Rural and other Areas",11,18,65,NA
249,29/08/2012,Chhattisgarh,Korba,"Pragati Nagar NTPC Colony, Korba",Chattisgarh Environment Conservation Board,"Residential, Rural and other Areas",12,20,77,NA
249,9/1/2012,Chhattisgarh,Korba,"Pragati Nagar NTPC Colony, Korba",Chattisgarh Environment Conservation Board,"Residential, Rural and other Areas",12,19,76,NA
249,9/5/2012,Chhattisgarh,Korba,"Pragati Nagar NTPC Colony, Korba",Chattisgarh Environment Conservation Board,"Residential, Rural and other Areas",11,NA,76,NA
249,9/8/2012,Chhattisgarh,Korba,"Pragati Nagar NTPC Colony, Korba",Chattisgarh Environment Conservation Board,"Residential, Rural and other Areas",11,18,74,NA
249,9/12/2012,Chhattisgarh,Korba,"Pragati Nagar NTPC Colony, Korba",Chattisgarh Environment Conservation Board,"Residential, Rural and other Areas",12,19,70,NA
249,19/09/2012,Chhattisgarh,Korba,"Pragati Nagar NTPC Colony, Korba",Chattisgarh Environment Conservation Board,"Residential, Rural and other Areas",12,19,73,NA
249,22/09/2012,Chhattisgarh,Korba,"Pragati Nagar NTPC Colony, Korba",Chattisgarh Environment Conservation Board,"Residential, Rural and other Areas",12,19,73,NA
249,26/09/2012,Chhattisgarh,Korba,"Pragati Nagar NTPC Colony, Korba",Chattisgarh Environment Conservation Board,"Residential, Rural and other Areas",12,20,75,NA
249,29/09/2012,Chhattisgarh,Korba,"Pragati Nagar NTPC Colony, Korba",Chattisgarh Environment Conservation Board,"Residential, Rural and other Areas",12,20,78,NA
249,29/10/2012,Chhattisgarh,Korba,"Pragati Nagar NTPC Colony, Korba",Chattisgarh Environment Conservation Board,"Residential, Rural and other Areas",13,20,NA,NA
249,10/3/2012,Chhattisgarh,Korba,"Pragati Nagar NTPC Colony, Korba",Chattisgarh Environment Conservation Board,"Residential, Rural and other Areas",12,19,70,NA
249,10/6/2012,Chhattisgarh,Korba,"Pragati Nagar NTPC Colony, Korba",Chattisgarh Environment Conservation Board,"Residential, Rural and other Areas",12,19,72,NA
249,10/10/2012,Chhattisgarh,Korba,"Pragati Nagar NTPC Colony, Korba",Chattisgarh Environment Conservation Board,"Residential, Rural and other Areas",12,19,75,NA
249,13/10/2012,Chhattisgarh,Korba,"Pragati Nagar NTPC Colony, Korba",Chattisgarh Environment Conservation Board,"Residential, Rural and other Areas",11,18,75,NA
249,17/10/2012,Chhattisgarh,Korba,"Pragati Nagar NTPC Colony, Korba",Chattisgarh Environment Conservation Board,"Residential, Rural and other Areas",12,19,76,NA
249,20/10/2012,Chhattisgarh,Korba,"Pragati Nagar NTPC Colony, Korba",Chattisgarh Environment Conservation Board,"Residential, Rural and other Areas",12,19,78,NA
249,24/10/2012,Chhattisgarh,Korba,"Pragati Nagar NTPC Colony, Korba",Chattisgarh Environment Conservation Board,"Residential, Rural and other Areas",11,18,76,NA
249,27/10/2012,Chhattisgarh,Korba,"Pragati Nagar NTPC Colony, Korba",Chattisgarh Environment Conservation Board,"Residential, Rural and other Areas",12,19,79,NA
249,31/10/2012,Chhattisgarh,Korba,"Pragati Nagar NTPC Colony, Korba",Chattisgarh Environment Conservation Board,"Residential, Rural and other Areas",11,19,73,NA
249,11/10/2012,Chhattisgarh,Korba,"Pragati Nagar NTPC Colony, Korba",Chattisgarh Environment Conservation Board,"Residential, Rural and other Areas",12,20,70,NA
249,14/11/2012,Chhattisgarh,Korba,"Pragati Nagar NTPC Colony, Korba",Chattisgarh Environment Conservation Board,"Residential, Rural and other Areas",12,19,79,NA
249,17/11/2012,Chhattisgarh,Korba,"Pragati Nagar NTPC Colony, Korba",Chattisgarh Environment Conservation Board,"Residential, Rural and other Areas",12,19,60,NA
249,28/11/2012,Chhattisgarh,Korba,"Pragati Nagar NTPC Colony, Korba",Chattisgarh Environment Conservation Board,"Residential, Rural and other Areas",12,20,63,NA
249,12/1/2012,Chhattisgarh,Korba,"Pragati Nagar NTPC Colony, Korba",Chattisgarh Environment Conservation Board,"Residential, Rural and other Areas",11,18,58,NA
249,12/5/2012,Chhattisgarh,Korba,"Pragati Nagar NTPC Colony, Korba",Chattisgarh Environment Conservation Board,"Residential, Rural and other Areas",12,20,64,NA
249,12/8/2012,Chhattisgarh,Korba,"Pragati Nagar NTPC Colony, Korba",Chattisgarh Environment Conservation Board,"Residential, Rural and other Areas",11,20,62,NA
249,12/12/2012,Chhattisgarh,Korba,"Pragati Nagar NTPC Colony, Korba",Chattisgarh Environment Conservation Board,"Residential, Rural and other Areas",11,20,52,NA
249,15/12/2012,Chhattisgarh,Korba,"Pragati Nagar NTPC Colony, Korba",Chattisgarh Environment Conservation Board,"Residential, Rural and other Areas",11,20,63,NA
249,19/12/2012,Chhattisgarh,Korba,"Pragati Nagar NTPC Colony, Korba",Chattisgarh Environment Conservation Board,"Residential, Rural and other Areas",11,20,58,NA
249,22/12/2012,Chhattisgarh,Korba,"Pragati Nagar NTPC Colony, Korba",Chattisgarh Environment Conservation Board,"Residential, Rural and other Areas",12,20,66,NA
249,26/12/2012,Chhattisgarh,Korba,"Pragati Nagar NTPC Colony, Korba",Chattisgarh Environment Conservation Board,"Residential, Rural and other Areas",12,20,61,NA
364,1/9/2012,Chhattisgarh,Korba,"HIG 21,22.Near Ghantaghar, M.P. Extension, Korba",Chattisgarh Environment Conservation Board,"Residential, Rural and other Areas",11,19,NA,NA
364,1/12/2012,Chhattisgarh,Korba,"HIG 21,22.Near Ghantaghar, M.P. Extension, Korba",Chattisgarh Environment Conservation Board,"Residential, Rural and other Areas",11,19,NA,NA
364,16/01/2012,Chhattisgarh,Korba,"HIG 21,22.Near Ghantaghar, M.P. Extension, Korba",Chattisgarh Environment Conservation Board,"Residential, Rural and other Areas",11,19,NA,NA
364,19/01/2012,Chhattisgarh,Korba,"HIG 21,22.Near Ghantaghar, M.P. Extension, Korba",Chattisgarh Environment Conservation Board,"Residential, Rural and other Areas",11,19,NA,NA
364,23/01/2012,Chhattisgarh,Korba,"HIG 21,22.Near Ghantaghar, M.P. Extension, Korba",Chattisgarh Environment Conservation Board,"Residential, Rural and other Areas",11,19,NA,NA
364,30/01/2012,Chhattisgarh,Korba,"HIG 21,22.Near Ghantaghar, M.P. Extension, Korba",Chattisgarh Environment Conservation Board,"Residential, Rural and other Areas",12,19,NA,NA
364,2/2/2012,Chhattisgarh,Korba,"HIG 21,22.Near Ghantaghar, M.P. Extension, Korba",Chattisgarh Environment Conservation Board,"Residential, Rural and other Areas",11,18,83,NA
364,2/6/2012,Chhattisgarh,Korba,"HIG 21,22.Near Ghantaghar, M.P. Extension, Korba",Chattisgarh Environment Conservation Board,"Residential, Rural and other Areas",11,19,86,NA
364,2/9/2012,Chhattisgarh,Korba,"HIG 21,22.Near Ghantaghar, M.P. Extension, Korba",Chattisgarh Environment Conservation Board,"Residential, Rural and other Areas",12,19,85,NA
364,13/02/2012,Chhattisgarh,Korba,"HIG 21,22.Near Ghantaghar, M.P. Extension, Korba",Chattisgarh Environment Conservation Board,"Residential, Rural and other Areas",12,19,90,NA
364,16/02/2012,Chhattisgarh,Korba,"HIG 21,22.Near Ghantaghar, M.P. Extension, Korba",Chattisgarh Environment Conservation Board,"Residential, Rural and other Areas",11,18,82,NA
364,20/02/2012,Chhattisgarh,Korba,"HIG 21,22.Near Ghantaghar, M.P. Extension, Korba",Chattisgarh Environment Conservation Board,"Residential, Rural and other Areas",11,18,83,NA
364,23/02/2012,Chhattisgarh,Korba,"HIG 21,22.Near Ghantaghar, M.P. Extension, Korba",Chattisgarh Environment Conservation Board,"Residential, Rural and other Areas",11,18,85,NA
364,27/02/2012,Chhattisgarh,Korba,"HIG 21,22.Near Ghantaghar, M.P. Extension, Korba",Chattisgarh Environment Conservation Board,"Residential, Rural and other Areas",12,19,85,NA
364,3/1/2012,Chhattisgarh,Korba,"HIG 21,22.Near Ghantaghar, M.P. Extension, Korba",Chattisgarh Environment Conservation Board,"Residential, Rural and other Areas",13,20,NA,NA
364,3/5/2012,Chhattisgarh,Korba,"HIG 21,22.Near Ghantaghar, M.P. Extension, Korba",Chattisgarh Environment Conservation Board,"Residential, Rural and other Areas",12,20,NA,NA
364,3/8/2012,Chhattisgarh,Korba,"HIG 21,22.Near Ghantaghar, M.P. Extension, Korba",Chattisgarh Environment Conservation Board,"Residential, Rural and other Areas",12,19,NA,NA
364,3/12/2012,Chhattisgarh,Korba,"HIG 21,22.Near Ghantaghar, M.P. Extension, Korba",Chattisgarh Environment Conservation Board,"Residential, Rural and other Areas",12,19,NA,NA
364,15/03/2012,Chhattisgarh,Korba,"HIG 21,22.Near Ghantaghar, M.P. Extension, Korba",Chattisgarh Environment Conservation Board,"Residential, Rural and other Areas",12,19,NA,NA
364,19/03/2012,Chhattisgarh,Korba,"HIG 21,22.Near Ghantaghar, M.P. Extension, Korba",Chattisgarh Environment Conservation Board,"Residential, Rural and other Areas",12,19,NA,NA
364,22/03/2012,Chhattisgarh,Korba,"HIG 21,22.Near Ghantaghar, M.P. Extension, Korba",Chattisgarh Environment Conservation Board,"Residential, Rural and other Areas",12,19,NA,NA
364,26/03/2012,Chhattisgarh,Korba,"HIG 21,22.Near Ghantaghar, M.P. Extension, Korba",Chattisgarh Environment Conservation Board,"Residential, Rural and other Areas",12,19,NA,NA
364,29/03/2012,Chhattisgarh,Korba,"HIG 21,22.Near Ghantaghar, M.P. Extension, Korba",Chattisgarh Environment Conservation Board,"Residential, Rural and other Areas",12,19,NA,NA
364,4/2/2012,Chhattisgarh,Korba,"HIG 21,22.Near Ghantaghar, M.P. Extension, Korba",Chattisgarh Environment Conservation Board,"Residential, Rural and other Areas",12,19,NA,NA
364,4/5/2012,Chhattisgarh,Korba,"HIG 21,22.Near Ghantaghar, M.P. Extension, Korba",Chattisgarh Environment Conservation Board,"Residential, Rural and other Areas",12,19,NA,NA
364,4/9/2012,Chhattisgarh,Korba,"HIG 21,22.Near Ghantaghar, M.P. Extension, Korba",Chattisgarh Environment Conservation Board,"Residential, Rural and other Areas",12,19,NA,NA
364,4/12/2012,Chhattisgarh,Korba,"HIG 21,22.Near Ghantaghar, M.P. Extension, Korba",Chattisgarh Environment Conservation Board,"Residential, Rural and other Areas",12,19,NA,NA
364,16/04/2012,Chhattisgarh,Korba,"HIG 21,22.Near Ghantaghar, M.P. Extension, Korba",Chattisgarh Environment Conservation Board,"Residential, Rural and other Areas",11,19,NA,NA
364,19/04/2012,Chhattisgarh,Korba,"HIG 21,22.Near Ghantaghar, M.P. Extension, Korba",Chattisgarh Environment Conservation Board,"Residential, Rural and other Areas",12,19,NA,NA
364,23/04/2012,Chhattisgarh,Korba,"HIG 21,22.Near Ghantaghar, M.P. Extension, Korba",Chattisgarh Environment Conservation Board,"Residential, Rural and other Areas",12,19,NA,NA
364,26/04/2012,Chhattisgarh,Korba,"HIG 21,22.Near Ghantaghar, M.P. Extension, Korba",Chattisgarh Environment Conservation Board,"Residential, Rural and other Areas",12,19,NA,NA
364,30/04/2012,Chhattisgarh,Korba,"HIG 21,22.Near Ghantaghar, M.P. Extension, Korba",Chattisgarh Environment Conservation Board,"Residential, Rural and other Areas",12,20,NA,NA
364,5/3/2012,Chhattisgarh,Korba,"HIG 21,22.Near Ghantaghar, M.P. Extension, Korba",Chattisgarh Environment Conservation Board,"Residential, Rural and other Areas",12,19,NA,NA
364,5/7/2012,Chhattisgarh,Korba,"HIG 21,22.Near Ghantaghar, M.P. Extension, Korba",Chattisgarh Environment Conservation Board,"Residential, Rural and other Areas",12,19,NA,NA
364,5/10/2012,Chhattisgarh,Korba,"HIG 21,22.Near Ghantaghar, M.P. Extension, Korba",Chattisgarh Environment Conservation Board,"Residential, Rural and other Areas",13,20,NA,NA
364,14/05/2012,Chhattisgarh,Korba,"HIG 21,22.Near Ghantaghar, M.P. Extension, Korba",Chattisgarh Environment Conservation Board,"Residential, Rural and other Areas",13,20,NA,NA
364,17/05/2012,Chhattisgarh,Korba,"HIG 21,22.Near Ghantaghar, M.P. Extension, Korba",Chattisgarh Environment Conservation Board,"Residential, Rural and other Areas",13,20,NA,NA
364,21/05/2012,Chhattisgarh,Korba,"HIG 21,22.Near Ghantaghar, M.P. Extension, Korba",Chattisgarh Environment Conservation Board,"Residential, Rural and other Areas",13,21,NA,NA
364,24/05/2012,Chhattisgarh,Korba,"HIG 21,22.Near Ghantaghar, M.P. Extension, Korba",Chattisgarh Environment Conservation Board,"Residential, Rural and other Areas",13,20,NA,NA
364,28/05/2012,Chhattisgarh,Korba,"HIG 21,22.Near Ghantaghar, M.P. Extension, Korba",Chattisgarh Environment Conservation Board,"Residential, Rural and other Areas",12,20,NA,NA
364,31/05/2012,Chhattisgarh,Korba,"HIG 21,22.Near Ghantaghar, M.P. Extension, Korba",Chattisgarh Environment Conservation Board,"Residential, Rural and other Areas",12,20,NA,NA
364,6/4/2012,Chhattisgarh,Korba,"HIG 21,22.Near Ghantaghar, M.P. Extension, Korba",Chattisgarh Environment Conservation Board,"Residential, Rural and other Areas",12,19,NA,NA
364,6/7/2012,Chhattisgarh,Korba,"HIG 21,22.Near Ghantaghar, M.P. Extension, Korba",Chattisgarh Environment Conservation Board,"Residential, Rural and other Areas",13,20,NA,NA
364,6/11/2012,Chhattisgarh,Korba,"HIG 21,22.Near Ghantaghar, M.P. Extension, Korba",Chattisgarh Environment Conservation Board,"Residential, Rural and other Areas",13,20,NA,NA
364,14/06/2012,Chhattisgarh,Korba,"HIG 21,22.Near Ghantaghar, M.P. Extension, Korba",Chattisgarh Environment Conservation Board,"Residential, Rural and other Areas",12,19,NA,NA
364,18/06/2012,Chhattisgarh,Korba,"HIG 21,22.Near Ghantaghar, M.P. Extension, Korba",Chattisgarh Environment Conservation Board,"Residential, Rural and other Areas",13,20,NA,NA
364,28/06/2012,Chhattisgarh,Korba,"HIG 21,22.Near Ghantaghar, M.P. Extension, Korba",Chattisgarh Environment Conservation Board,"Residential, Rural and other Areas",12,20,NA,NA
364,7/2/2012,Chhattisgarh,Korba,"HIG 21,22.Near Ghantaghar, M.P. Extension, Korba",Chattisgarh Environment Conservation Board,"Residential, Rural and other Areas",12,20,NA,NA
364,7/5/2012,Chhattisgarh,Korba,"HIG 21,22.Near Ghantaghar, M.P. Extension, Korba",Chattisgarh Environment Conservation Board,"Residential, Rural and other Areas",12,20,NA,NA
364,7/9/2012,Chhattisgarh,Korba,"HIG 21,22.Near Ghantaghar, M.P. Extension, Korba",Chattisgarh Environment Conservation Board,"Residential, Rural and other Areas",12,19,NA,NA
364,7/12/2012,Chhattisgarh,Korba,"HIG 21,22.Near Ghantaghar, M.P. Extension, Korba",Chattisgarh Environment Conservation Board,"Residential, Rural and other Areas",12,19,NA,NA
364,16/07/2012,Chhattisgarh,Korba,"HIG 21,22.Near Ghantaghar, M.P. Extension, Korba",Chattisgarh Environment Conservation Board,"Residential, Rural and other Areas",11,19,NA,NA
364,23/07/2012,Chhattisgarh,Korba,"HIG 21,22.Near Ghantaghar, M.P. Extension, Korba",Chattisgarh Environment Conservation Board,"Residential, Rural and other Areas",12,19,NA,NA
364,26/07/2012,Chhattisgarh,Korba,"HIG 21,22.Near Ghantaghar, M.P. Extension, Korba",Chattisgarh Environment Conservation Board,"Residential, Rural and other Areas",11,18,NA,NA
364,8/9/2012,Chhattisgarh,Korba,"HIG 21,22.Near Ghantaghar, M.P. Extension, Korba",Chattisgarh Environment Conservation Board,"Residential, Rural and other Areas",11,18,NA,NA
364,13/08/2012,Chhattisgarh,Korba,"HIG 21,22.Near Ghantaghar, M.P. Extension, Korba",Chattisgarh Environment Conservation Board,"Residential, Rural and other Areas",11,18,NA,NA
364,20/08/2012,Chhattisgarh,Korba,"HIG 21,22.Near Ghantaghar, M.P. Extension, Korba",Chattisgarh Environment Conservation Board,"Residential, Rural and other Areas",11,18,NA,NA
364,23/08/2012,Chhattisgarh,Korba,"HIG 21,22.Near Ghantaghar, M.P. Extension, Korba",Chattisgarh Environment Conservation Board,"Residential, Rural and other Areas",12,19,NA,NA
364,30/08/2012,Chhattisgarh,Korba,"HIG 21,22.Near Ghantaghar, M.P. Extension, Korba",Chattisgarh Environment Conservation Board,"Residential, Rural and other Areas",13,20,NA,NA
364,9/3/2012,Chhattisgarh,Korba,"HIG 21,22.Near Ghantaghar, M.P. Extension, Korba",Chattisgarh Environment Conservation Board,"Residential, Rural and other Areas",12,19,NA,NA
364,9/6/2012,Chhattisgarh,Korba,"HIG 21,22.Near Ghantaghar, M.P. Extension, Korba",Chattisgarh Environment Conservation Board,"Residential, Rural and other Areas",12,19,NA,NA
364,9/10/2012,Chhattisgarh,Korba,"HIG 21,22.Near Ghantaghar, M.P. Extension, Korba",Chattisgarh Environment Conservation Board,"Residential, Rural and other Areas",11,19,NA,NA
364,17/09/2012,Chhattisgarh,Korba,"HIG 21,22.Near Ghantaghar, M.P. Extension, Korba",Chattisgarh Environment Conservation Board,"Residential, Rural and other Areas",11,18,NA,NA
364,20/09/2012,Chhattisgarh,Korba,"HIG 21,22.Near Ghantaghar, M.P. Extension, Korba",Chattisgarh Environment Conservation Board,"Residential, Rural and other Areas",12,20,NA,NA
364,24/09/2012,Chhattisgarh,Korba,"HIG 21,22.Near Ghantaghar, M.P. Extension, Korba",Chattisgarh Environment Conservation Board,"Residential, Rural and other Areas",12,19,NA,NA
364,27/09/2012,Chhattisgarh,Korba,"HIG 21,22.Near Ghantaghar, M.P. Extension, Korba",Chattisgarh Environment Conservation Board,"Residential, Rural and other Areas",12,19,NA,NA
364,10/1/2012,Chhattisgarh,Korba,"HIG 21,22.Near Ghantaghar, M.P. Extension, Korba",Chattisgarh Environment Conservation Board,"Residential, Rural and other Areas",12,19,NA,NA
364,10/4/2012,Chhattisgarh,Korba,"HIG 21,22.Near Ghantaghar, M.P. Extension, Korba",Chattisgarh Environment Conservation Board,"Residential, Rural and other Areas",13,20,NA,NA
364,10/8/2012,Chhattisgarh,Korba,"HIG 21,22.Near Ghantaghar, M.P. Extension, Korba",Chattisgarh Environment Conservation Board,"Residential, Rural and other Areas",12,19,NA,NA
364,10/11/2012,Chhattisgarh,Korba,"HIG 21,22.Near Ghantaghar, M.P. Extension, Korba",Chattisgarh Environment Conservation Board,"Residential, Rural and other Areas",12,19,NA,NA
364,18/10/2012,Chhattisgarh,Korba,"HIG 21,22.Near Ghantaghar, M.P. Extension, Korba",Chattisgarh Environment Conservation Board,"Residential, Rural and other Areas",12,19,NA,NA
364,22/10/2012,Chhattisgarh,Korba,"HIG 21,22.Near Ghantaghar, M.P. Extension, Korba",Chattisgarh Environment Conservation Board,"Residential, Rural and other Areas",12,19,NA,NA
364,25/10/2012,Chhattisgarh,Korba,"HIG 21,22.Near Ghantaghar, M.P. Extension, Korba",Chattisgarh Environment Conservation Board,"Residential, Rural and other Areas",12,19,NA,NA
364,29/10/2012,Chhattisgarh,Korba,"HIG 21,22.Near Ghantaghar, M.P. Extension, Korba",Chattisgarh Environment Conservation Board,"Residential, Rural and other Areas",13,20,NA,NA
364,11/1/2012,Chhattisgarh,Korba,"HIG 21,22.Near Ghantaghar, M.P. Extension, Korba",Chattisgarh Environment Conservation Board,"Residential, Rural and other Areas",11,18,NA,NA
364,11/5/2012,Chhattisgarh,Korba,"HIG 21,22.Near Ghantaghar, M.P. Extension, Korba",Chattisgarh Environment Conservation Board,"Residential, Rural and other Areas",12,20,NA,NA
364,11/8/2012,Chhattisgarh,Korba,"HIG 21,22.Near Ghantaghar, M.P. Extension, Korba",Chattisgarh Environment Conservation Board,"Residential, Rural and other Areas",12,20,NA,NA
364,15/11/2012,Chhattisgarh,Korba,"HIG 21,22.Near Ghantaghar, M.P. Extension, Korba",Chattisgarh Environment Conservation Board,"Residential, Rural and other Areas",12,19,NA,NA
364,26/11/2012,Chhattisgarh,Korba,"HIG 21,22.Near Ghantaghar, M.P. Extension, Korba",Chattisgarh Environment Conservation Board,"Residential, Rural and other Areas",12,19,NA,NA
364,29/11/2012,Chhattisgarh,Korba,"HIG 21,22.Near Ghantaghar, M.P. Extension, Korba",Chattisgarh Environment Conservation Board,"Residential, Rural and other Areas",12,20,NA,NA
364,12/3/2012,Chhattisgarh,Korba,"HIG 21,22.Near Ghantaghar, M.P. Extension, Korba",Chattisgarh Environment Conservation Board,"Residential, Rural and other Areas",12,20,NA,NA
364,12/6/2012,Chhattisgarh,Korba,"HIG 21,22.Near Ghantaghar, M.P. Extension, Korba",Chattisgarh Environment Conservation Board,"Residential, Rural and other Areas",12,20,NA,NA
364,12/10/2012,Chhattisgarh,Korba,"HIG 21,22.Near Ghantaghar, M.P. Extension, Korba",Chattisgarh Environment Conservation Board,"Residential, Rural and other Areas",12,20,NA,NA
364,13/12/2012,Chhattisgarh,Korba,"HIG 21,22.Near Ghantaghar, M.P. Extension, Korba",Chattisgarh Environment Conservation Board,"Residential, Rural and other Areas",11,18,NA,NA
364,17/12/2012,Chhattisgarh,Korba,"HIG 21,22.Near Ghantaghar, M.P. Extension, Korba",Chattisgarh Environment Conservation Board,"Residential, Rural and other Areas",12,20,NA,NA
364,20/12/2012,Chhattisgarh,Korba,"HIG 21,22.Near Ghantaghar, M.P. Extension, Korba",Chattisgarh Environment Conservation Board,"Residential, Rural and other Areas",13,20,NA,NA
364,27/12/2012,Chhattisgarh,Korba,"HIG 21,22.Near Ghantaghar, M.P. Extension, Korba",Chattisgarh Environment Conservation Board,"Residential, Rural and other Areas",13,20,NA,NA
447,2/8/2012,Chhattisgarh,Raipur,"Yatayat Thana, Near Jai Stambh Chowk, Raipur",Chattisgarh Environment Conservation Board,"Residential, Rural and other Areas",14,39,229,NA
447,2/11/2012,Chhattisgarh,Raipur,"Yatayat Thana, Near Jai Stambh Chowk, Raipur",Chattisgarh Environment Conservation Board,"Residential, Rural and other Areas",13,38,221,NA
447,15/02/2012,Chhattisgarh,Raipur,"Yatayat Thana, Near Jai Stambh Chowk, Raipur",Chattisgarh Environment Conservation Board,"Residential, Rural and other Areas",14,41,228,NA
447,18/02/2012,Chhattisgarh,Raipur,"Yatayat Thana, Near Jai Stambh Chowk, Raipur",Chattisgarh Environment Conservation Board,"Residential, Rural and other Areas",12,36,206,NA
447,22/02/2012,Chhattisgarh,Raipur,"Yatayat Thana, Near Jai Stambh Chowk, Raipur",Chattisgarh Environment Conservation Board,"Residential, Rural and other Areas",12,35,208,NA
447,25/02/2012,Chhattisgarh,Raipur,"Yatayat Thana, Near Jai Stambh Chowk, Raipur",Chattisgarh Environment Conservation Board,"Residential, Rural and other Areas",14,38,220,NA
447,29/02/2012,Chhattisgarh,Raipur,"Yatayat Thana, Near Jai Stambh Chowk, Raipur",Chattisgarh Environment Conservation Board,"Residential, Rural and other Areas",12,36,205,NA
447,3/3/2012,Chhattisgarh,Raipur,"Yatayat Thana, Near Jai Stambh Chowk, Raipur",Chattisgarh Environment Conservation Board,"Residential, Rural and other Areas",12,36,219,NA
447,3/7/2012,Chhattisgarh,Raipur,"Yatayat Thana, Near Jai Stambh Chowk, Raipur",Chattisgarh Environment Conservation Board,"Residential, Rural and other Areas",11,34,216,NA
447,3/10/2012,Chhattisgarh,Raipur,"Yatayat Thana, Near Jai Stambh Chowk, Raipur",Chattisgarh Environment Conservation Board,"Residential, Rural and other Areas",13,37,217,NA
447,6/2/2012,Chhattisgarh,Raipur,"Yatayat Thana, Near Jai Stambh Chowk, Raipur",Chattisgarh Environment Conservation Board,"Residential, Rural and other Areas",12,35,199,NA
447,6/6/2012,Chhattisgarh,Raipur,"Yatayat Thana, Near Jai Stambh Chowk, Raipur",Chattisgarh Environment Conservation Board,"Residential, Rural and other Areas",13,37,203,NA
447,6/9/2012,Chhattisgarh,Raipur,"Yatayat Thana, Near Jai Stambh Chowk, Raipur",Chattisgarh Environment Conservation Board,"Residential, Rural and other Areas",13,35,197,NA
447,13/06/2012,Chhattisgarh,Raipur,"Yatayat Thana, Near Jai Stambh Chowk, Raipur",Chattisgarh Environment Conservation Board,"Residential, Rural and other Areas",13,39,207,NA
447,16/06/2012,Chhattisgarh,Raipur,"Yatayat Thana, Near Jai Stambh Chowk, Raipur",Chattisgarh Environment Conservation Board,"Residential, Rural and other Areas",12,36,190,NA
447,23/06/2012,Chhattisgarh,Raipur,"Yatayat Thana, Near Jai Stambh Chowk, Raipur",Chattisgarh Environment Conservation Board,"Residential, Rural and other Areas",14,39,175,NA
447,27/06/2012,Chhattisgarh,Raipur,"Yatayat Thana, Near Jai Stambh Chowk, Raipur",Chattisgarh Environment Conservation Board,"Residential, Rural and other Areas",15,40,244,NA
447,30/06/2012,Chhattisgarh,Raipur,"Yatayat Thana, Near Jai Stambh Chowk, Raipur",Chattisgarh Environment Conservation Board,"Residential, Rural and other Areas",13,39,219,NA
447,7/4/2012,Chhattisgarh,Raipur,"Yatayat Thana, Near Jai Stambh Chowk, Raipur",Chattisgarh Environment Conservation Board,"Residential, Rural and other Areas",10,31,142,NA
