Stn Code,Sampling Date,State,City/Town/Village/Area,Agency,Type of Location,SO2,NO2,RSPM/PM10,SPM
106,January - M011992,Chandigarh,Chandigarh,Central Pollution Control Board,Industrial Area,NA,NA,NA,666
107,January - M011992,Chandigarh,Chandigarh,Central Pollution Control Board,"Residential, Rural and other Areas",NA,NA,NA,629
106,February - M021992,Chandigarh,Chandigarh,Central Pollution Control Board,Industrial Area,NA,NA,NA,649
106,May - M051992,Chandigarh,Chandigarh,Central Pollution Control Board,Industrial Area,NA,NA,NA,304
107,May - M051992,Chandigarh,Chandigarh,Central Pollution Control Board,"Residential, Rural and other Areas",NA,NA,NA,341
106,June - M061992,Chandigarh,Chandigarh,Central Pollution Control Board,Industrial Area,NA,NA,NA,270
107,June - M061992,Chandigarh,Chandigarh,Central Pollution Control Board,"Residential, Rural and other Areas",NA,NA,NA,179
106,July - M071992,Chandigarh,Chandigarh,Central Pollution Control Board,Industrial Area,NA,NA,NA,441
107,July - M071992,Chandigarh,Chandigarh,Central Pollution Control Board,"Residential, Rural and other Areas",NA,NA,NA,260
