"Stn Code","Sampling Date","State","City/Town/Village/Area","Location of Monitoring Station","Agency","Type of Location","SO2","NO2","RSPM/PM10","PM 2.5"
784,07-07-14,Puducherry,Karaikal,"B.Ed College (PKCE), Nehru Nagar, Karaikal",Puducherry Pollution Conrol Committee,"Residential, Rural and other Areas",6,9,16,NA
784,07-10-14,Puducherry,Karaikal,"B.Ed College (PKCE), Nehru Nagar, Karaikal",Puducherry Pollution Conrol Committee,"Residential, Rural and other Areas",8,9,14,NA
784,14-07-14,Puducherry,Karaikal,"B.Ed College (PKCE), Nehru Nagar, Karaikal",Puducherry Pollution Conrol Committee,"Residential, Rural and other Areas",11,9,13,NA
784,17-07-14,Puducherry,Karaikal,"B.Ed College (PKCE), Nehru Nagar, Karaikal",Puducherry Pollution Conrol Committee,"Residential, Rural and other Areas",11,16,37,NA
784,21-07-14,Puducherry,Karaikal,"B.Ed College (PKCE), Nehru Nagar, Karaikal",Puducherry Pollution Conrol Committee,"Residential, Rural and other Areas",9,11,11,NA
784,24-07-14,Puducherry,Karaikal,"B.Ed College (PKCE), Nehru Nagar, Karaikal",Puducherry Pollution Conrol Committee,"Residential, Rural and other Areas",16,8,15,NA
784,28-07-14,Puducherry,Karaikal,"B.Ed College (PKCE), Nehru Nagar, Karaikal",Puducherry Pollution Conrol Committee,"Residential, Rural and other Areas",9,20,38,NA
784,31-07-14,Puducherry,Karaikal,"B.Ed College (PKCE), Nehru Nagar, Karaikal",Puducherry Pollution Conrol Committee,"Residential, Rural and other Areas",2,25,13,NA
784,08-04-14,Puducherry,Karaikal,"B.Ed College (PKCE), Nehru Nagar, Karaikal",Puducherry Pollution Conrol Committee,"Residential, Rural and other Areas",8,18,21,NA
784,08-07-14,Puducherry,Karaikal,"B.Ed College (PKCE), Nehru Nagar, Karaikal",Puducherry Pollution Conrol Committee,"Residential, Rural and other Areas",5,28,25,NA
784,08-11-14,Puducherry,Karaikal,"B.Ed College (PKCE), Nehru Nagar, Karaikal",Puducherry Pollution Conrol Committee,"Residential, Rural and other Areas",8,5,23,NA
784,14-08-14,Puducherry,Karaikal,"B.Ed College (PKCE), Nehru Nagar, Karaikal",Puducherry Pollution Conrol Committee,"Residential, Rural and other Areas",8,5,34,NA
784,18-08-14,Puducherry,Karaikal,"B.Ed College (PKCE), Nehru Nagar, Karaikal",Puducherry Pollution Conrol Committee,"Residential, Rural and other Areas",10,6,19,NA
784,21-08-14,Puducherry,Karaikal,"B.Ed College (PKCE), Nehru Nagar, Karaikal",Puducherry Pollution Conrol Committee,"Residential, Rural and other Areas",18,15,19,NA
784,25-08-14,Puducherry,Karaikal,"B.Ed College (PKCE), Nehru Nagar, Karaikal",Puducherry Pollution Conrol Committee,"Residential, Rural and other Areas",8,5,13,NA
784,28-08-14,Puducherry,Karaikal,"B.Ed College (PKCE), Nehru Nagar, Karaikal",Puducherry Pollution Conrol Committee,"Residential, Rural and other Areas",9,5,18,NA
784,09-01-14,Puducherry,Karaikal,"B.Ed College (PKCE), Nehru Nagar, Karaikal",Puducherry Pollution Conrol Committee,"Residential, Rural and other Areas",12,6,17,NA
784,09-04-14,Puducherry,Karaikal,"B.Ed College (PKCE), Nehru Nagar, Karaikal",Puducherry Pollution Conrol Committee,"Residential, Rural and other Areas",12,6,19,NA
784,09-08-14,Puducherry,Karaikal,"B.Ed College (PKCE), Nehru Nagar, Karaikal",Puducherry Pollution Conrol Committee,"Residential, Rural and other Areas",14,10,11,NA
784,09-11-14,Puducherry,Karaikal,"B.Ed College (PKCE), Nehru Nagar, Karaikal",Puducherry Pollution Conrol Committee,"Residential, Rural and other Areas",10,5,23,NA
784,15-09-14,Puducherry,Karaikal,"B.Ed College (PKCE), Nehru Nagar, Karaikal",Puducherry Pollution Conrol Committee,"Residential, Rural and other Areas",9,5,19,NA
784,18-09-14,Puducherry,Karaikal,"B.Ed College (PKCE), Nehru Nagar, Karaikal",Puducherry Pollution Conrol Committee,"Residential, Rural and other Areas",10,8,31,NA
784,22-09-14,Puducherry,Karaikal,"B.Ed College (PKCE), Nehru Nagar, Karaikal",Puducherry Pollution Conrol Committee,"Residential, Rural and other Areas",6,5,34,NA
784,25-09-14,Puducherry,Karaikal,"B.Ed College (PKCE), Nehru Nagar, Karaikal",Puducherry Pollution Conrol Committee,"Residential, Rural and other Areas",10,8,30,NA
784,29-09-14,Puducherry,Karaikal,"B.Ed College (PKCE), Nehru Nagar, Karaikal",Puducherry Pollution Conrol Committee,"Residential, Rural and other Areas",11,9,11,NA
784,10-06-14,Puducherry,Karaikal,"B.Ed College (PKCE), Nehru Nagar, Karaikal",Puducherry Pollution Conrol Committee,"Residential, Rural and other Areas",12,11,25,NA
784,10-09-14,Puducherry,Karaikal,"B.Ed College (PKCE), Nehru Nagar, Karaikal",Puducherry Pollution Conrol Committee,"Residential, Rural and other Areas",10,9,42,NA
784,13-10-14,Puducherry,Karaikal,"B.Ed College (PKCE), Nehru Nagar, Karaikal",Puducherry Pollution Conrol Committee,"Residential, Rural and other Areas",7,7,21,NA
784,16-10-14,Puducherry,Karaikal,"B.Ed College (PKCE), Nehru Nagar, Karaikal",Puducherry Pollution Conrol Committee,"Residential, Rural and other Areas",6,6,25,NA
784,20-10-14,Puducherry,Karaikal,"B.Ed College (PKCE), Nehru Nagar, Karaikal",Puducherry Pollution Conrol Committee,"Residential, Rural and other Areas",11,7,17,NA
784,27-10-14,Puducherry,Karaikal,"B.Ed College (PKCE), Nehru Nagar, Karaikal",Puducherry Pollution Conrol Committee,"Residential, Rural and other Areas",6,5,26,NA
784,30-10-14,Puducherry,Karaikal,"B.Ed College (PKCE), Nehru Nagar, Karaikal",Puducherry Pollution Conrol Committee,"Residential, Rural and other Areas",6,5,48,NA
784,11-06-14,Puducherry,Karaikal,"B.Ed College (PKCE), Nehru Nagar, Karaikal",Puducherry Pollution Conrol Committee,"Residential, Rural and other Areas",10,7,72,NA
784,11-10-14,Puducherry,Karaikal,"B.Ed College (PKCE), Nehru Nagar, Karaikal",Puducherry Pollution Conrol Committee,"Residential, Rural and other Areas",7,5,53,NA
784,17-11-14,Puducherry,Karaikal,"B.Ed College (PKCE), Nehru Nagar, Karaikal",Puducherry Pollution Conrol Committee,"Residential, Rural and other Areas",7,5,61,NA
784,20-11-14,Puducherry,Karaikal,"B.Ed College (PKCE), Nehru Nagar, Karaikal",Puducherry Pollution Conrol Committee,"Residential, Rural and other Areas",7,6,68,NA
784,24-11-14,Puducherry,Karaikal,"B.Ed College (PKCE), Nehru Nagar, Karaikal",Puducherry Pollution Conrol Committee,"Residential, Rural and other Areas",8,5,46,NA
784,27-11-14,Puducherry,Karaikal,"B.Ed College (PKCE), Nehru Nagar, Karaikal",Puducherry Pollution Conrol Committee,"Residential, Rural and other Areas",8,5,87,NA
784,12-01-14,Puducherry,Karaikal,"B.Ed College (PKCE), Nehru Nagar, Karaikal",Puducherry Pollution Conrol Committee,"Residential, Rural and other Areas",16,16,66,NA
784,12-04-14,Puducherry,Karaikal,"B.Ed College (PKCE), Nehru Nagar, Karaikal",Puducherry Pollution Conrol Committee,"Residential, Rural and other Areas",11,9,47,NA
784,12-08-14,Puducherry,Karaikal,"B.Ed College (PKCE), Nehru Nagar, Karaikal",Puducherry Pollution Conrol Committee,"Residential, Rural and other Areas",10,9,59,NA
784,12-11-14,Puducherry,Karaikal,"B.Ed College (PKCE), Nehru Nagar, Karaikal",Puducherry Pollution Conrol Committee,"Residential, Rural and other Areas",8,9,19,NA
784,15-12-14,Puducherry,Karaikal,"B.Ed College (PKCE), Nehru Nagar, Karaikal",Puducherry Pollution Conrol Committee,"Residential, Rural and other Areas",11,10,18,NA
784,18-12-14,Puducherry,Karaikal,"B.Ed College (PKCE), Nehru Nagar, Karaikal",Puducherry Pollution Conrol Committee,"Residential, Rural and other Areas",8,7,44,NA
784,22-12-14,Puducherry,Karaikal,"B.Ed College (PKCE), Nehru Nagar, Karaikal",Puducherry Pollution Conrol Committee,"Residential, Rural and other Areas",9,7,45,NA
785,07-04-14,Puducherry,Karaikal,"Govt. Tourist Home, Kovilpathu, Karaikal",Puducherry Pollution Conrol Committee,"Residential, Rural and other Areas",20,10,31,NA
785,07-08-14,Puducherry,Karaikal,"Govt. Tourist Home, Kovilpathu, Karaikal",Puducherry Pollution Conrol Committee,"Residential, Rural and other Areas",17,11,21,NA
785,07-11-14,Puducherry,Karaikal,"Govt. Tourist Home, Kovilpathu, Karaikal",Puducherry Pollution Conrol Committee,"Residential, Rural and other Areas",23,16,19,NA
785,15-07-14,Puducherry,Karaikal,"Govt. Tourist Home, Kovilpathu, Karaikal",Puducherry Pollution Conrol Committee,"Residential, Rural and other Areas",17,12,27,NA
785,18-07-14,Puducherry,Karaikal,"Govt. Tourist Home, Kovilpathu, Karaikal",Puducherry Pollution Conrol Committee,"Residential, Rural and other Areas",15,11,26,NA
785,22-07-14,Puducherry,Karaikal,"Govt. Tourist Home, Kovilpathu, Karaikal",Puducherry Pollution Conrol Committee,"Residential, Rural and other Areas",6,6,25,NA
785,25-07-14,Puducherry,Karaikal,"Govt. Tourist Home, Kovilpathu, Karaikal",Puducherry Pollution Conrol Committee,"Residential, Rural and other Areas",8,16,20,NA
785,08-01-14,Puducherry,Karaikal,"Govt. Tourist Home, Kovilpathu, Karaikal",Puducherry Pollution Conrol Committee,"Residential, Rural and other Areas",24,19,18,NA
785,08-05-14,Puducherry,Karaikal,"Govt. Tourist Home, Kovilpathu, Karaikal",Puducherry Pollution Conrol Committee,"Residential, Rural and other Areas",23,20,30,NA
785,08-08-14,Puducherry,Karaikal,"Govt. Tourist Home, Kovilpathu, Karaikal",Puducherry Pollution Conrol Committee,"Residential, Rural and other Areas",22,8,31,NA
785,08-12-14,Puducherry,Karaikal,"Govt. Tourist Home, Kovilpathu, Karaikal",Puducherry Pollution Conrol Committee,"Residential, Rural and other Areas",10,7,22,NA
785,19-08-14,Puducherry,Karaikal,"Govt. Tourist Home, Kovilpathu, Karaikal",Puducherry Pollution Conrol Committee,"Residential, Rural and other Areas",28,17,21,NA
785,22-08-14,Puducherry,Karaikal,"Govt. Tourist Home, Kovilpathu, Karaikal",Puducherry Pollution Conrol Committee,"Residential, Rural and other Areas",22,11,14,NA
785,26-08-14,Puducherry,Karaikal,"Govt. Tourist Home, Kovilpathu, Karaikal",Puducherry Pollution Conrol Committee,"Residential, Rural and other Areas",14,7,22,NA
785,29-08-14,Puducherry,Karaikal,"Govt. Tourist Home, Kovilpathu, Karaikal",Puducherry Pollution Conrol Committee,"Residential, Rural and other Areas",14,9,20,NA
785,09-02-14,Puducherry,Karaikal,"Govt. Tourist Home, Kovilpathu, Karaikal",Puducherry Pollution Conrol Committee,"Residential, Rural and other Areas",16,7,20,NA
785,09-05-14,Puducherry,Karaikal,"Govt. Tourist Home, Kovilpathu, Karaikal",Puducherry Pollution Conrol Committee,"Residential, Rural and other Areas",10,6,20,NA
785,09-09-14,Puducherry,Karaikal,"Govt. Tourist Home, Kovilpathu, Karaikal",Puducherry Pollution Conrol Committee,"Residential, Rural and other Areas",24,15,24,NA
785,09-12-14,Puducherry,Karaikal,"Govt. Tourist Home, Kovilpathu, Karaikal",Puducherry Pollution Conrol Committee,"Residential, Rural and other Areas",24,14,24,NA
785,16-09-14,Puducherry,Karaikal,"Govt. Tourist Home, Kovilpathu, Karaikal",Puducherry Pollution Conrol Committee,"Residential, Rural and other Areas",29,19,16,NA
785,19-09-14,Puducherry,Karaikal,"Govt. Tourist Home, Kovilpathu, Karaikal",Puducherry Pollution Conrol Committee,"Residential, Rural and other Areas",25,17,34,NA
785,23-09-14,Puducherry,Karaikal,"Govt. Tourist Home, Kovilpathu, Karaikal",Puducherry Pollution Conrol Committee,"Residential, Rural and other Areas",30,16,23,NA
785,26-09-14,Puducherry,Karaikal,"Govt. Tourist Home, Kovilpathu, Karaikal",Puducherry Pollution Conrol Committee,"Residential, Rural and other Areas",18,12,25,NA
785,30-09-14,Puducherry,Karaikal,"Govt. Tourist Home, Kovilpathu, Karaikal",Puducherry Pollution Conrol Committee,"Residential, Rural and other Areas",18,12,14,NA
785,10-03-14,Puducherry,Karaikal,"Govt. Tourist Home, Kovilpathu, Karaikal",Puducherry Pollution Conrol Committee,"Residential, Rural and other Areas",11,10,32,NA
785,10-07-14,Puducherry,Karaikal,"Govt. Tourist Home, Kovilpathu, Karaikal",Puducherry Pollution Conrol Committee,"Residential, Rural and other Areas",15,13,34,NA
785,10-10-14,Puducherry,Karaikal,"Govt. Tourist Home, Kovilpathu, Karaikal",Puducherry Pollution Conrol Committee,"Residential, Rural and other Areas",19,10,37,NA
785,15-10-14,Puducherry,Karaikal,"Govt. Tourist Home, Kovilpathu, Karaikal",Puducherry Pollution Conrol Committee,"Residential, Rural and other Areas",13,13,28,NA
785,22-10-14,Puducherry,Karaikal,"Govt. Tourist Home, Kovilpathu, Karaikal",Puducherry Pollution Conrol Committee,"Residential, Rural and other Areas",28,20,69,NA
785,24-10-14,Puducherry,Karaikal,"Govt. Tourist Home, Kovilpathu, Karaikal",Puducherry Pollution Conrol Committee,"Residential, Rural and other Areas",13,13,9,NA
785,28-10-14,Puducherry,Karaikal,"Govt. Tourist Home, Kovilpathu, Karaikal",Puducherry Pollution Conrol Committee,"Residential, Rural and other Areas",23,19,17,NA
785,31-10-14,Puducherry,Karaikal,"Govt. Tourist Home, Kovilpathu, Karaikal",Puducherry Pollution Conrol Committee,"Residential, Rural and other Areas",15,13,84,NA
785,11-04-14,Puducherry,Karaikal,"Govt. Tourist Home, Kovilpathu, Karaikal",Puducherry Pollution Conrol Committee,"Residential, Rural and other Areas",26,22,101,NA
785,11-07-14,Puducherry,Karaikal,"Govt. Tourist Home, Kovilpathu, Karaikal",Puducherry Pollution Conrol Committee,"Residential, Rural and other Areas",25,19,110,NA
785,11-11-14,Puducherry,Karaikal,"Govt. Tourist Home, Kovilpathu, Karaikal",Puducherry Pollution Conrol Committee,"Residential, Rural and other Areas",27,19,41,NA
785,18-11-14,Puducherry,Karaikal,"Govt. Tourist Home, Kovilpathu, Karaikal",Puducherry Pollution Conrol Committee,"Residential, Rural and other Areas",23,31,101,NA
785,21-11-14,Puducherry,Karaikal,"Govt. Tourist Home, Kovilpathu, Karaikal",Puducherry Pollution Conrol Committee,"Residential, Rural and other Areas",18,12,67,NA
785,25-11-14,Puducherry,Karaikal,"Govt. Tourist Home, Kovilpathu, Karaikal",Puducherry Pollution Conrol Committee,"Residential, Rural and other Areas",14,10,69,NA
785,12-02-14,Puducherry,Karaikal,"Govt. Tourist Home, Kovilpathu, Karaikal",Puducherry Pollution Conrol Committee,"Residential, Rural and other Areas",26,19,61,NA
785,12-05-14,Puducherry,Karaikal,"Govt. Tourist Home, Kovilpathu, Karaikal",Puducherry Pollution Conrol Committee,"Residential, Rural and other Areas",25,18,77,NA
785,12-09-14,Puducherry,Karaikal,"Govt. Tourist Home, Kovilpathu, Karaikal",Puducherry Pollution Conrol Committee,"Residential, Rural and other Areas",22,17,32,NA
785,12-12-14,Puducherry,Karaikal,"Govt. Tourist Home, Kovilpathu, Karaikal",Puducherry Pollution Conrol Committee,"Residential, Rural and other Areas",21,15,23,NA
785,16-12-14,Puducherry,Karaikal,"Govt. Tourist Home, Kovilpathu, Karaikal",Puducherry Pollution Conrol Committee,"Residential, Rural and other Areas",25,18,29,NA
785,23-12-14,Puducherry,Karaikal,"Govt. Tourist Home, Kovilpathu, Karaikal",Puducherry Pollution Conrol Committee,"Residential, Rural and other Areas",24,18,37,NA
785,26-12-14,Puducherry,Karaikal,"Govt. Tourist Home, Kovilpathu, Karaikal",Puducherry Pollution Conrol Committee,"Residential, Rural and other Areas",23,17,76,NA
785,30-12-14,Puducherry,Karaikal,"Govt. Tourist Home, Kovilpathu, Karaikal",Puducherry Pollution Conrol Committee,"Residential, Rural and other Areas",15,8,62,NA
786,07-05-14,Puducherry,Karaikal,"M/s Puducherry Power Corporation Limited, Polagam, T.R. Pattinam, Karaikal",Puducherry Pollution Conrol Committee,Industrial Area,10,8,45,NA
786,07-09-14,Puducherry,Karaikal,"M/s Puducherry Power Corporation Limited, Polagam, T.R. Pattinam, Karaikal",Puducherry Pollution Conrol Committee,Industrial Area,14,12,45,NA
786,07-12-14,Puducherry,Karaikal,"M/s Puducherry Power Corporation Limited, Polagam, T.R. Pattinam, Karaikal",Puducherry Pollution Conrol Committee,Industrial Area,8,7,29,NA
786,16-07-14,Puducherry,Karaikal,"M/s Puducherry Power Corporation Limited, Polagam, T.R. Pattinam, Karaikal",Puducherry Pollution Conrol Committee,Industrial Area,12,13,47,NA
786,19-07-14,Puducherry,Karaikal,"M/s Puducherry Power Corporation Limited, Polagam, T.R. Pattinam, Karaikal",Puducherry Pollution Conrol Committee,Industrial Area,7,10,32,NA
786,23-07-14,Puducherry,Karaikal,"M/s Puducherry Power Corporation Limited, Polagam, T.R. Pattinam, Karaikal",Puducherry Pollution Conrol Committee,Industrial Area,7,9,24,NA
786,26-07-14,Puducherry,Karaikal,"M/s Puducherry Power Corporation Limited, Polagam, T.R. Pattinam, Karaikal",Puducherry Pollution Conrol Committee,Industrial Area,8,12,38,NA
786,30-07-14,Puducherry,Karaikal,"M/s Puducherry Power Corporation Limited, Polagam, T.R. Pattinam, Karaikal",Puducherry Pollution Conrol Committee,Industrial Area,2,7,30,NA
786,08-02-14,Puducherry,Karaikal,"M/s Puducherry Power Corporation Limited, Polagam, T.R. Pattinam, Karaikal",Puducherry Pollution Conrol Committee,Industrial Area,25,18,18,NA
786,08-06-14,Puducherry,Karaikal,"M/s Puducherry Power Corporation Limited, Polagam, T.R. Pattinam, Karaikal",Puducherry Pollution Conrol Committee,Industrial Area,23,12,44,NA
786,08-09-14,Puducherry,Karaikal,"M/s Puducherry Power Corporation Limited, Polagam, T.R. Pattinam, Karaikal",Puducherry Pollution Conrol Committee,Industrial Area,21,12,54,NA
786,13-08-14,Puducherry,Karaikal,"M/s Puducherry Power Corporation Limited, Polagam, T.R. Pattinam, Karaikal",Puducherry Pollution Conrol Committee,Industrial Area,20,10,42,NA
786,16-08-14,Puducherry,Karaikal,"M/s Puducherry Power Corporation Limited, Polagam, T.R. Pattinam, Karaikal",Puducherry Pollution Conrol Committee,Industrial Area,23,9,23,NA
786,20-08-14,Puducherry,Karaikal,"M/s Puducherry Power Corporation Limited, Polagam, T.R. Pattinam, Karaikal",Puducherry Pollution Conrol Committee,Industrial Area,18,12,36,NA
786,23-08-14,Puducherry,Karaikal,"M/s Puducherry Power Corporation Limited, Polagam, T.R. Pattinam, Karaikal",Puducherry Pollution Conrol Committee,Industrial Area,18,11,14,NA
786,27-08-14,Puducherry,Karaikal,"M/s Puducherry Power Corporation Limited, Polagam, T.R. Pattinam, Karaikal",Puducherry Pollution Conrol Committee,Industrial Area,14,9,25,NA
786,30-08-14,Puducherry,Karaikal,"M/s Puducherry Power Corporation Limited, Polagam, T.R. Pattinam, Karaikal",Puducherry Pollution Conrol Committee,Industrial Area,17,9,30,NA
786,09-03-14,Puducherry,Karaikal,"M/s Puducherry Power Corporation Limited, Polagam, T.R. Pattinam, Karaikal",Puducherry Pollution Conrol Committee,Industrial Area,33,15,29,NA
786,09-06-14,Puducherry,Karaikal,"M/s Puducherry Power Corporation Limited, Polagam, T.R. Pattinam, Karaikal",Puducherry Pollution Conrol Committee,Industrial Area,24,14,20,NA
786,09-10-14,Puducherry,Karaikal,"M/s Puducherry Power Corporation Limited, Polagam, T.R. Pattinam, Karaikal",Puducherry Pollution Conrol Committee,Industrial Area,30,20,33,NA
786,13-09-14,Puducherry,Karaikal,"M/s Puducherry Power Corporation Limited, Polagam, T.R. Pattinam, Karaikal",Puducherry Pollution Conrol Committee,Industrial Area,26,18,24,NA
786,17-09-14,Puducherry,Karaikal,"M/s Puducherry Power Corporation Limited, Polagam, T.R. Pattinam, Karaikal",Puducherry Pollution Conrol Committee,Industrial Area,30,19,25,NA
786,20-09-14,Puducherry,Karaikal,"M/s Puducherry Power Corporation Limited, Polagam, T.R. Pattinam, Karaikal",Puducherry Pollution Conrol Committee,Industrial Area,29,19,48,NA
786,24-09-14,Puducherry,Karaikal,"M/s Puducherry Power Corporation Limited, Polagam, T.R. Pattinam, Karaikal",Puducherry Pollution Conrol Committee,Industrial Area,22,12,26,NA
786,27-09-14,Puducherry,Karaikal,"M/s Puducherry Power Corporation Limited, Polagam, T.R. Pattinam, Karaikal",Puducherry Pollution Conrol Committee,Industrial Area,21,11,24,NA
786,10-01-14,Puducherry,Karaikal,"M/s Puducherry Power Corporation Limited, Polagam, T.R. Pattinam, Karaikal",Puducherry Pollution Conrol Committee,Industrial Area,21,9,11,NA
786,10-04-14,Puducherry,Karaikal,"M/s Puducherry Power Corporation Limited, Polagam, T.R. Pattinam, Karaikal",Puducherry Pollution Conrol Committee,Industrial Area,25,13,25,NA
786,10-08-14,Puducherry,Karaikal,"M/s Puducherry Power Corporation Limited, Polagam, T.R. Pattinam, Karaikal",Puducherry Pollution Conrol Committee,Industrial Area,15,13,30,NA
786,10-11-14,Puducherry,Karaikal,"M/s Puducherry Power Corporation Limited, Polagam, T.R. Pattinam, Karaikal",Puducherry Pollution Conrol Committee,Industrial Area,18,12,31,NA
786,14-10-14,Puducherry,Karaikal,"M/s Puducherry Power Corporation Limited, Polagam, T.R. Pattinam, Karaikal",Puducherry Pollution Conrol Committee,Industrial Area,18,13,40,NA
786,21-10-14,Puducherry,Karaikal,"M/s Puducherry Power Corporation Limited, Polagam, T.R. Pattinam, Karaikal",Puducherry Pollution Conrol Committee,Industrial Area,22,14,25,NA
786,25-10-14,Puducherry,Karaikal,"M/s Puducherry Power Corporation Limited, Polagam, T.R. Pattinam, Karaikal",Puducherry Pollution Conrol Committee,Industrial Area,14,11,17,NA
786,29-10-14,Puducherry,Karaikal,"M/s Puducherry Power Corporation Limited, Polagam, T.R. Pattinam, Karaikal",Puducherry Pollution Conrol Committee,Industrial Area,16,9,32,NA
786,11-01-14,Puducherry,Karaikal,"M/s Puducherry Power Corporation Limited, Polagam, T.R. Pattinam, Karaikal",Puducherry Pollution Conrol Committee,Industrial Area,16,14,29,NA
786,11-05-14,Puducherry,Karaikal,"M/s Puducherry Power Corporation Limited, Polagam, T.R. Pattinam, Karaikal",Puducherry Pollution Conrol Committee,Industrial Area,13,12,71,NA
786,11-08-14,Puducherry,Karaikal,"M/s Puducherry Power Corporation Limited, Polagam, T.R. Pattinam, Karaikal",Puducherry Pollution Conrol Committee,Industrial Area,11,9,104,NA
786,15-11-14,Puducherry,Karaikal,"M/s Puducherry Power Corporation Limited, Polagam, T.R. Pattinam, Karaikal",Puducherry Pollution Conrol Committee,Industrial Area,16,11,45,NA
786,19-11-14,Puducherry,Karaikal,"M/s Puducherry Power Corporation Limited, Polagam, T.R. Pattinam, Karaikal",Puducherry Pollution Conrol Committee,Industrial Area,19,14,79,NA
786,22-11-14,Puducherry,Karaikal,"M/s Puducherry Power Corporation Limited, Polagam, T.R. Pattinam, Karaikal",Puducherry Pollution Conrol Committee,Industrial Area,21,13,34,NA
786,26-11-14,Puducherry,Karaikal,"M/s Puducherry Power Corporation Limited, Polagam, T.R. Pattinam, Karaikal",Puducherry Pollution Conrol Committee,Industrial Area,19,18,75,NA
786,12-03-14,Puducherry,Karaikal,"M/s Puducherry Power Corporation Limited, Polagam, T.R. Pattinam, Karaikal",Puducherry Pollution Conrol Committee,Industrial Area,16,14,53,NA
786,12-06-14,Puducherry,Karaikal,"M/s Puducherry Power Corporation Limited, Polagam, T.R. Pattinam, Karaikal",Puducherry Pollution Conrol Committee,Industrial Area,18,14,56,NA
786,12-10-14,Puducherry,Karaikal,"M/s Puducherry Power Corporation Limited, Polagam, T.R. Pattinam, Karaikal",Puducherry Pollution Conrol Committee,Industrial Area,15,14,24,NA
786,13-12-14,Puducherry,Karaikal,"M/s Puducherry Power Corporation Limited, Polagam, T.R. Pattinam, Karaikal",Puducherry Pollution Conrol Committee,Industrial Area,13,11,27,NA
786,17-12-14,Puducherry,Karaikal,"M/s Puducherry Power Corporation Limited, Polagam, T.R. Pattinam, Karaikal",Puducherry Pollution Conrol Committee,Industrial Area,15,14,28,NA
786,20-12-14,Puducherry,Karaikal,"M/s Puducherry Power Corporation Limited, Polagam, T.R. Pattinam, Karaikal",Puducherry Pollution Conrol Committee,Industrial Area,17,14,48,NA
786,24-12-14,Puducherry,Karaikal,"M/s Puducherry Power Corporation Limited, Polagam, T.R. Pattinam, Karaikal",Puducherry Pollution Conrol Committee,Industrial Area,20,17,32,NA
786,27-12-14,Puducherry,Karaikal,"M/s Puducherry Power Corporation Limited, Polagam, T.R. Pattinam, Karaikal",Puducherry Pollution Conrol Committee,Industrial Area,26,19,64,NA
786,31-12-14,Puducherry,Karaikal,"M/s Puducherry Power Corporation Limited, Polagam, T.R. Pattinam, Karaikal",Puducherry Pollution Conrol Committee,Industrial Area,16,9,27,NA
337,01-01-14,Puducherry,Pondicherry,"Chamber Of Commerce, Pondicherry",Puducherry Pollution Conrol Committee,"Residential, Rural and other Areas",5,11,56,NA
337,01-04-14,Puducherry,Pondicherry,"Chamber Of Commerce, Pondicherry",Puducherry Pollution Conrol Committee,"Residential, Rural and other Areas",5,11,44,NA
337,01-08-14,Puducherry,Pondicherry,"Chamber Of Commerce, Pondicherry",Puducherry Pollution Conrol Committee,"Residential, Rural and other Areas",5,12,47,NA
337,01-11-14,Puducherry,Pondicherry,"Chamber Of Commerce, Pondicherry",Puducherry Pollution Conrol Committee,"Residential, Rural and other Areas",5,11,50,NA
337,18-01-14,Puducherry,Pondicherry,"Chamber Of Commerce, Pondicherry",Puducherry Pollution Conrol Committee,"Residential, Rural and other Areas",5,11,46,NA
337,22-01-14,Puducherry,Pondicherry,"Chamber Of Commerce, Pondicherry",Puducherry Pollution Conrol Committee,"Residential, Rural and other Areas",6,12,45,NA
337,25-01-14,Puducherry,Pondicherry,"Chamber Of Commerce, Pondicherry",Puducherry Pollution Conrol Committee,"Residential, Rural and other Areas",5,12,52,NA
337,29-01-14,Puducherry,Pondicherry,"Chamber Of Commerce, Pondicherry",Puducherry Pollution Conrol Committee,"Residential, Rural and other Areas",5,12,47,NA
337,02-01-14,Puducherry,Pondicherry,"Chamber Of Commerce, Pondicherry",Puducherry Pollution Conrol Committee,"Residential, Rural and other Areas",5,13,53,NA
337,02-05-14,Puducherry,Pondicherry,"Chamber Of Commerce, Pondicherry",Puducherry Pollution Conrol Committee,"Residential, Rural and other Areas",5,11,50,NA
337,02-08-14,Puducherry,Pondicherry,"Chamber Of Commerce, Pondicherry",Puducherry Pollution Conrol Committee,"Residential, Rural and other Areas",5,12,52,NA
337,02-12-14,Puducherry,Pondicherry,"Chamber Of Commerce, Pondicherry",Puducherry Pollution Conrol Committee,"Residential, Rural and other Areas",6,12,68,NA
337,15-02-14,Puducherry,Pondicherry,"Chamber Of Commerce, Pondicherry",Puducherry Pollution Conrol Committee,"Residential, Rural and other Areas",6,11,53,NA
337,19-02-14,Puducherry,Pondicherry,"Chamber Of Commerce, Pondicherry",Puducherry Pollution Conrol Committee,"Residential, Rural and other Areas",6,12,54,NA
337,22-02-14,Puducherry,Pondicherry,"Chamber Of Commerce, Pondicherry",Puducherry Pollution Conrol Committee,"Residential, Rural and other Areas",5,10,52,NA
337,26-02-14,Puducherry,Pondicherry,"Chamber Of Commerce, Pondicherry",Puducherry Pollution Conrol Committee,"Residential, Rural and other Areas",6,11,49,NA
337,03-01-14,Puducherry,Pondicherry,"Chamber Of Commerce, Pondicherry",Puducherry Pollution Conrol Committee,"Residential, Rural and other Areas",5,12,53,NA
337,03-05-14,Puducherry,Pondicherry,"Chamber Of Commerce, Pondicherry",Puducherry Pollution Conrol Committee,"Residential, Rural and other Areas",5,11,43,NA
337,03-08-14,Puducherry,Pondicherry,"Chamber Of Commerce, Pondicherry",Puducherry Pollution Conrol Committee,"Residential, Rural and other Areas",5,12,44,NA
337,03-12-14,Puducherry,Pondicherry,"Chamber Of Commerce, Pondicherry",Puducherry Pollution Conrol Committee,"Residential, Rural and other Areas",5,12,50,NA
337,15-03-14,Puducherry,Pondicherry,"Chamber Of Commerce, Pondicherry",Puducherry Pollution Conrol Committee,"Residential, Rural and other Areas",4,11,52,NA
337,19-03-14,Puducherry,Pondicherry,"Chamber Of Commerce, Pondicherry",Puducherry Pollution Conrol Committee,"Residential, Rural and other Areas",4,11,48,NA
337,22-03-14,Puducherry,Pondicherry,"Chamber Of Commerce, Pondicherry",Puducherry Pollution Conrol Committee,"Residential, Rural and other Areas",4,11,54,NA
337,26-03-14,Puducherry,Pondicherry,"Chamber Of Commerce, Pondicherry",Puducherry Pollution Conrol Committee,"Residential, Rural and other Areas",5,11,50,NA
337,29-03-14,Puducherry,Pondicherry,"Chamber Of Commerce, Pondicherry",Puducherry Pollution Conrol Committee,"Residential, Rural and other Areas",5,11,55,NA
337,04-02-14,Puducherry,Pondicherry,"Chamber Of Commerce, Pondicherry",Puducherry Pollution Conrol Committee,"Residential, Rural and other Areas",5,11,42,NA
337,04-05-14,Puducherry,Pondicherry,"Chamber Of Commerce, Pondicherry",Puducherry Pollution Conrol Committee,"Residential, Rural and other Areas",5,11,40,NA
337,04-09-14,Puducherry,Pondicherry,"Chamber Of Commerce, Pondicherry",Puducherry Pollution Conrol Committee,"Residential, Rural and other Areas",4,11,17,NA
337,16-04-14,Puducherry,Pondicherry,"Chamber Of Commerce, Pondicherry",Puducherry Pollution Conrol Committee,"Residential, Rural and other Areas",4,11,30,NA
337,23-04-14,Puducherry,Pondicherry,"Chamber Of Commerce, Pondicherry",Puducherry Pollution Conrol Committee,"Residential, Rural and other Areas",4,11,12,NA
337,26-04-14,Puducherry,Pondicherry,"Chamber Of Commerce, Pondicherry",Puducherry Pollution Conrol Committee,"Residential, Rural and other Areas",4,12,38,NA
337,30-04-14,Puducherry,Pondicherry,"Chamber Of Commerce, Pondicherry",Puducherry Pollution Conrol Committee,"Residential, Rural and other Areas",4,13,35,NA
337,05-03-14,Puducherry,Pondicherry,"Chamber Of Commerce, Pondicherry",Puducherry Pollution Conrol Committee,"Residential, Rural and other Areas",6,13,50,NA
337,05-10-14,Puducherry,Pondicherry,"Chamber Of Commerce, Pondicherry",Puducherry Pollution Conrol Committee,"Residential, Rural and other Areas",6,10,38,NA
337,14-05-14,Puducherry,Pondicherry,"Chamber Of Commerce, Pondicherry",Puducherry Pollution Conrol Committee,"Residential, Rural and other Areas",5,13,35,NA
337,17-05-14,Puducherry,Pondicherry,"Chamber Of Commerce, Pondicherry",Puducherry Pollution Conrol Committee,"Residential, Rural and other Areas",5,13,62,NA
337,21-05-14,Puducherry,Pondicherry,"Chamber Of Commerce, Pondicherry",Puducherry Pollution Conrol Committee,"Residential, Rural and other Areas",5,13,41,NA
337,24-05-14,Puducherry,Pondicherry,"Chamber Of Commerce, Pondicherry",Puducherry Pollution Conrol Committee,"Residential, Rural and other Areas",6,11,35,NA
337,28-05-14,Puducherry,Pondicherry,"Chamber Of Commerce, Pondicherry",Puducherry Pollution Conrol Committee,"Residential, Rural and other Areas",6,13,35,NA
337,31-05-14,Puducherry,Pondicherry,"Chamber Of Commerce, Pondicherry",Puducherry Pollution Conrol Committee,"Residential, Rural and other Areas",6,12,36,NA
337,06-04-14,Puducherry,Pondicherry,"Chamber Of Commerce, Pondicherry",Puducherry Pollution Conrol Committee,"Residential, Rural and other Areas",3,12,26,NA
337,06-07-14,Puducherry,Pondicherry,"Chamber Of Commerce, Pondicherry",Puducherry Pollution Conrol Committee,"Residential, Rural and other Areas",5,12,38,NA
337,06-11-14,Puducherry,Pondicherry,"Chamber Of Commerce, Pondicherry",Puducherry Pollution Conrol Committee,"Residential, Rural and other Areas",5,13,30,NA
337,14-06-14,Puducherry,Pondicherry,"Chamber Of Commerce, Pondicherry",Puducherry Pollution Conrol Committee,"Residential, Rural and other Areas",5,12,36,NA
337,18-06-14,Puducherry,Pondicherry,"Chamber Of Commerce, Pondicherry",Puducherry Pollution Conrol Committee,"Residential, Rural and other Areas",5,12,35,NA
337,25-06-14,Puducherry,Pondicherry,"Chamber Of Commerce, Pondicherry",Puducherry Pollution Conrol Committee,"Residential, Rural and other Areas",5,12,35,NA
337,28-06-14,Puducherry,Pondicherry,"Chamber Of Commerce, Pondicherry",Puducherry Pollution Conrol Committee,"Residential, Rural and other Areas",5,12,32,NA
337,07-02-14,Puducherry,Pondicherry,"Chamber Of Commerce, Pondicherry",Puducherry Pollution Conrol Committee,"Residential, Rural and other Areas",5,12,34,NA
337,07-05-14,Puducherry,Pondicherry,"Chamber Of Commerce, Pondicherry",Puducherry Pollution Conrol Committee,"Residential, Rural and other Areas",6,12,20,NA
337,07-12-14,Puducherry,Pondicherry,"Chamber Of Commerce, Pondicherry",Puducherry Pollution Conrol Committee,"Residential, Rural and other Areas",6,11,39,NA
337,16-07-14,Puducherry,Pondicherry,"Chamber Of Commerce, Pondicherry",Puducherry Pollution Conrol Committee,"Residential, Rural and other Areas",5,11,39,NA
337,19-07-14,Puducherry,Pondicherry,"Chamber Of Commerce, Pondicherry",Puducherry Pollution Conrol Committee,"Residential, Rural and other Areas",6,12,26,NA
337,23-07-14,Puducherry,Pondicherry,"Chamber Of Commerce, Pondicherry",Puducherry Pollution Conrol Committee,"Residential, Rural and other Areas",5,11,45,NA
337,26-07-14,Puducherry,Pondicherry,"Chamber Of Commerce, Pondicherry",Puducherry Pollution Conrol Committee,"Residential, Rural and other Areas",5,11,27,NA
337,30-07-14,Puducherry,Pondicherry,"Chamber Of Commerce, Pondicherry",Puducherry Pollution Conrol Committee,"Residential, Rural and other Areas",5,11,24,NA
337,08-02-14,Puducherry,Pondicherry,"Chamber Of Commerce, Pondicherry",Puducherry Pollution Conrol Committee,"Residential, Rural and other Areas",5,11,25,NA
337,08-06-14,Puducherry,Pondicherry,"Chamber Of Commerce, Pondicherry",Puducherry Pollution Conrol Committee,"Residential, Rural and other Areas",5,11,38,NA
337,13-08-14,Puducherry,Pondicherry,"Chamber Of Commerce, Pondicherry",Puducherry Pollution Conrol Committee,"Residential, Rural and other Areas",4,11,23,NA
337,16-08-14,Puducherry,Pondicherry,"Chamber Of Commerce, Pondicherry",Puducherry Pollution Conrol Committee,"Residential, Rural and other Areas",5,11,34,NA
337,20-08-14,Puducherry,Pondicherry,"Chamber Of Commerce, Pondicherry",Puducherry Pollution Conrol Committee,"Residential, Rural and other Areas",4,11,20,NA
337,23-08-14,Puducherry,Pondicherry,"Chamber Of Commerce, Pondicherry",Puducherry Pollution Conrol Committee,"Residential, Rural and other Areas",4,9,25,NA
337,27-08-14,Puducherry,Pondicherry,"Chamber Of Commerce, Pondicherry",Puducherry Pollution Conrol Committee,"Residential, Rural and other Areas",5,9,28,NA
337,30-08-14,Puducherry,Pondicherry,"Chamber Of Commerce, Pondicherry",Puducherry Pollution Conrol Committee,"Residential, Rural and other Areas",4,10,29,NA
337,09-06-14,Puducherry,Pondicherry,"Chamber Of Commerce, Pondicherry",Puducherry Pollution Conrol Committee,"Residential, Rural and other Areas",5,12,36,NA
337,09-10-14,Puducherry,Pondicherry,"Chamber Of Commerce, Pondicherry",Puducherry Pollution Conrol Committee,"Residential, Rural and other Areas",5,13,32,NA
337,13-09-14,Puducherry,Pondicherry,"Chamber Of Commerce, Pondicherry",Puducherry Pollution Conrol Committee,"Residential, Rural and other Areas",5,13,21,NA
337,17-09-14,Puducherry,Pondicherry,"Chamber Of Commerce, Pondicherry",Puducherry Pollution Conrol Committee,"Residential, Rural and other Areas",NA,NA,49,NA
337,20-09-14,Puducherry,Pondicherry,"Chamber Of Commerce, Pondicherry",Puducherry Pollution Conrol Committee,"Residential, Rural and other Areas",5,12,32,NA
337,24-09-14,Puducherry,Pondicherry,"Chamber Of Commerce, Pondicherry",Puducherry Pollution Conrol Committee,"Residential, Rural and other Areas",5,12,50,NA
337,27-09-14,Puducherry,Pondicherry,"Chamber Of Commerce, Pondicherry",Puducherry Pollution Conrol Committee,"Residential, Rural and other Areas",5,13,21,NA
337,10-01-14,Puducherry,Pondicherry,"Chamber Of Commerce, Pondicherry",Puducherry Pollution Conrol Committee,"Residential, Rural and other Areas",7,13,26,NA
337,10-04-14,Puducherry,Pondicherry,"Chamber Of Commerce, Pondicherry",Puducherry Pollution Conrol Committee,"Residential, Rural and other Areas",5,14,26,NA
337,10-08-14,Puducherry,Pondicherry,"Chamber Of Commerce, Pondicherry",Puducherry Pollution Conrol Committee,"Residential, Rural and other Areas",6,13,45,NA
337,10-11-14,Puducherry,Pondicherry,"Chamber Of Commerce, Pondicherry",Puducherry Pollution Conrol Committee,"Residential, Rural and other Areas",6,12,39,NA
337,29-10-14,Puducherry,Pondicherry,"Chamber Of Commerce, Pondicherry",Puducherry Pollution Conrol Committee,"Residential, Rural and other Areas",6,13,44,NA
337,11-01-14,Puducherry,Pondicherry,"Chamber Of Commerce, Pondicherry",Puducherry Pollution Conrol Committee,"Residential, Rural and other Areas",5,14,46,NA
337,11-05-14,Puducherry,Pondicherry,"Chamber Of Commerce, Pondicherry",Puducherry Pollution Conrol Committee,"Residential, Rural and other Areas",5,14,49,NA
337,11-08-14,Puducherry,Pondicherry,"Chamber Of Commerce, Pondicherry",Puducherry Pollution Conrol Committee,"Residential, Rural and other Areas",5,14,36,NA
337,15-11-14,Puducherry,Pondicherry,"Chamber Of Commerce, Pondicherry",Puducherry Pollution Conrol Committee,"Residential, Rural and other Areas",6,13,31,NA
337,19-11-14,Puducherry,Pondicherry,"Chamber Of Commerce, Pondicherry",Puducherry Pollution Conrol Committee,"Residential, Rural and other Areas",6,14,36,NA
337,22-11-14,Puducherry,Pondicherry,"Chamber Of Commerce, Pondicherry",Puducherry Pollution Conrol Committee,"Residential, Rural and other Areas",6,14,41,NA
337,27-11-14,Puducherry,Pondicherry,"Chamber Of Commerce, Pondicherry",Puducherry Pollution Conrol Committee,"Residential, Rural and other Areas",6,16,47,NA
337,12-03-14,Puducherry,Pondicherry,"Chamber Of Commerce, Pondicherry",Puducherry Pollution Conrol Committee,"Residential, Rural and other Areas",5,13,45,NA
337,12-06-14,Puducherry,Pondicherry,"Chamber Of Commerce, Pondicherry",Puducherry Pollution Conrol Committee,"Residential, Rural and other Areas",5,13,43,NA
337,12-10-14,Puducherry,Pondicherry,"Chamber Of Commerce, Pondicherry",Puducherry Pollution Conrol Committee,"Residential, Rural and other Areas",5,12,39,NA
337,13-12-14,Puducherry,Pondicherry,"Chamber Of Commerce, Pondicherry",Puducherry Pollution Conrol Committee,"Residential, Rural and other Areas",5,12,33,NA
337,20-12-14,Puducherry,Pondicherry,"Chamber Of Commerce, Pondicherry",Puducherry Pollution Conrol Committee,"Residential, Rural and other Areas",5,13,37,NA
337,24-12-14,Puducherry,Pondicherry,"Chamber Of Commerce, Pondicherry",Puducherry Pollution Conrol Committee,"Residential, Rural and other Areas",5,13,55,NA
337,27-12-14,Puducherry,Pondicherry,"Chamber Of Commerce, Pondicherry",Puducherry Pollution Conrol Committee,"Residential, Rural and other Areas",5,14,35,NA
337,31-12-14,Puducherry,Pondicherry,"Chamber Of Commerce, Pondicherry",Puducherry Pollution Conrol Committee,"Residential, Rural and other Areas",5,13,31,NA
93,01-03-14,Puducherry,Pondicherry,"PIPDIC Ind. Estate Mettupalayam, Pondicherry",Puducherry Pollution Conrol Committee,Industrial Area,6,14,73,NA
93,01-07-14,Puducherry,Pondicherry,"PIPDIC Ind. Estate Mettupalayam, Pondicherry",Puducherry Pollution Conrol Committee,Industrial Area,6,14,51,NA
93,01-10-14,Puducherry,Pondicherry,"PIPDIC Ind. Estate Mettupalayam, Pondicherry",Puducherry Pollution Conrol Committee,Industrial Area,6,13,53,NA
93,17-01-14,Puducherry,Pondicherry,"PIPDIC Ind. Estate Mettupalayam, Pondicherry",Puducherry Pollution Conrol Committee,Industrial Area,6,13,62,NA
93,21-01-14,Puducherry,Pondicherry,"PIPDIC Ind. Estate Mettupalayam, Pondicherry",Puducherry Pollution Conrol Committee,Industrial Area,6,14,46,NA
93,24-01-14,Puducherry,Pondicherry,"PIPDIC Ind. Estate Mettupalayam, Pondicherry",Puducherry Pollution Conrol Committee,Industrial Area,6,13,52,NA
93,28-01-14,Puducherry,Pondicherry,"PIPDIC Ind. Estate Mettupalayam, Pondicherry",Puducherry Pollution Conrol Committee,Industrial Area,6,14,63,NA
93,31-01-14,Puducherry,Pondicherry,"PIPDIC Ind. Estate Mettupalayam, Pondicherry",Puducherry Pollution Conrol Committee,Industrial Area,6,14,61,NA
93,02-04-14,Puducherry,Pondicherry,"PIPDIC Ind. Estate Mettupalayam, Pondicherry",Puducherry Pollution Conrol Committee,Industrial Area,4,13,51,NA
93,02-07-14,Puducherry,Pondicherry,"PIPDIC Ind. Estate Mettupalayam, Pondicherry",Puducherry Pollution Conrol Committee,Industrial Area,5,13,75,NA
93,02-11-14,Puducherry,Pondicherry,"PIPDIC Ind. Estate Mettupalayam, Pondicherry",Puducherry Pollution Conrol Committee,Industrial Area,5,13,70,NA
93,14-02-14,Puducherry,Pondicherry,"PIPDIC Ind. Estate Mettupalayam, Pondicherry",Puducherry Pollution Conrol Committee,Industrial Area,5,14,66,NA
93,18-02-14,Puducherry,Pondicherry,"PIPDIC Ind. Estate Mettupalayam, Pondicherry",Puducherry Pollution Conrol Committee,Industrial Area,4,12,63,NA
93,21-02-14,Puducherry,Pondicherry,"PIPDIC Ind. Estate Mettupalayam, Pondicherry",Puducherry Pollution Conrol Committee,Industrial Area,5,13,57,NA
93,25-02-14,Puducherry,Pondicherry,"PIPDIC Ind. Estate Mettupalayam, Pondicherry",Puducherry Pollution Conrol Committee,Industrial Area,5,12,57,NA
93,28-02-14,Puducherry,Pondicherry,"PIPDIC Ind. Estate Mettupalayam, Pondicherry",Puducherry Pollution Conrol Committee,Industrial Area,6,12,56,NA
93,03-04-14,Puducherry,Pondicherry,"PIPDIC Ind. Estate Mettupalayam, Pondicherry",Puducherry Pollution Conrol Committee,Industrial Area,6,12,45,NA
93,03-07-14,Puducherry,Pondicherry,"PIPDIC Ind. Estate Mettupalayam, Pondicherry",Puducherry Pollution Conrol Committee,Industrial Area,5,12,47,NA
93,03-11-14,Puducherry,Pondicherry,"PIPDIC Ind. Estate Mettupalayam, Pondicherry",Puducherry Pollution Conrol Committee,Industrial Area,4,11,55,NA
93,14-03-14,Puducherry,Pondicherry,"PIPDIC Ind. Estate Mettupalayam, Pondicherry",Puducherry Pollution Conrol Committee,Industrial Area,4,12,52,NA
93,18-03-14,Puducherry,Pondicherry,"PIPDIC Ind. Estate Mettupalayam, Pondicherry",Puducherry Pollution Conrol Committee,Industrial Area,4,12,58,NA
93,21-03-14,Puducherry,Pondicherry,"PIPDIC Ind. Estate Mettupalayam, Pondicherry",Puducherry Pollution Conrol Committee,Industrial Area,4,11,54,NA
93,25-03-14,Puducherry,Pondicherry,"PIPDIC Ind. Estate Mettupalayam, Pondicherry",Puducherry Pollution Conrol Committee,Industrial Area,5,12,55,NA
93,28-03-14,Puducherry,Pondicherry,"PIPDIC Ind. Estate Mettupalayam, Pondicherry",Puducherry Pollution Conrol Committee,Industrial Area,4,12,58,NA
93,04-01-14,Puducherry,Pondicherry,"PIPDIC Ind. Estate Mettupalayam, Pondicherry",Puducherry Pollution Conrol Committee,Industrial Area,6,13,32,NA
93,04-04-14,Puducherry,Pondicherry,"PIPDIC Ind. Estate Mettupalayam, Pondicherry",Puducherry Pollution Conrol Committee,Industrial Area,6,13,35,NA
93,04-08-14,Puducherry,Pondicherry,"PIPDIC Ind. Estate Mettupalayam, Pondicherry",Puducherry Pollution Conrol Committee,Industrial Area,6,12,34,NA
93,04-11-14,Puducherry,Pondicherry,"PIPDIC Ind. Estate Mettupalayam, Pondicherry",Puducherry Pollution Conrol Committee,Industrial Area,5,12,41,NA
93,15-04-14,Puducherry,Pondicherry,"PIPDIC Ind. Estate Mettupalayam, Pondicherry",Puducherry Pollution Conrol Committee,Industrial Area,5,12,41,NA
93,22-04-14,Puducherry,Pondicherry,"PIPDIC Ind. Estate Mettupalayam, Pondicherry",Puducherry Pollution Conrol Committee,Industrial Area,5,13,38,NA
93,25-04-14,Puducherry,Pondicherry,"PIPDIC Ind. Estate Mettupalayam, Pondicherry",Puducherry Pollution Conrol Committee,Industrial Area,6,13,21,NA
93,29-04-14,Puducherry,Pondicherry,"PIPDIC Ind. Estate Mettupalayam, Pondicherry",Puducherry Pollution Conrol Committee,Industrial Area,5,13,27,NA
93,05-02-14,Puducherry,Pondicherry,"PIPDIC Ind. Estate Mettupalayam, Pondicherry",Puducherry Pollution Conrol Committee,Industrial Area,7,17,43,NA
93,05-09-14,Puducherry,Pondicherry,"PIPDIC Ind. Estate Mettupalayam, Pondicherry",Puducherry Pollution Conrol Committee,Industrial Area,7,14,46,NA
93,13-05-14,Puducherry,Pondicherry,"PIPDIC Ind. Estate Mettupalayam, Pondicherry",Puducherry Pollution Conrol Committee,Industrial Area,7,13,44,NA
93,16-05-14,Puducherry,Pondicherry,"PIPDIC Ind. Estate Mettupalayam, Pondicherry",Puducherry Pollution Conrol Committee,Industrial Area,6,15,41,NA
93,20-05-14,Puducherry,Pondicherry,"PIPDIC Ind. Estate Mettupalayam, Pondicherry",Puducherry Pollution Conrol Committee,Industrial Area,7,14,53,NA
93,23-05-14,Puducherry,Pondicherry,"PIPDIC Ind. Estate Mettupalayam, Pondicherry",Puducherry Pollution Conrol Committee,Industrial Area,6,14,66,NA
93,27-05-14,Puducherry,Pondicherry,"PIPDIC Ind. Estate Mettupalayam, Pondicherry",Puducherry Pollution Conrol Committee,Industrial Area,6,13,40,NA
93,30-05-14,Puducherry,Pondicherry,"PIPDIC Ind. Estate Mettupalayam, Pondicherry",Puducherry Pollution Conrol Committee,Industrial Area,7,13,48,NA
93,06-03-14,Puducherry,Pondicherry,"PIPDIC Ind. Estate Mettupalayam, Pondicherry",Puducherry Pollution Conrol Committee,Industrial Area,5,16,50,NA
93,06-06-14,Puducherry,Pondicherry,"PIPDIC Ind. Estate Mettupalayam, Pondicherry",Puducherry Pollution Conrol Committee,Industrial Area,5,15,60,NA
93,06-10-14,Puducherry,Pondicherry,"PIPDIC Ind. Estate Mettupalayam, Pondicherry",Puducherry Pollution Conrol Committee,Industrial Area,6,12,31,NA
93,13-06-14,Puducherry,Pondicherry,"PIPDIC Ind. Estate Mettupalayam, Pondicherry",Puducherry Pollution Conrol Committee,Industrial Area,7,15,27,NA
93,17-06-14,Puducherry,Pondicherry,"PIPDIC Ind. Estate Mettupalayam, Pondicherry",Puducherry Pollution Conrol Committee,Industrial Area,6,13,67,NA
93,20-06-14,Puducherry,Pondicherry,"PIPDIC Ind. Estate Mettupalayam, Pondicherry",Puducherry Pollution Conrol Committee,Industrial Area,7,14,36,NA
93,24-06-14,Puducherry,Pondicherry,"PIPDIC Ind. Estate Mettupalayam, Pondicherry",Puducherry Pollution Conrol Committee,Industrial Area,6,15,35,NA
93,27-06-14,Puducherry,Pondicherry,"PIPDIC Ind. Estate Mettupalayam, Pondicherry",Puducherry Pollution Conrol Committee,Industrial Area,7,15,32,NA
93,07-01-14,Puducherry,Pondicherry,"PIPDIC Ind. Estate Mettupalayam, Pondicherry",Puducherry Pollution Conrol Committee,Industrial Area,6,13,26,NA
93,07-04-14,Puducherry,Pondicherry,"PIPDIC Ind. Estate Mettupalayam, Pondicherry",Puducherry Pollution Conrol Committee,Industrial Area,5,11,40,NA
93,07-08-14,Puducherry,Pondicherry,"PIPDIC Ind. Estate Mettupalayam, Pondicherry",Puducherry Pollution Conrol Committee,Industrial Area,6,14,31,NA
93,07-11-14,Puducherry,Pondicherry,"PIPDIC Ind. Estate Mettupalayam, Pondicherry",Puducherry Pollution Conrol Committee,Industrial Area,7,14,43,NA
93,22-07-14,Puducherry,Pondicherry,"PIPDIC Ind. Estate Mettupalayam, Pondicherry",Puducherry Pollution Conrol Committee,Industrial Area,6,12,36,NA
93,25-07-14,Puducherry,Pondicherry,"PIPDIC Ind. Estate Mettupalayam, Pondicherry",Puducherry Pollution Conrol Committee,Industrial Area,6,14,40,NA
93,08-01-14,Puducherry,Pondicherry,"PIPDIC Ind. Estate Mettupalayam, Pondicherry",Puducherry Pollution Conrol Committee,Industrial Area,6,14,48,NA
93,08-05-14,Puducherry,Pondicherry,"PIPDIC Ind. Estate Mettupalayam, Pondicherry",Puducherry Pollution Conrol Committee,Industrial Area,6,14,32,NA
93,08-12-14,Puducherry,Pondicherry,"PIPDIC Ind. Estate Mettupalayam, Pondicherry",Puducherry Pollution Conrol Committee,Industrial Area,6,13,17,NA
93,19-08-14,Puducherry,Pondicherry,"PIPDIC Ind. Estate Mettupalayam, Pondicherry",Puducherry Pollution Conrol Committee,Industrial Area,6,13,26,NA
93,22-08-14,Puducherry,Pondicherry,"PIPDIC Ind. Estate Mettupalayam, Pondicherry",Puducherry Pollution Conrol Committee,Industrial Area,6,13,38,NA
93,26-08-14,Puducherry,Pondicherry,"PIPDIC Ind. Estate Mettupalayam, Pondicherry",Puducherry Pollution Conrol Committee,Industrial Area,6,14,36,NA
93,09-02-14,Puducherry,Pondicherry,"PIPDIC Ind. Estate Mettupalayam, Pondicherry",Puducherry Pollution Conrol Committee,Industrial Area,7,14,33,NA
93,09-05-14,Puducherry,Pondicherry,"PIPDIC Ind. Estate Mettupalayam, Pondicherry",Puducherry Pollution Conrol Committee,Industrial Area,7,14,38,NA
93,09-09-14,Puducherry,Pondicherry,"PIPDIC Ind. Estate Mettupalayam, Pondicherry",Puducherry Pollution Conrol Committee,Industrial Area,7,14,51,NA
93,09-12-14,Puducherry,Pondicherry,"PIPDIC Ind. Estate Mettupalayam, Pondicherry",Puducherry Pollution Conrol Committee,Industrial Area,6,15,51,NA
93,16-09-14,Puducherry,Pondicherry,"PIPDIC Ind. Estate Mettupalayam, Pondicherry",Puducherry Pollution Conrol Committee,Industrial Area,6,13,38,NA
93,19-09-14,Puducherry,Pondicherry,"PIPDIC Ind. Estate Mettupalayam, Pondicherry",Puducherry Pollution Conrol Committee,Industrial Area,7,14,59,NA
93,23-09-14,Puducherry,Pondicherry,"PIPDIC Ind. Estate Mettupalayam, Pondicherry",Puducherry Pollution Conrol Committee,Industrial Area,6,13,33,NA
93,26-09-14,Puducherry,Pondicherry,"PIPDIC Ind. Estate Mettupalayam, Pondicherry",Puducherry Pollution Conrol Committee,Industrial Area,6,13,50,NA
93,30-09-14,Puducherry,Pondicherry,"PIPDIC Ind. Estate Mettupalayam, Pondicherry",Puducherry Pollution Conrol Committee,Industrial Area,7,14,30,NA
93,10-03-14,Puducherry,Pondicherry,"PIPDIC Ind. Estate Mettupalayam, Pondicherry",Puducherry Pollution Conrol Committee,Industrial Area,7,14,42,NA
93,10-07-14,Puducherry,Pondicherry,"PIPDIC Ind. Estate Mettupalayam, Pondicherry",Puducherry Pollution Conrol Committee,Industrial Area,7,14,52,NA
93,14-10-14,Puducherry,Pondicherry,"PIPDIC Ind. Estate Mettupalayam, Pondicherry",Puducherry Pollution Conrol Committee,Industrial Area,7,14,34,NA
93,28-10-14,Puducherry,Pondicherry,"PIPDIC Ind. Estate Mettupalayam, Pondicherry",Puducherry Pollution Conrol Committee,Industrial Area,6,13,33,NA
93,31-10-14,Puducherry,Pondicherry,"PIPDIC Ind. Estate Mettupalayam, Pondicherry",Puducherry Pollution Conrol Committee,Industrial Area,7,14,49,NA
93,11-04-14,Puducherry,Pondicherry,"PIPDIC Ind. Estate Mettupalayam, Pondicherry",Puducherry Pollution Conrol Committee,Industrial Area,6,15,49,NA
93,11-07-14,Puducherry,Pondicherry,"PIPDIC Ind. Estate Mettupalayam, Pondicherry",Puducherry Pollution Conrol Committee,Industrial Area,7,16,55,NA
93,11-11-14,Puducherry,Pondicherry,"PIPDIC Ind. Estate Mettupalayam, Pondicherry",Puducherry Pollution Conrol Committee,Industrial Area,6,14,31,NA
93,18-11-14,Puducherry,Pondicherry,"PIPDIC Ind. Estate Mettupalayam, Pondicherry",Puducherry Pollution Conrol Committee,Industrial Area,7,16,34,NA
93,21-11-14,Puducherry,Pondicherry,"PIPDIC Ind. Estate Mettupalayam, Pondicherry",Puducherry Pollution Conrol Committee,Industrial Area,7,17,51,NA
93,25-11-14,Puducherry,Pondicherry,"PIPDIC Ind. Estate Mettupalayam, Pondicherry",Puducherry Pollution Conrol Committee,Industrial Area,6,16,33,NA
93,12-02-14,Puducherry,Pondicherry,"PIPDIC Ind. Estate Mettupalayam, Pondicherry",Puducherry Pollution Conrol Committee,Industrial Area,6,15,54,NA
93,12-05-14,Puducherry,Pondicherry,"PIPDIC Ind. Estate Mettupalayam, Pondicherry",Puducherry Pollution Conrol Committee,Industrial Area,7,16,37,NA
93,12-09-14,Puducherry,Pondicherry,"PIPDIC Ind. Estate Mettupalayam, Pondicherry",Puducherry Pollution Conrol Committee,Industrial Area,6,15,40,NA
93,12-12-14,Puducherry,Pondicherry,"PIPDIC Ind. Estate Mettupalayam, Pondicherry",Puducherry Pollution Conrol Committee,Industrial Area,6,16,41,NA
93,19-12-14,Puducherry,Pondicherry,"PIPDIC Ind. Estate Mettupalayam, Pondicherry",Puducherry Pollution Conrol Committee,Industrial Area,6,14,37,NA
93,23-12-14,Puducherry,Pondicherry,"PIPDIC Ind. Estate Mettupalayam, Pondicherry",Puducherry Pollution Conrol Committee,Industrial Area,6,15,45,NA
93,26-12-14,Puducherry,Pondicherry,"PIPDIC Ind. Estate Mettupalayam, Pondicherry",Puducherry Pollution Conrol Committee,Industrial Area,6,15,53,NA
93,30-12-14,Puducherry,Pondicherry,"PIPDIC Ind. Estate Mettupalayam, Pondicherry",Puducherry Pollution Conrol Committee,Industrial Area,5,16,47,NA
64,01-02-14,Puducherry,Pondicherry,"DSTC Office Upstairs, PHB 3rd Floor, AnnaNagar. Pondicherry-5.",Puducherry Pollution Conrol Committee,"Residential, Rural and other Areas",5,10,68,NA
64,01-06-14,Puducherry,Pondicherry,"DSTC Office Upstairs, PHB 3rd Floor, AnnaNagar. Pondicherry-5.",Puducherry Pollution Conrol Committee,"Residential, Rural and other Areas",4,12,55,NA
64,01-09-14,Puducherry,Pondicherry,"DSTC Office Upstairs, PHB 3rd Floor, AnnaNagar. Pondicherry-5.",Puducherry Pollution Conrol Committee,"Residential, Rural and other Areas",4,12,54,NA
64,13-01-14,Puducherry,Pondicherry,"DSTC Office Upstairs, PHB 3rd Floor, AnnaNagar. Pondicherry-5.",Puducherry Pollution Conrol Committee,"Residential, Rural and other Areas",4,12,57,NA
64,16-01-14,Puducherry,Pondicherry,"DSTC Office Upstairs, PHB 3rd Floor, AnnaNagar. Pondicherry-5.",Puducherry Pollution Conrol Committee,"Residential, Rural and other Areas",3,13,58,NA
64,20-01-14,Puducherry,Pondicherry,"DSTC Office Upstairs, PHB 3rd Floor, AnnaNagar. Pondicherry-5.",Puducherry Pollution Conrol Committee,"Residential, Rural and other Areas",4,11,50,NA
64,23-01-14,Puducherry,Pondicherry,"DSTC Office Upstairs, PHB 3rd Floor, AnnaNagar. Pondicherry-5.",Puducherry Pollution Conrol Committee,"Residential, Rural and other Areas",4,11,55,NA
64,27-01-14,Puducherry,Pondicherry,"DSTC Office Upstairs, PHB 3rd Floor, AnnaNagar. Pondicherry-5.",Puducherry Pollution Conrol Committee,"Residential, Rural and other Areas",4,11,66,NA
64,30-01-14,Puducherry,Pondicherry,"DSTC Office Upstairs, PHB 3rd Floor, AnnaNagar. Pondicherry-5.",Puducherry Pollution Conrol Committee,"Residential, Rural and other Areas",3,10,61,NA
64,02-03-14,Puducherry,Pondicherry,"DSTC Office Upstairs, PHB 3rd Floor, AnnaNagar. Pondicherry-5.",Puducherry Pollution Conrol Committee,"Residential, Rural and other Areas",5,11,67,NA
64,02-06-14,Puducherry,Pondicherry,"DSTC Office Upstairs, PHB 3rd Floor, AnnaNagar. Pondicherry-5.",Puducherry Pollution Conrol Committee,"Residential, Rural and other Areas",4,11,57,NA
64,02-10-14,Puducherry,Pondicherry,"DSTC Office Upstairs, PHB 3rd Floor, AnnaNagar. Pondicherry-5.",Puducherry Pollution Conrol Committee,"Residential, Rural and other Areas",4,11,65,NA
64,13-02-14,Puducherry,Pondicherry,"DSTC Office Upstairs, PHB 3rd Floor, AnnaNagar. Pondicherry-5.",Puducherry Pollution Conrol Committee,"Residential, Rural and other Areas",4,12,70,NA
64,17-02-14,Puducherry,Pondicherry,"DSTC Office Upstairs, PHB 3rd Floor, AnnaNagar. Pondicherry-5.",Puducherry Pollution Conrol Committee,"Residential, Rural and other Areas",5,10,50,NA
64,20-02-14,Puducherry,Pondicherry,"DSTC Office Upstairs, PHB 3rd Floor, AnnaNagar. Pondicherry-5.",Puducherry Pollution Conrol Committee,"Residential, Rural and other Areas",5,12,59,NA
64,24-02-14,Puducherry,Pondicherry,"DSTC Office Upstairs, PHB 3rd Floor, AnnaNagar. Pondicherry-5.",Puducherry Pollution Conrol Committee,"Residential, Rural and other Areas",4,11,54,NA
64,27-02-14,Puducherry,Pondicherry,"DSTC Office Upstairs, PHB 3rd Floor, AnnaNagar. Pondicherry-5.",Puducherry Pollution Conrol Committee,"Residential, Rural and other Areas",4,12,57,NA
64,03-03-14,Puducherry,Pondicherry,"DSTC Office Upstairs, PHB 3rd Floor, AnnaNagar. Pondicherry-5.",Puducherry Pollution Conrol Committee,"Residential, Rural and other Areas",5,12,39,NA
64,03-06-14,Puducherry,Pondicherry,"DSTC Office Upstairs, PHB 3rd Floor, AnnaNagar. Pondicherry-5.",Puducherry Pollution Conrol Committee,"Residential, Rural and other Areas",5,12,49,NA
64,03-10-14,Puducherry,Pondicherry,"DSTC Office Upstairs, PHB 3rd Floor, AnnaNagar. Pondicherry-5.",Puducherry Pollution Conrol Committee,"Residential, Rural and other Areas",4,11,56,NA
64,13-03-14,Puducherry,Pondicherry,"DSTC Office Upstairs, PHB 3rd Floor, AnnaNagar. Pondicherry-5.",Puducherry Pollution Conrol Committee,"Residential, Rural and other Areas",4,11,56,NA
64,17-03-14,Puducherry,Pondicherry,"DSTC Office Upstairs, PHB 3rd Floor, AnnaNagar. Pondicherry-5.",Puducherry Pollution Conrol Committee,"Residential, Rural and other Areas",4,11,64,NA
64,20-03-14,Puducherry,Pondicherry,"DSTC Office Upstairs, PHB 3rd Floor, AnnaNagar. Pondicherry-5.",Puducherry Pollution Conrol Committee,"Residential, Rural and other Areas",3,10,48,NA
64,24-03-14,Puducherry,Pondicherry,"DSTC Office Upstairs, PHB 3rd Floor, AnnaNagar. Pondicherry-5.",Puducherry Pollution Conrol Committee,"Residential, Rural and other Areas",5,10,59,NA
64,27-03-14,Puducherry,Pondicherry,"DSTC Office Upstairs, PHB 3rd Floor, AnnaNagar. Pondicherry-5.",Puducherry Pollution Conrol Committee,"Residential, Rural and other Areas",3,11,60,NA
64,31-03-14,Puducherry,Pondicherry,"DSTC Office Upstairs, PHB 3rd Floor, AnnaNagar. Pondicherry-5.",Puducherry Pollution Conrol Committee,"Residential, Rural and other Areas",4,11,65,NA
64,04-03-14,Puducherry,Pondicherry,"DSTC Office Upstairs, PHB 3rd Floor, AnnaNagar. Pondicherry-5.",Puducherry Pollution Conrol Committee,"Residential, Rural and other Areas",4,12,35,NA
64,04-07-14,Puducherry,Pondicherry,"DSTC Office Upstairs, PHB 3rd Floor, AnnaNagar. Pondicherry-5.",Puducherry Pollution Conrol Committee,"Residential, Rural and other Areas",5,12,23,NA
64,04-10-14,Puducherry,Pondicherry,"DSTC Office Upstairs, PHB 3rd Floor, AnnaNagar. Pondicherry-5.",Puducherry Pollution Conrol Committee,"Residential, Rural and other Areas",5,12,47,NA
64,17-04-14,Puducherry,Pondicherry,"DSTC Office Upstairs, PHB 3rd Floor, AnnaNagar. Pondicherry-5.",Puducherry Pollution Conrol Committee,"Residential, Rural and other Areas",5,12,33,NA
64,21-04-14,Puducherry,Pondicherry,"DSTC Office Upstairs, PHB 3rd Floor, AnnaNagar. Pondicherry-5.",Puducherry Pollution Conrol Committee,"Residential, Rural and other Areas",5,11,38,NA
64,28-04-14,Puducherry,Pondicherry,"DSTC Office Upstairs, PHB 3rd Floor, AnnaNagar. Pondicherry-5.",Puducherry Pollution Conrol Committee,"Residential, Rural and other Areas",5,14,23,NA
64,05-08-14,Puducherry,Pondicherry,"DSTC Office Upstairs, PHB 3rd Floor, AnnaNagar. Pondicherry-5.",Puducherry Pollution Conrol Committee,"Residential, Rural and other Areas",5,12,26,NA
64,05-12-14,Puducherry,Pondicherry,"DSTC Office Upstairs, PHB 3rd Floor, AnnaNagar. Pondicherry-5.",Puducherry Pollution Conrol Committee,"Residential, Rural and other Areas",4,11,30,NA
64,15-05-14,Puducherry,Pondicherry,"DSTC Office Upstairs, PHB 3rd Floor, AnnaNagar. Pondicherry-5.",Puducherry Pollution Conrol Committee,"Residential, Rural and other Areas",5,11,61,NA
64,19-05-14,Puducherry,Pondicherry,"DSTC Office Upstairs, PHB 3rd Floor, AnnaNagar. Pondicherry-5.",Puducherry Pollution Conrol Committee,"Residential, Rural and other Areas",5,12,20,NA
64,22-05-14,Puducherry,Pondicherry,"DSTC Office Upstairs, PHB 3rd Floor, AnnaNagar. Pondicherry-5.",Puducherry Pollution Conrol Committee,"Residential, Rural and other Areas",5,12,49,NA
64,26-05-14,Puducherry,Pondicherry,"DSTC Office Upstairs, PHB 3rd Floor, AnnaNagar. Pondicherry-5.",Puducherry Pollution Conrol Committee,"Residential, Rural and other Areas",5,13,42,NA
64,29-05-14,Puducherry,Pondicherry,"DSTC Office Upstairs, PHB 3rd Floor, AnnaNagar. Pondicherry-5.",Puducherry Pollution Conrol Committee,"Residential, Rural and other Areas",5,12,45,NA
64,06-02-14,Puducherry,Pondicherry,"DSTC Office Upstairs, PHB 3rd Floor, AnnaNagar. Pondicherry-5.",Puducherry Pollution Conrol Committee,"Residential, Rural and other Areas",4,11,56,NA
64,06-05-14,Puducherry,Pondicherry,"DSTC Office Upstairs, PHB 3rd Floor, AnnaNagar. Pondicherry-5.",Puducherry Pollution Conrol Committee,"Residential, Rural and other Areas",5,12,45,NA
64,06-12-14,Puducherry,Pondicherry,"DSTC Office Upstairs, PHB 3rd Floor, AnnaNagar. Pondicherry-5.",Puducherry Pollution Conrol Committee,"Residential, Rural and other Areas",NA,NA,10,NA
64,16-06-14,Puducherry,Pondicherry,"DSTC Office Upstairs, PHB 3rd Floor, AnnaNagar. Pondicherry-5.",Puducherry Pollution Conrol Committee,"Residential, Rural and other Areas",6,13,31,NA
64,19-06-14,Puducherry,Pondicherry,"DSTC Office Upstairs, PHB 3rd Floor, AnnaNagar. Pondicherry-5.",Puducherry Pollution Conrol Committee,"Residential, Rural and other Areas",6,12,34,NA
64,23-06-14,Puducherry,Pondicherry,"DSTC Office Upstairs, PHB 3rd Floor, AnnaNagar. Pondicherry-5.",Puducherry Pollution Conrol Committee,"Residential, Rural and other Areas",5,12,51,NA
64,26-06-14,Puducherry,Pondicherry,"DSTC Office Upstairs, PHB 3rd Floor, AnnaNagar. Pondicherry-5.",Puducherry Pollution Conrol Committee,"Residential, Rural and other Areas",5,12,32,NA
64,07-03-14,Puducherry,Pondicherry,"DSTC Office Upstairs, PHB 3rd Floor, AnnaNagar. Pondicherry-5.",Puducherry Pollution Conrol Committee,"Residential, Rural and other Areas",6,12,25,NA
64,07-07-14,Puducherry,Pondicherry,"DSTC Office Upstairs, PHB 3rd Floor, AnnaNagar. Pondicherry-5.",Puducherry Pollution Conrol Committee,"Residential, Rural and other Areas",6,12,33,NA
64,14-07-14,Puducherry,Pondicherry,"DSTC Office Upstairs, PHB 3rd Floor, AnnaNagar. Pondicherry-5.",Puducherry Pollution Conrol Committee,"Residential, Rural and other Areas",6,12,23,NA
64,17-07-14,Puducherry,Pondicherry,"DSTC Office Upstairs, PHB 3rd Floor, AnnaNagar. Pondicherry-5.",Puducherry Pollution Conrol Committee,"Residential, Rural and other Areas",6,12,33,NA
64,21-07-14,Puducherry,Pondicherry,"DSTC Office Upstairs, PHB 3rd Floor, AnnaNagar. Pondicherry-5.",Puducherry Pollution Conrol Committee,"Residential, Rural and other Areas",6,11,42,NA
64,24-07-14,Puducherry,Pondicherry,"DSTC Office Upstairs, PHB 3rd Floor, AnnaNagar. Pondicherry-5.",Puducherry Pollution Conrol Committee,"Residential, Rural and other Areas",5,11,39,NA
64,28-07-14,Puducherry,Pondicherry,"DSTC Office Upstairs, PHB 3rd Floor, AnnaNagar. Pondicherry-5.",Puducherry Pollution Conrol Committee,"Residential, Rural and other Areas",6,12,25,NA
64,31-07-14,Puducherry,Pondicherry,"DSTC Office Upstairs, PHB 3rd Floor, AnnaNagar. Pondicherry-5.",Puducherry Pollution Conrol Committee,"Residential, Rural and other Areas",6,11,27,NA
64,08-04-14,Puducherry,Pondicherry,"DSTC Office Upstairs, PHB 3rd Floor, AnnaNagar. Pondicherry-5.",Puducherry Pollution Conrol Committee,"Residential, Rural and other Areas",5,11,49,NA
64,08-07-14,Puducherry,Pondicherry,"DSTC Office Upstairs, PHB 3rd Floor, AnnaNagar. Pondicherry-5.",Puducherry Pollution Conrol Committee,"Residential, Rural and other Areas",6,12,22,NA
64,08-11-14,Puducherry,Pondicherry,"DSTC Office Upstairs, PHB 3rd Floor, AnnaNagar. Pondicherry-5.",Puducherry Pollution Conrol Committee,"Residential, Rural and other Areas",NA,NA,40,NA
64,14-08-14,Puducherry,Pondicherry,"DSTC Office Upstairs, PHB 3rd Floor, AnnaNagar. Pondicherry-5.",Puducherry Pollution Conrol Committee,"Residential, Rural and other Areas",5,12,26,NA
64,18-08-14,Puducherry,Pondicherry,"DSTC Office Upstairs, PHB 3rd Floor, AnnaNagar. Pondicherry-5.",Puducherry Pollution Conrol Committee,"Residential, Rural and other Areas",5,12,29,NA
64,21-08-14,Puducherry,Pondicherry,"DSTC Office Upstairs, PHB 3rd Floor, AnnaNagar. Pondicherry-5.",Puducherry Pollution Conrol Committee,"Residential, Rural and other Areas",4,13,24,NA
64,25-08-14,Puducherry,Pondicherry,"DSTC Office Upstairs, PHB 3rd Floor, AnnaNagar. Pondicherry-5.",Puducherry Pollution Conrol Committee,"Residential, Rural and other Areas",6,12,42,NA
64,28-08-14,Puducherry,Pondicherry,"DSTC Office Upstairs, PHB 3rd Floor, AnnaNagar. Pondicherry-5.",Puducherry Pollution Conrol Committee,"Residential, Rural and other Areas",5,11,25,NA
64,09-01-14,Puducherry,Pondicherry,"DSTC Office Upstairs, PHB 3rd Floor, AnnaNagar. Pondicherry-5.",Puducherry Pollution Conrol Committee,"Residential, Rural and other Areas",6,13,24,NA
64,09-08-14,Puducherry,Pondicherry,"DSTC Office Upstairs, PHB 3rd Floor, AnnaNagar. Pondicherry-5.",Puducherry Pollution Conrol Committee,"Residential, Rural and other Areas",5,11,57,NA
64,09-11-14,Puducherry,Pondicherry,"DSTC Office Upstairs, PHB 3rd Floor, AnnaNagar. Pondicherry-5.",Puducherry Pollution Conrol Committee,"Residential, Rural and other Areas",5,13,43,NA
64,15-09-14,Puducherry,Pondicherry,"DSTC Office Upstairs, PHB 3rd Floor, AnnaNagar. Pondicherry-5.",Puducherry Pollution Conrol Committee,"Residential, Rural and other Areas",NA,NA,34,NA
64,18-09-14,Puducherry,Pondicherry,"DSTC Office Upstairs, PHB 3rd Floor, AnnaNagar. Pondicherry-5.",Puducherry Pollution Conrol Committee,"Residential, Rural and other Areas",5,12,32,NA
64,22-09-14,Puducherry,Pondicherry,"DSTC Office Upstairs, PHB 3rd Floor, AnnaNagar. Pondicherry-5.",Puducherry Pollution Conrol Committee,"Residential, Rural and other Areas",6,13,46,NA
64,25-09-14,Puducherry,Pondicherry,"DSTC Office Upstairs, PHB 3rd Floor, AnnaNagar. Pondicherry-5.",Puducherry Pollution Conrol Committee,"Residential, Rural and other Areas",7,13,16,NA
64,29-09-14,Puducherry,Pondicherry,"DSTC Office Upstairs, PHB 3rd Floor, AnnaNagar. Pondicherry-5.",Puducherry Pollution Conrol Committee,"Residential, Rural and other Areas",5,13,22,NA
64,10-09-14,Puducherry,Pondicherry,"DSTC Office Upstairs, PHB 3rd Floor, AnnaNagar. Pondicherry-5.",Puducherry Pollution Conrol Committee,"Residential, Rural and other Areas",6,12,42,NA
64,13-10-14,Puducherry,Pondicherry,"DSTC Office Upstairs, PHB 3rd Floor, AnnaNagar. Pondicherry-5.",Puducherry Pollution Conrol Committee,"Residential, Rural and other Areas",6,12,31,NA
64,27-10-14,Puducherry,Pondicherry,"DSTC Office Upstairs, PHB 3rd Floor, AnnaNagar. Pondicherry-5.",Puducherry Pollution Conrol Committee,"Residential, Rural and other Areas",5,12,34,NA
64,30-10-14,Puducherry,Pondicherry,"DSTC Office Upstairs, PHB 3rd Floor, AnnaNagar. Pondicherry-5.",Puducherry Pollution Conrol Committee,"Residential, Rural and other Areas",6,14,48,NA
64,11-06-14,Puducherry,Pondicherry,"DSTC Office Upstairs, PHB 3rd Floor, AnnaNagar. Pondicherry-5.",Puducherry Pollution Conrol Committee,"Residential, Rural and other Areas",6,14,42,NA
64,11-10-14,Puducherry,Pondicherry,"DSTC Office Upstairs, PHB 3rd Floor, AnnaNagar. Pondicherry-5.",Puducherry Pollution Conrol Committee,"Residential, Rural and other Areas",6,14,49,NA
64,17-11-14,Puducherry,Pondicherry,"DSTC Office Upstairs, PHB 3rd Floor, AnnaNagar. Pondicherry-5.",Puducherry Pollution Conrol Committee,"Residential, Rural and other Areas",5,14,47,NA
64,20-11-14,Puducherry,Pondicherry,"DSTC Office Upstairs, PHB 3rd Floor, AnnaNagar. Pondicherry-5.",Puducherry Pollution Conrol Committee,"Residential, Rural and other Areas",5,14,31,NA
64,24-11-14,Puducherry,Pondicherry,"DSTC Office Upstairs, PHB 3rd Floor, AnnaNagar. Pondicherry-5.",Puducherry Pollution Conrol Committee,"Residential, Rural and other Areas",6,15,33,NA
64,12-04-14,Puducherry,Pondicherry,"DSTC Office Upstairs, PHB 3rd Floor, AnnaNagar. Pondicherry-5.",Puducherry Pollution Conrol Committee,"Residential, Rural and other Areas",6,13,47,NA
64,12-08-14,Puducherry,Pondicherry,"DSTC Office Upstairs, PHB 3rd Floor, AnnaNagar. Pondicherry-5.",Puducherry Pollution Conrol Committee,"Residential, Rural and other Areas",6,14,46,NA
64,18-12-14,Puducherry,Pondicherry,"DSTC Office Upstairs, PHB 3rd Floor, AnnaNagar. Pondicherry-5.",Puducherry Pollution Conrol Committee,"Residential, Rural and other Areas",5,12,35,NA
64,22-12-14,Puducherry,Pondicherry,"DSTC Office Upstairs, PHB 3rd Floor, AnnaNagar. Pondicherry-5.",Puducherry Pollution Conrol Committee,"Residential, Rural and other Areas",6,14,42,NA
