Sampling Date,State,City/Town/Village/Area,Location of Monitoring Station,Type of Location,SO2,NO2,RSPM/PM10,SPM
5/5/2005,Kerala,Kochi,Eloor,Industrial Areas,NA,15.7,51,91
5/9/2005,Kerala,Kochi,Eloor,Industrial Areas,NA,NA,41,105
5/12/2005,Kerala,Kochi,Eloor,Industrial Areas,NA,NA,58,104
16-05-05,Kerala,Kochi,Eloor,Industrial Areas,31.5,27.4,89,153
19-05-05,Kerala,Kochi,Eloor,Industrial Areas,NA,18,109,153
23-05-05,Kerala,Kochi,Eloor,Industrial Areas,32.6,16,57,107
26-05-05,Kerala,Kochi,Eloor,Industrial Areas,28.9,19.6,52,104
30-05-05,Kerala,Kochi,Eloor,Industrial Areas,30.7,10.8,50,112
6/6/2005,Kerala,Kochi,Eloor,Industrial Areas,35.5,13,53,106
6/9/2005,Kerala,Kochi,Eloor,Industrial Areas,NA,22.9,68,110
16-06-05,Kerala,Kochi,Eloor,Industrial Areas,NA,NA,74,120
23-06-05,Kerala,Kochi,Eloor,Industrial Areas,42.9,17.1,63,104
30-06-05,Kerala,Kochi,Eloor,Industrial Areas,12.1,NA,73,122
7/4/2005,Kerala,Kochi,Eloor,Industrial Areas,70,13.9,73,153
7/6/2005,Kerala,Kochi,Eloor,Industrial Areas,NA,15,68,136
7/11/2005,Kerala,Kochi,Eloor,Industrial Areas,4,10.4,59,128
14-07-05,Kerala,Kochi,Eloor,Industrial Areas,33.3,NA,72,118
18-07-05,Kerala,Kochi,Eloor,Industrial Areas,33.3,NA,86,139
21-07-05,Kerala,Kochi,Eloor,Industrial Areas,11.2,NA,68,140
8/1/2005,Kerala,Kochi,Eloor,Industrial Areas,45.7,11.7,119,167
8/4/2005,Kerala,Kochi,Eloor,Industrial Areas,42.2,NA,82,135
8/11/2005,Kerala,Kochi,Eloor,Industrial Areas,55.2,10.5,74,130
18-08-05,Kerala,Kochi,Eloor,Industrial Areas,45.7,26.8,69,121
22-08-05,Kerala,Kochi,Eloor,Industrial Areas,47.8,NA,74,128
29-08-05,Kerala,Kochi,Eloor,Industrial Areas,29.1,15.8,52,106
9/1/2005,Kerala,Kochi,Eloor,Industrial Areas,47.6,NA,65,130
9/5/2005,Kerala,Kochi,Eloor,Industrial Areas,34.7,NA,47,120
9/8/2005,Kerala,Kochi,Eloor,Industrial Areas,NA,NA,30,88
9/12/2005,Kerala,Kochi,Eloor,Industrial Areas,10.2,NA,62,109
15-09-05,Kerala,Kochi,Eloor,Industrial Areas,NA,NA,57,98
19-09-05,Kerala,Kochi,Eloor,Industrial Areas,NA,NA,38,87
22-09-05,Kerala,Kochi,Eloor,Industrial Areas,NA,NA,24,66
26-09-05,Kerala,Kochi,Eloor,Industrial Areas,NA,NA,62,108
30-09-05,Kerala,Kochi,Eloor,Industrial Areas,NA,NA,85,131
10/3/2005,Kerala,Kochi,Eloor,Industrial Areas,15.2,19.8,62,86
10/6/2005,Kerala,Kochi,Eloor,Industrial Areas,14.6,NA,56,110
10/10/2005,Kerala,Kochi,Eloor,Industrial Areas,NA,NA,65,125
13-10-05,Kerala,Kochi,Eloor,Industrial Areas,68.4,18.2,64,116
17-10-05,Kerala,Kochi,Eloor,Industrial Areas,16.1,20.4,63,110
20-10-05,Kerala,Kochi,Eloor,Industrial Areas,12.2,12.9,81,143
27-10-05,Kerala,Kochi,Eloor,Industrial Areas,NA,19.2,54,110
31-10-05,Kerala,Kochi,Eloor,Industrial Areas,36.3,11.7,37,102
11/3/2005,Kerala,Kochi,Eloor,Industrial Areas,13.2,17.5,19,62
11/7/2005,Kerala,Kochi,Eloor,Industrial Areas,20.9,13.8,54,109
11/10/2005,Kerala,Kochi,Eloor,Industrial Areas,20.5,6.4,37,98
14-11-05,Kerala,Kochi,Eloor,Industrial Areas,3.6,10.3,63,107
17-11-05,Kerala,Kochi,Eloor,Industrial Areas,6.4,7.8,91,138
21-11-05,Kerala,Kochi,Eloor,Industrial Areas,17,33.8,63,91
24-11-05,Kerala,Kochi,Eloor,Industrial Areas,23.2,13.1,72,106
28-11-05,Kerala,Kochi,Eloor,Industrial Areas,NA,9.8,69,121
30-11-05,Kerala,Kochi,Eloor,Industrial Areas,NA,13.8,88,126
12/1/2005,Kerala,Kochi,Eloor,Industrial Areas,39.8,44.2,76,130
12/5/2005,Kerala,Kochi,Eloor,Industrial Areas,39.6,13.5,119,165
12/8/2005,Kerala,Kochi,Eloor,Industrial Areas,29.9,33.7,101,144
12/12/2005,Kerala,Kochi,Eloor,Industrial Areas,5.5,11.9,103,149
15-12-05,Kerala,Kochi,Eloor,Industrial Areas,26.1,26.3,97,152
19-12-05,Kerala,Kochi,Eloor,Industrial Areas,12.2,42.9,120,158
22-12-05,Kerala,Kochi,Eloor,Industrial Areas,21.1,13.8,75,138
26-12-05,Kerala,Kochi,Eloor,Industrial Areas,6.2,5.6,88,158
29-12-05,Kerala,Kochi,Eloor,Industrial Areas,40.6,8.7,112,161
5/5/2005,Kerala,Kochi,Irumpanam,Industrial Areas,NA,14.7,48,109
5/9/2005,Kerala,Kochi,Irumpanam,Industrial Areas,NA,9.3,46,105
5/12/2005,Kerala,Kochi,Irumpanam,Industrial Areas,NA,9.4,60,109
16-05-05,Kerala,Kochi,Irumpanam,Industrial Areas,NA,29.8,53,110
19-05-05,Kerala,Kochi,Irumpanam,Industrial Areas,NA,NA,63,113
23-05-05,Kerala,Kochi,Irumpanam,Industrial Areas,NA,15.2,67,104
26-05-05,Kerala,Kochi,Irumpanam,Industrial Areas,NA,NA,59,101
30-05-05,Kerala,Kochi,Irumpanam,Industrial Areas,4.2,NA,67,120
6/6/2005,Kerala,Kochi,Irumpanam,Industrial Areas,16.4,NA,51,107
6/9/2005,Kerala,Kochi,Irumpanam,Industrial Areas,NA,NA,61,100
16-06-05,Kerala,Kochi,Irumpanam,Industrial Areas,NA,NA,74,129
23-06-05,Kerala,Kochi,Irumpanam,Industrial Areas,NA,NA,48,109
27-06-05,Kerala,Kochi,Irumpanam,Industrial Areas,NA,11.1,69,137
30-06-05,Kerala,Kochi,Irumpanam,Industrial Areas,5.1,NA,61,107
7/4/2005,Kerala,Kochi,Irumpanam,Industrial Areas,NA,NA,45,103
7/6/2005,Kerala,Kochi,Irumpanam,Industrial Areas,NA,NA,60,124
7/11/2005,Kerala,Kochi,Irumpanam,Industrial Areas,NA,NA,64,99
14-07-05,Kerala,Kochi,Irumpanam,Industrial Areas,9.3,NA,66,127
18-07-05,Kerala,Kochi,Irumpanam,Industrial Areas,NA,NA,45,92
21-07-05,Kerala,Kochi,Irumpanam,Industrial Areas,NA,NA,61,124
25-07-05,Kerala,Kochi,Irumpanam,Industrial Areas,NA,NA,48,98
28-07-05,Kerala,Kochi,Irumpanam,Industrial Areas,NA,NA,52,103
8/1/2005,Kerala,Kochi,Irumpanam,Industrial Areas,NA,NA,56,119
8/4/2005,Kerala,Kochi,Irumpanam,Industrial Areas,NA,NA,64,128
8/11/2005,Kerala,Kochi,Irumpanam,Industrial Areas,NA,NA,52,129
18-08-05,Kerala,Kochi,Irumpanam,Industrial Areas,NA,11.4,63,125
22-08-05,Kerala,Kochi,Irumpanam,Industrial Areas,NA,NA,69,121
29-08-05,Kerala,Kochi,Irumpanam,Industrial Areas,4.1,NA,49,111
9/1/2005,Kerala,Kochi,Irumpanam,Industrial Areas,NA,NA,73,102
9/5/2005,Kerala,Kochi,Irumpanam,Industrial Areas,NA,NA,27,51
9/8/2005,Kerala,Kochi,Irumpanam,Industrial Areas,NA,NA,23,76
9/12/2005,Kerala,Kochi,Irumpanam,Industrial Areas,14.8,NA,29,57
15-09-05,Kerala,Kochi,Irumpanam,Industrial Areas,NA,NA,43,192
19-09-05,Kerala,Kochi,Irumpanam,Industrial Areas,9.8,NA,33,61
22-09-05,Kerala,Kochi,Irumpanam,Industrial Areas,9.8,NA,38,92
26-09-05,Kerala,Kochi,Irumpanam,Industrial Areas,NA,NA,52,96
30-09-05,Kerala,Kochi,Irumpanam,Industrial Areas,6.7,NA,58,122
10/3/2005,Kerala,Kochi,Irumpanam,Industrial Areas,NA,9.3,40,87
10/6/2005,Kerala,Kochi,Irumpanam,Industrial Areas,NA,NA,11,59
10/10/2005,Kerala,Kochi,Irumpanam,Industrial Areas,NA,NA,44,194
13-10-05,Kerala,Kochi,Irumpanam,Industrial Areas,NA,NA,53,81
17-10-05,Kerala,Kochi,Irumpanam,Industrial Areas,NA,NA,46,89
20-10-05,Kerala,Kochi,Irumpanam,Industrial Areas,NA,NA,61,117
24-10-05,Kerala,Kochi,Irumpanam,Industrial Areas,15.8,12.7,19,62
27-10-05,Kerala,Kochi,Irumpanam,Industrial Areas,NA,NA,33,81
31-10-05,Kerala,Kochi,Irumpanam,Industrial Areas,17,NA,52,104
11/3/2005,Kerala,Kochi,Irumpanam,Industrial Areas,3.3,NA,68,113
11/7/2005,Kerala,Kochi,Irumpanam,Industrial Areas,3.6,7.2,48,110
11/10/2005,Kerala,Kochi,Irumpanam,Industrial Areas,3.1,NA,57,110
14-11-05,Kerala,Kochi,Irumpanam,Industrial Areas,NA,NA,48,104
17-11-05,Kerala,Kochi,Irumpanam,Industrial Areas,NA,NA,63,113
21-11-05,Kerala,Kochi,Irumpanam,Industrial Areas,9.3,7.3,66,114
24-11-05,Kerala,Kochi,Irumpanam,Industrial Areas,NA,7.4,63,119
28-11-05,Kerala,Kochi,Irumpanam,Industrial Areas,3.2,NA,64,110
30-11-05,Kerala,Kochi,Irumpanam,Industrial Areas,32.8,7.3,66,109
12/1/2005,Kerala,Kochi,Irumpanam,Industrial Areas,NA,7.2,61,100
12/5/2005,Kerala,Kochi,Irumpanam,Industrial Areas,NA,5.8,74,129
12/8/2005,Kerala,Kochi,Irumpanam,Industrial Areas,3.2,6.3,48,110
12/12/2005,Kerala,Kochi,Irumpanam,Industrial Areas,66.2,7.3,58,124
15-12-05,Kerala,Kochi,Irumpanam,Industrial Areas,5.1,6.8,61,107
19-12-05,Kerala,Kochi,Irumpanam,Industrial Areas,4.4,5.3,45,103
22-12-05,Kerala,Kochi,Irumpanam,Industrial Areas,NA,NA,60,124
26-12-05,Kerala,Kochi,Irumpanam,Industrial Areas,NA,NA,64,100
29-12-05,Kerala,Kochi,Irumpanam,Industrial Areas,9.2,NA,66,127
5/2/2005,Kerala,Kochi,Ernakulum South,Residential and others,NA,NA,66,100
5/5/2005,Kerala,Kochi,Ernakulum South,Residential and others,NA,NA,38,78
5/9/2005,Kerala,Kochi,Ernakulum South,Residential and others,NA,NA,30,74
5/12/2005,Kerala,Kochi,Ernakulum South,Residential and others,NA,NA,26,76
16-05-05,Kerala,Kochi,Ernakulum South,Residential and others,NA,NA,34,86
19-05-05,Kerala,Kochi,Ernakulum South,Residential and others,NA,NA,49,99
23-05-05,Kerala,Kochi,Ernakulum South,Residential and others,NA,NA,53,112
26-05-05,Kerala,Kochi,Ernakulum South,Residential and others,NA,9.2,61,122
30-05-05,Kerala,Kochi,Ernakulum South,Residential and others,NA,9.7,61,121
6/2/2005,Kerala,Kochi,Ernakulum South,Residential and others,NA,10,36,83
6/6/2005,Kerala,Kochi,Ernakulum South,Residential and others,8.8,20.3,46,92
6/9/2005,Kerala,Kochi,Ernakulum South,Residential and others,NA,10.4,45,78
13-06-05,Kerala,Kochi,Ernakulum South,Residential and others,24.8,15.6,63,101
16-06-05,Kerala,Kochi,Ernakulum South,Residential and others,NA,NA,67,117
20-06-05,Kerala,Kochi,Ernakulum South,Residential and others,NA,NA,52,84
23-06-05,Kerala,Kochi,Ernakulum South,Residential and others,NA,19,42,83
27-06-05,Kerala,Kochi,Ernakulum South,Residential and others,11.2,20.1,38,79
30-06-05,Kerala,Kochi,Ernakulum South,Residential and others,NA,NA,36,78
7/4/2005,Kerala,Kochi,Ernakulum South,Residential and others,NA,NA,53,98
7/7/2005,Kerala,Kochi,Ernakulum South,Residential and others,NA,NA,59,135
7/11/2005,Kerala,Kochi,Ernakulum South,Residential and others,NA,NA,41,84
14-07-05,Kerala,Kochi,Ernakulum South,Residential and others,NA,12,65,110
18-07-05,Kerala,Kochi,Ernakulum South,Residential and others,NA,9,40,91
21-07-05,Kerala,Kochi,Ernakulum South,Residential and others,NA,NA,43,83
25-07-05,Kerala,Kochi,Ernakulum South,Residential and others,8,NA,42,84
28-07-05,Kerala,Kochi,Ernakulum South,Residential and others,NA,NA,42,88
8/1/2005,Kerala,Kochi,Ernakulum South,Residential and others,NA,NA,50,96
8/7/2005,Kerala,Kochi,Ernakulum South,Residential and others,5.1,NA,59,95
8/11/2005,Kerala,Kochi,Ernakulum South,Residential and others,10.1,NA,35,86
18-08-05,Kerala,Kochi,Ernakulum South,Residential and others,NA,10.7,56,91
22-08-05,Kerala,Kochi,Ernakulum South,Residential and others,NA,NA,64,102
26-08-05,Kerala,Kochi,Ernakulum South,Residential and others,NA,9.2,48,91
29-08-05,Kerala,Kochi,Ernakulum South,Residential and others,NA,NA,58,100
9/1/2005,Kerala,Kochi,Ernakulum South,Residential and others,NA,24,52,92
9/5/2005,Kerala,Kochi,Ernakulum South,Residential and others,NA,13.4,64,106
9/8/2005,Kerala,Kochi,Ernakulum South,Residential and others,NA,9.6,64,121
9/12/2005,Kerala,Kochi,Ernakulum South,Residential and others,NA,16.4,64,112
15-09-05,Kerala,Kochi,Ernakulum South,Residential and others,NA,NA,62,110
19-09-05,Kerala,Kochi,Ernakulum South,Residential and others,4.1,9.5,59,102
22-09-05,Kerala,Kochi,Ernakulum South,Residential and others,NA,NA,48,87
26-09-05,Kerala,Kochi,Ernakulum South,Residential and others,4.1,NA,81,129
30-09-05,Kerala,Kochi,Ernakulum South,Residential and others,NA,NA,90,133
10/3/2005,Kerala,Kochi,Ernakulum South,Residential and others,NA,13.3,73,117
10/6/2005,Kerala,Kochi,Ernakulum South,Residential and others,7.2,NA,56,91
10/10/2005,Kerala,Kochi,Ernakulum South,Residential and others,5.9,NA,64,102
13-10-05,Kerala,Kochi,Ernakulum South,Residential and others,14.6,NA,48,91
17-10-05,Kerala,Kochi,Ernakulum South,Residential and others,NA,NA,58,100
20-10-05,Kerala,Kochi,Ernakulum South,Residential and others,6.4,NA,44,74
24-10-05,Kerala,Kochi,Ernakulum South,Residential and others,NA,NA,25,92
27-10-05,Kerala,Kochi,Ernakulum South,Residential and others,NA,NA,59,105
31-10-05,Kerala,Kochi,Ernakulum South,Residential and others,NA,NA,59,96
11/3/2005,Kerala,Kochi,Ernakulum South,Residential and others,NA,6.6,53,98
11/7/2005,Kerala,Kochi,Ernakulum South,Residential and others,NA,7.1,59,135
11/10/2005,Kerala,Kochi,Ernakulum South,Residential and others,2.5,5.4,35,86
14-11-05,Kerala,Kochi,Ernakulum South,Residential and others,NA,10.7,56,91
17-11-05,Kerala,Kochi,Ernakulum South,Residential and others,NA,5.4,64,102
21-11-05,Kerala,Kochi,Ernakulum South,Residential and others,NA,9.2,48,101
24-11-05,Kerala,Kochi,Ernakulum South,Residential and others,NA,6.5,58,100
28-11-05,Kerala,Kochi,Ernakulum South,Residential and others,5.3,21.5,52,92
30-11-05,Kerala,Kochi,Ernakulum South,Residential and others,2.6,12.8,64,106
12/1/2005,Kerala,Kochi,Ernakulum South,Residential and others,2.4,5.9,41,84
12/5/2005,Kerala,Kochi,Ernakulum South,Residential and others,NA,12,65,110
12/8/2005,Kerala,Kochi,Ernakulum South,Residential and others,3.1,8.3,40,91
12/12/2005,Kerala,Kochi,Ernakulum South,Residential and others,NA,NA,43,83
15-12-05,Kerala,Kochi,Ernakulum South,Residential and others,8,NA,42,84
19-12-05,Kerala,Kochi,Ernakulum South,Residential and others,2.8,NA,42,88
22-12-05,Kerala,Kochi,Ernakulum South,Residential and others,NA,NA,50,96
26-12-05,Kerala,Kochi,Ernakulum South,Residential and others,5.1,NA,59,95
29-12-05,Kerala,Kochi,Ernakulum South,Residential and others,2.5,5.4,35,86
4/2/2005,Kerala,Kottayam,Vadavathoor,Industrial Areas,4,16,32,34
4/5/2005,Kerala,Kottayam,Vadavathoor,Industrial Areas,4.1,16.6,26,28
4/7/2005,Kerala,Kottayam,Vadavathoor,Industrial Areas,4,13.2,30,31
4/12/2005,Kerala,Kottayam,Vadavathoor,Industrial Areas,4,17.4,28,30
19-04-05,Kerala,Kottayam,Vadavathoor,Industrial Areas,4,15.2,26,28
23-04-05,Kerala,Kottayam,Vadavathoor,Industrial Areas,4,15.2,24,26
26-04-05,Kerala,Kottayam,Vadavathoor,Industrial Areas,4.1,14.9,23,24
28-04-05,Kerala,Kottayam,Vadavathoor,Industrial Areas,4,12,32,34
6/7/2005,Kerala,Kottayam,Vadavathoor,Industrial Areas,NA,14.8,21,NA
6/9/2005,Kerala,Kottayam,Vadavathoor,Industrial Areas,NA,16,19,NA
14-06-05,Kerala,Kottayam,Vadavathoor,Industrial Areas,NA,13,26,NA
16-06-05,Kerala,Kottayam,Vadavathoor,Industrial Areas,NA,13.7,18,NA
18-06-05,Kerala,Kottayam,Vadavathoor,Industrial Areas,NA,15.1,29,NA
23-06-05,Kerala,Kottayam,Vadavathoor,Industrial Areas,NA,13.5,15,NA
28-06-05,Kerala,Kottayam,Vadavathoor,Industrial Areas,NA,13.8,13,NA
30-06-05,Kerala,Kottayam,Vadavathoor,Industrial Areas,NA,13.6,14,NA
7/12/2005,Kerala,Kottayam,Vadavathoor,Industrial Areas,4.2,11.2,34,NA
14-07-05,Kerala,Kottayam,Vadavathoor,Industrial Areas,4.2,11,34,NA
16-07-05,Kerala,Kottayam,Vadavathoor,Industrial Areas,4.2,11.9,32,NA
19-07-05,Kerala,Kottayam,Vadavathoor,Industrial Areas,4.2,12.6,32,NA
21-07-05,Kerala,Kottayam,Vadavathoor,Industrial Areas,4.2,13.1,33,NA
23-07-05,Kerala,Kottayam,Vadavathoor,Industrial Areas,4.2,13,39,NA
26-07-05,Kerala,Kottayam,Vadavathoor,Industrial Areas,4.3,13.1,36,NA
29-07-05,Kerala,Kottayam,Vadavathoor,Industrial Areas,4.2,13.9,32,NA
8/2/2005,Kerala,Kottayam,Vadavathoor,Industrial Areas,4.2,13.1,32,NA
8/4/2005,Kerala,Kottayam,Vadavathoor,Industrial Areas,4.4,13,33,NA
8/6/2005,Kerala,Kottayam,Vadavathoor,Industrial Areas,4.4,13.1,33,NA
8/9/2005,Kerala,Kottayam,Vadavathoor,Industrial Areas,4.4,13.1,32,NA
8/11/2005,Kerala,Kottayam,Vadavathoor,Industrial Areas,4.8,13.5,14,NA
16-08-05,Kerala,Kottayam,Vadavathoor,Industrial Areas,4.6,13.5,15,NA
18-08-05,Kerala,Kottayam,Vadavathoor,Industrial Areas,4.9,14,16,NA
27-08-05,Kerala,Kottayam,Vadavathoor,Industrial Areas,4.8,12.6,26,NA
9/6/2005,Kerala,Kottayam,Vadavathoor,Industrial Areas,4.8,12.6,19,21
9/8/2005,Kerala,Kottayam,Vadavathoor,Industrial Areas,4.7,12.6,20,21
13-09-05,Kerala,Kottayam,Vadavathoor,Industrial Areas,4.6,13,33,35
20-09-05,Kerala,Kottayam,Vadavathoor,Industrial Areas,4.6,13,41,43
22-09-05,Kerala,Kottayam,Vadavathoor,Industrial Areas,4.8,13,11,12
27-09-05,Kerala,Kottayam,Vadavathoor,Industrial Areas,4.6,13,7,8
29-09-05,Kerala,Kottayam,Vadavathoor,Industrial Areas,4.6,13,42,44
30-09-05,Kerala,Kottayam,Vadavathoor,Industrial Areas,4.6,13.3,49,51
10/4/2005,Kerala,Kottayam,Vadavathoor,Industrial Areas,4.4,12.6,36,38
10/6/2005,Kerala,Kottayam,Vadavathoor,Industrial Areas,4.6,13.1,41,43
18-10-05,Kerala,Kottayam,Vadavathoor,Industrial Areas,4.6,13.7,37,39
20-10-05,Kerala,Kottayam,Vadavathoor,Industrial Areas,4.6,13,28,30
22-10-05,Kerala,Kottayam,Vadavathoor,Industrial Areas,4.6,13,27,29
25-10-05,Kerala,Kottayam,Vadavathoor,Industrial Areas,4.4,13.9,32,34
27-10-05,Kerala,Kottayam,Vadavathoor,Industrial Areas,4.6,13.5,34,36
29-10-05,Kerala,Kottayam,Vadavathoor,Industrial Areas,4.6,13.1,35,37
11/4/2005,Kerala,Kottayam,Vadavathoor,Industrial Areas,5.7,15.8,38,39
11/8/2005,Kerala,Kottayam,Vadavathoor,Industrial Areas,5.2,14.8,27,28
11/11/2005,Kerala,Kottayam,Vadavathoor,Industrial Areas,5,15.9,57,60
15-11-05,Kerala,Kottayam,Vadavathoor,Industrial Areas,5.3,14,66,69
17-11-05,Kerala,Kottayam,Vadavathoor,Industrial Areas,5.7,14.1,39,40
22-11-05,Kerala,Kottayam,Vadavathoor,Industrial Areas,5.1,14,54,57
24-11-05,Kerala,Kottayam,Vadavathoor,Industrial Areas,5.4,13.5,51,53
29-11-05,Kerala,Kottayam,Vadavathoor,Industrial Areas,5.6,14,60,63
12/6/2005,Kerala,Kottayam,Vadavathoor,Industrial Areas,5.1,13.5,29,NA
12/8/2005,Kerala,Kottayam,Vadavathoor,Industrial Areas,5.1,18,21,NA
15-12-05,Kerala,Kottayam,Vadavathoor,Industrial Areas,5.2,14.7,29,NA
17-12-05,Kerala,Kottayam,Vadavathoor,Industrial Areas,4.9,14.2,34,NA
20-12-05,Kerala,Kottayam,Vadavathoor,Industrial Areas,5.3,14.1,24,NA
22-12-05,Kerala,Kottayam,Vadavathoor,Industrial Areas,5,14,29,NA
26-12-05,Kerala,Kottayam,Vadavathoor,Industrial Areas,5.1,13.5,34,NA
28-12-05,Kerala,Kottayam,Vadavathoor,Industrial Areas,5.2,15.5,29,NA
4/2/2005,Kerala,Kottayam,Kottayam,Residential and others,4,16,32,34
4/5/2005,Kerala,Kottayam,Kottayam,Residential and others,4.2,16.6,26,28
4/7/2005,Kerala,Kottayam,Kottayam,Residential and others,4,13.2,30,31
4/12/2005,Kerala,Kottayam,Kottayam,Residential and others,4,17.4,28,30
19-04-05,Kerala,Kottayam,Kottayam,Residential and others,4,15.2,26,28
23-04-05,Kerala,Kottayam,Kottayam,Residential and others,4,15.2,32,35
26-04-05,Kerala,Kottayam,Kottayam,Residential and others,4.1,14.3,22,23
28-04-05,Kerala,Kottayam,Kottayam,Residential and others,4,12,32,35
5/2/2005,Kerala,Kottayam,Kottayam,Residential and others,5,19.1,42,45
5/4/2005,Kerala,Kottayam,Kottayam,Residential and others,4.6,18.6,42,45
5/9/2005,Kerala,Kottayam,Kottayam,Residential and others,4.1,17.2,38,41
5/11/2005,Kerala,Kottayam,Kottayam,Residential and others,4.9,17.5,39,41
18-05-05,Kerala,Kottayam,Kottayam,Residential and others,5.4,18.5,53,56
20-05-05,Kerala,Kottayam,Kottayam,Residential and others,NA,16,46,49
23-05-05,Kerala,Kottayam,Kottayam,Residential and others,4.1,17.9,43,46
25-05-05,Kerala,Kottayam,Kottayam,Residential and others,5,21.2,56,59
6/1/2005,Kerala,Kottayam,Kottayam,Residential and others,4.3,19.4,160,166
6/8/2005,Kerala,Kottayam,Kottayam,Residential and others,4.1,22.1,113,117
13-06-05,Kerala,Kottayam,Kottayam,Residential and others,5.7,20.5,44,45
17-06-05,Kerala,Kottayam,Kottayam,Residential and others,6.3,25.9,33,34
22-06-05,Kerala,Kottayam,Kottayam,Residential and others,5.8,21.8,16,17
25-06-05,Kerala,Kottayam,Kottayam,Residential and others,6.2,19.4,9,9
27-06-05,Kerala,Kottayam,Kottayam,Residential and others,5,20.5,14,15
29-06-05,Kerala,Kottayam,Kottayam,Residential and others,6.1,21.8,5,6
7/4/2005,Kerala,Kottayam,Kottayam,Residential and others,5,22.1,115,NA
7/6/2005,Kerala,Kottayam,Kottayam,Residential and others,4.8,17.5,55,58
7/11/2005,Kerala,Kottayam,Kottayam,Residential and others,5,22,53,NA
13-07-05,Kerala,Kottayam,Kottayam,Residential and others,5.3,17.8,80,84
15-07-05,Kerala,Kottayam,Kottayam,Residential and others,5.6,23.6,62,NA
18-07-05,Kerala,Kottayam,Kottayam,Residential and others,5.2,22.7,71,NA
20-07-05,Kerala,Kottayam,Kottayam,Residential and others,5.2,21.4,77,NA
25-07-05,Kerala,Kottayam,Kottayam,Residential and others,5.6,19.4,58,NA
8/8/2005,Kerala,Kottayam,Kottayam,Residential and others,5,23.6,77,NA
8/10/2005,Kerala,Kottayam,Kottayam,Residential and others,5.4,23.9,26,NA
17-08-05,Kerala,Kottayam,Kottayam,Residential and others,6.3,23.8,27,NA
22-08-05,Kerala,Kottayam,Kottayam,Residential and others,5.9,24.5,29,NA
24-08-05,Kerala,Kottayam,Kottayam,Residential and others,6.3,24.3,30,NA
29-08-05,Kerala,Kottayam,Kottayam,Residential and others,6.1,24.1,29,NA
30-08-05,Kerala,Kottayam,Kottayam,Residential and others,5.8,23.8,27,NA
31-08-05,Kerala,Kottayam,Kottayam,Residential and others,6.1,23.8,19,NA
9/5/2005,Kerala,Kottayam,Kottayam,Residential and others,6.1,21.6,32,NA
9/7/2005,Kerala,Kottayam,Kottayam,Residential and others,6.1,22.5,16,NA
9/9/2005,Kerala,Kottayam,Kottayam,Residential and others,6.3,23.9,24,NA
9/12/2005,Kerala,Kottayam,Kottayam,Residential and others,6.3,23.2,21,NA
19-09-05,Kerala,Kottayam,Kottayam,Residential and others,6.1,23.4,18,NA
23-09-05,Kerala,Kottayam,Kottayam,Residential and others,6.1,23,49,NA
26-09-05,Kerala,Kottayam,Kottayam,Residential and others,5.6,24.1,25,NA
28-09-05,Kerala,Kottayam,Kottayam,Residential and others,6.3,23.9,11,NA
10/3/2005,Kerala,Kottayam,Kottayam,Residential and others,6.3,23.9,74,78
10/5/2005,Kerala,Kottayam,Kottayam,Residential and others,6.5,23.6,103,108
17-10-05,Kerala,Kottayam,Kottayam,Residential and others,6.3,24.8,79,83
19-10-05,Kerala,Kottayam,Kottayam,Residential and others,6.5,23.6,59,62
21-10-05,Kerala,Kottayam,Kottayam,Residential and others,6.1,24.3,67,70
24-10-05,Kerala,Kottayam,Kottayam,Residential and others,6.3,25.2,66,69
26-10-05,Kerala,Kottayam,Kottayam,Residential and others,6.7,24.1,59,82
28-10-05,Kerala,Kottayam,Kottayam,Residential and others,6.3,23.9,59,62
11/2/2005,Kerala,Kottayam,Kottayam,Residential and others,6.8,23,24,25
11/7/2005,Kerala,Kottayam,Kottayam,Residential and others,7.6,23.2,21,22
11/9/2005,Kerala,Kottayam,Kottayam,Residential and others,6.9,28.1,40,42
14-11-05,Kerala,Kottayam,Kottayam,Residential and others,8,27,32,34
16-11-05,Kerala,Kottayam,Kottayam,Residential and others,6.4,24.5,67,69
21-11-05,Kerala,Kottayam,Kottayam,Residential and others,6.8,22.8,46,48
23-11-05,Kerala,Kottayam,Kottayam,Residential and others,6.9,22.9,54,57
28-11-05,Kerala,Kottayam,Kottayam,Residential and others,7.2,22.2,70,73
12/5/2005,Kerala,Kottayam,Kottayam,Residential and others,5.7,20.9,61,NA
14-12-05,Kerala,Kottayam,Kottayam,Residential and others,6.3,24.6,54,NA
16-12-05,Kerala,Kottayam,Kottayam,Residential and others,6.1,26.9,53,NA
19-12-05,Kerala,Kottayam,Kottayam,Residential and others,6.1,23.5,49,NA
21-12-05,Kerala,Kottayam,Kottayam,Residential and others,5.6,25.5,59,NA
23-12-05,Kerala,Kottayam,Kottayam,Residential and others,6.1,19.9,51,NA
27-12-05,Kerala,Kottayam,Kottayam,Residential and others,5.7,21.4,52,NA
29-12-05,Kerala,Kottayam,Kottayam,Residential and others,5.9,24.2,53,NA
6/3/2005,Kerala,Kozhikode,Nallalam,Industrial Areas,NA,NA,102,126
6/7/2005,Kerala,Kozhikode,Nallalam,Industrial Areas,4.1,NA,95,120
6/10/2005,Kerala,Kozhikode,Nallalam,Industrial Areas,NA,NA,90,115
14-06-05,Kerala,Kozhikode,Nallalam,Industrial Areas,NA,NA,84,111
17-06-05,Kerala,Kozhikode,Nallalam,Industrial Areas,NA,NA,94,121
21-06-05,Kerala,Kozhikode,Nallalam,Industrial Areas,NA,NA,76,98
24-06-05,Kerala,Kozhikode,Nallalam,Industrial Areas,NA,NA,72,100
28-06-05,Kerala,Kozhikode,Nallalam,Industrial Areas,NA,NA,107,131
7/2/2005,Kerala,Kozhikode,Nallalam,Industrial Areas,NA,NA,74,102
7/5/2005,Kerala,Kozhikode,Nallalam,Industrial Areas,NA,NA,42,54
7/12/2005,Kerala,Kozhikode,Nallalam,Industrial Areas,NA,NA,65,84
15-07-05,Kerala,Kozhikode,Nallalam,Industrial Areas,NA,NA,72,100
19-07-05,Kerala,Kozhikode,Nallalam,Industrial Areas,NA,NA,67,85
22-07-05,Kerala,Kozhikode,Nallalam,Industrial Areas,NA,NA,67,80
26-07-05,Kerala,Kozhikode,Nallalam,Industrial Areas,NA,NA,65,92
29-07-05,Kerala,Kozhikode,Nallalam,Industrial Areas,NA,NA,103,126
8/2/2005,Kerala,Kozhikode,Nallalam,Industrial Areas,NA,NA,70,102
8/5/2005,Kerala,Kozhikode,Nallalam,Industrial Areas,NA,NA,42,53
8/9/2005,Kerala,Kozhikode,Nallalam,Industrial Areas,NA,NA,65,83
16-08-05,Kerala,Kozhikode,Nallalam,Industrial Areas,NA,NA,69,96
19-08-05,Kerala,Kozhikode,Nallalam,Industrial Areas,NA,NA,66,85
23-08-05,Kerala,Kozhikode,Nallalam,Industrial Areas,NA,NA,67,80
26-08-05,Kerala,Kozhikode,Nallalam,Industrial Areas,NA,NA,53,87
29-08-05,Kerala,Kozhikode,Nallalam,Industrial Areas,NA,NA,NA,83
9/1/2005,Kerala,Kozhikode,Nallalam,Industrial Areas,NA,NA,35,61
9/5/2005,Kerala,Kozhikode,Nallalam,Industrial Areas,NA,NA,NA,NA
9/8/2005,Kerala,Kozhikode,Nallalam,Industrial Areas,NA,NA,23,29
13-09-05,Kerala,Kozhikode,Nallalam,Industrial Areas,NA,NA,20,58
20-09-05,Kerala,Kozhikode,Nallalam,Industrial Areas,NA,NA,17,22
23-09-05,Kerala,Kozhikode,Nallalam,Industrial Areas,NA,NA,43,71
27-09-05,Kerala,Kozhikode,Nallalam,Industrial Areas,NA,NA,40,91
29-09-05,Kerala,Kozhikode,Nallalam,Industrial Areas,NA,NA,83,86
10/8/2005,Kerala,Kozhikode,Nallalam,Industrial Areas,NA,NA,55,187
10/11/2005,Kerala,Kozhikode,Nallalam,Industrial Areas,NA,NA,6,10
14-10-05,Kerala,Kozhikode,Nallalam,Industrial Areas,NA,NA,52,75
16-10-05,Kerala,Kozhikode,Nallalam,Industrial Areas,NA,NA,38,316
18-10-05,Kerala,Kozhikode,Nallalam,Industrial Areas,NA,NA,55,113
21-10-05,Kerala,Kozhikode,Nallalam,Industrial Areas,NA,NA,72,110
24-10-05,Kerala,Kozhikode,Nallalam,Industrial Areas,NA,NA,90,121
26-10-05,Kerala,Kozhikode,Nallalam,Industrial Areas,NA,NA,35,48
28-10-05,Kerala,Kozhikode,Nallalam,Industrial Areas,NA,NA,17,49
11/2/2005,Kerala,Kozhikode,Nallalam,Industrial Areas,NA,9.2,93,163
11/5/2005,Kerala,Kozhikode,Nallalam,Industrial Areas,NA,NA,26,68
11/8/2005,Kerala,Kozhikode,Nallalam,Industrial Areas,NA,9,20,25
11/10/2005,Kerala,Kozhikode,Nallalam,Industrial Areas,NA,NA,33,49
15-11-05,Kerala,Kozhikode,Nallalam,Industrial Areas,NA,9.2,110,144
17-11-05,Kerala,Kozhikode,Nallalam,Industrial Areas,NA,NA,29,55
22-11-05,Kerala,Kozhikode,Nallalam,Industrial Areas,NA,NA,43,58
24-11-05,Kerala,Kozhikode,Nallalam,Industrial Areas,NA,NA,30,49
15-12-05,Kerala,Kozhikode,Nallalam,Industrial Areas,NA,NA,48,77
18-12-05,Kerala,Kozhikode,Nallalam,Industrial Areas,NA,NA,68,108
20-12-05,Kerala,Kozhikode,Nallalam,Industrial Areas,NA,NA,22,36
22-12-05,Kerala,Kozhikode,Nallalam,Industrial Areas,NA,NA,18,27
24-12-05,Kerala,Kozhikode,Nallalam,Industrial Areas,NA,NA,108,342
26-12-05,Kerala,Kozhikode,Nallalam,Industrial Areas,NA,5.3,68,182
28-12-05,Kerala,Kozhikode,Nallalam,Industrial Areas,NA,NA,71,179
30-12-05,Kerala,Kozhikode,Nallalam,Industrial Areas,NA,NA,90,214
31-12-05,Kerala,Kozhikode,Nallalam,Industrial Areas,NA,5.3,71,97
6/2/2005,Kerala,Kozhikode,Kozhikode City,Residential and others,NA,10.5,92,116
6/6/2005,Kerala,Kozhikode,Kozhikode City,Residential and others,NA,NA,89,135
6/9/2005,Kerala,Kozhikode,Kozhikode City,Residential and others,NA,NA,82,126
13-06-05,Kerala,Kozhikode,Kozhikode City,Residential and others,NA,NA,93,129
16-06-05,Kerala,Kozhikode,Kozhikode City,Residential and others,NA,NA,133,141
20-06-05,Kerala,Kozhikode,Kozhikode City,Residential and others,4.4,NA,78,106
23-06-05,Kerala,Kozhikode,Kozhikode City,Residential and others,NA,NA,86,118
27-06-05,Kerala,Kozhikode,Kozhikode City,Residential and others,NA,NA,99,133
30-06-05,Kerala,Kozhikode,Kozhikode City,Residential and others,NA,NA,71,135
7/4/2005,Kerala,Kozhikode,Kozhikode City,Residential and others,NA,NA,76,117
7/7/2005,Kerala,Kozhikode,Kozhikode City,Residential and others,NA,NA,87,126
7/11/2005,Kerala,Kozhikode,Kozhikode City,Residential and others,NA,NA,71,109
14-07-05,Kerala,Kozhikode,Kozhikode City,Residential and others,NA,NA,68,108
18-07-05,Kerala,Kozhikode,Kozhikode City,Residential and others,NA,NA,74,131
21-07-05,Kerala,Kozhikode,Kozhikode City,Residential and others,NA,NA,58,118
25-07-05,Kerala,Kozhikode,Kozhikode City,Residential and others,NA,NA,27,118
28-07-05,Kerala,Kozhikode,Kozhikode City,Residential and others,NA,NA,54,80
8/1/2005,Kerala,Kozhikode,Kozhikode City,Residential and others,NA,NA,17,323
8/4/2005,Kerala,Kozhikode,Kozhikode City,Residential and others,NA,NA,40,120
8/8/2005,Kerala,Kozhikode,Kozhikode City,Residential and others,NA,NA,3,81
8/11/2005,Kerala,Kozhikode,Kozhikode City,Residential and others,NA,NA,3,38
15-08-05,Kerala,Kozhikode,Kozhikode City,Residential and others,NA,NA,23,82
18-08-05,Kerala,Kozhikode,Kozhikode City,Residential and others,NA,NA,231,314
22-08-05,Kerala,Kozhikode,Kozhikode City,Residential and others,NA,NA,3,35
25-08-05,Kerala,Kozhikode,Kozhikode City,Residential and others,4.6,NA,34,57
31-08-05,Kerala,Kozhikode,Kozhikode City,Residential and others,4.7,10.2,55,81
9/2/2005,Kerala,Kozhikode,Kozhikode City,Residential and others,NA,NA,51,73
9/6/2005,Kerala,Kozhikode,Kozhikode City,Residential and others,NA,NA,35,117
9/9/2005,Kerala,Kozhikode,Kozhikode City,Residential and others,4.2,9.5,15,149
19-09-05,Kerala,Kozhikode,Kozhikode City,Residential and others,4.4,NA,11,40
22-09-05,Kerala,Kozhikode,Kozhikode City,Residential and others,4.5,NA,26,42
24-09-05,Kerala,Kozhikode,Kozhikode City,Residential and others,4.6,NA,15,47
28-09-05,Kerala,Kozhikode,Kozhikode City,Residential and others,NA,NA,3,78
30-09-05,Kerala,Kozhikode,Kozhikode City,Residential and others,NA,NA,62,166
10/6/2005,Kerala,Kozhikode,Kozhikode City,Residential and others,4.1,NA,64,108
10/12/2005,Kerala,Kozhikode,Kozhikode City,Residential and others,NA,NA,87,146
14-10-05,Kerala,Kozhikode,Kozhikode City,Residential and others,NA,NA,64,176
16-10-05,Kerala,Kozhikode,Kozhikode City,Residential and others,NA,NA,57,89
18-10-05,Kerala,Kozhikode,Kozhikode City,Residential and others,NA,NA,52,243
21-10-05,Kerala,Kozhikode,Kozhikode City,Residential and others,NA,NA,75,340
24-10-05,Kerala,Kozhikode,Kozhikode City,Residential and others,NA,NA,51,75
26-10-05,Kerala,Kozhikode,Kozhikode City,Residential and others,NA,NA,87,151
28-10-05,Kerala,Kozhikode,Kozhikode City,Residential and others,NA,NA,61,91
11/3/2005,Kerala,Kozhikode,Kozhikode City,Residential and others,NA,NA,63,83
11/6/2005,Kerala,Kozhikode,Kozhikode City,Residential and others,NA,NA,94,104
13-11-05,Kerala,Kozhikode,Kozhikode City,Residential and others,NA,NA,26,67
15-11-05,Kerala,Kozhikode,Kozhikode City,Residential and others,NA,20.2,84,112
18-11-05,Kerala,Kozhikode,Kozhikode City,Residential and others,NA,14.5,43,114
21-11-05,Kerala,Kozhikode,Kozhikode City,Residential and others,NA,NA,85,156
24-11-05,Kerala,Kozhikode,Kozhikode City,Residential and others,NA,11.9,33,119
26-11-05,Kerala,Kozhikode,Kozhikode City,Residential and others,NA,NA,86,211
29-11-05,Kerala,Kozhikode,Kozhikode City,Residential and others,NA,NA,12,26
12/1/2005,Kerala,Kozhikode,Kozhikode City,Residential and others,2.9,8.7,96,144
12/6/2005,Kerala,Kozhikode,Kozhikode City,Residential and others,NA,NA,87,222
12/11/2005,Kerala,Kozhikode,Kozhikode City,Residential and others,3.4,10.6,16,176
14-12-05,Kerala,Kozhikode,Kozhikode City,Residential and others,NA,NA,42,117
17-12-05,Kerala,Kozhikode,Kozhikode City,Residential and others,2.3,5.6,61,221
19-12-05,Kerala,Kozhikode,Kozhikode City,Residential and others,NA,NA,28,294
27-12-05,Kerala,Kozhikode,Kozhikode City,Residential and others,NA,NA,70,179
29-12-05,Kerala,Kozhikode,Kozhikode City,Residential and others,NA,7.2,38,128
31-12-05,Kerala,Kozhikode,Kozhikode City,Residential and others,2.5,7.4,38,156
6/2/2005,Kerala,Palakkad,Carboradum U Ltd.,Industrial Areas,NA,NA,147,181
6/4/2005,Kerala,Palakkad,Carboradum U Ltd.,Industrial Areas,NA,NA,147,180
6/7/2005,Kerala,Palakkad,Carboradum U Ltd.,Industrial Areas,NA,NA,145,173
6/9/2005,Kerala,Palakkad,Carboradum U Ltd.,Industrial Areas,NA,NA,146,175
15-06-05,Kerala,Palakkad,Carboradum U Ltd.,Industrial Areas,NA,NA,144,163
17-06-05,Kerala,Palakkad,Carboradum U Ltd.,Industrial Areas,NA,NA,141,165
21-06-05,Kerala,Palakkad,Carboradum U Ltd.,Industrial Areas,NA,NA,142,163
24-06-05,Kerala,Palakkad,Carboradum U Ltd.,Industrial Areas,NA,NA,141,165
27-06-05,Kerala,Palakkad,Carboradum U Ltd.,Industrial Areas,NA,NA,145,171
29-06-05,Kerala,Palakkad,Carboradum U Ltd.,Industrial Areas,NA,NA,142,166
7/5/2005,Kerala,Palakkad,Carboradum U Ltd.,Industrial Areas,NA,NA,144,169
7/7/2005,Kerala,Palakkad,Carboradum U Ltd.,Industrial Areas,NA,NA,144,172
7/11/2005,Kerala,Palakkad,Carboradum U Ltd.,Industrial Areas,NA,NA,142,155
15-07-05,Kerala,Palakkad,Carboradum U Ltd.,Industrial Areas,NA,NA,140,164
18-07-05,Kerala,Palakkad,Carboradum U Ltd.,Industrial Areas,NA,NA,141,158
20-07-05,Kerala,Palakkad,Carboradum U Ltd.,Industrial Areas,NA,NA,138,159
22-07-05,Kerala,Palakkad,Carboradum U Ltd.,Industrial Areas,NA,NA,139,157
26-07-05,Kerala,Palakkad,Carboradum U Ltd.,Industrial Areas,NA,NA,141,160
28-07-05,Kerala,Palakkad,Carboradum U Ltd.,Industrial Areas,NA,NA,143,166
30-07-05,Kerala,Palakkad,Carboradum U Ltd.,Industrial Areas,NA,NA,139,203
8/3/2005,Kerala,Palakkad,Carboradum U Ltd.,Industrial Areas,NA,NA,146,181
8/5/2005,Kerala,Palakkad,Carboradum U Ltd.,Industrial Areas,NA,NA,147,179
8/9/2005,Kerala,Palakkad,Carboradum U Ltd.,Industrial Areas,NA,NA,144,172
8/11/2005,Kerala,Palakkad,Carboradum U Ltd.,Industrial Areas,NA,NA,146,173
17-08-05,Kerala,Palakkad,Carboradum U Ltd.,Industrial Areas,NA,NA,144,162
19-08-05,Kerala,Palakkad,Carboradum U Ltd.,Industrial Areas,NA,NA,141,164
23-08-05,Kerala,Palakkad,Carboradum U Ltd.,Industrial Areas,NA,NA,143,164
27-08-05,Kerala,Palakkad,Carboradum U Ltd.,Industrial Areas,NA,NA,141,165
29-08-05,Kerala,Palakkad,Carboradum U Ltd.,Industrial Areas,NA,NA,145,170
31-08-05,Kerala,Palakkad,Carboradum U Ltd.,Industrial Areas,NA,NA,144,167
9/1/2005,Kerala,Palakkad,Carboradum U Ltd.,Industrial Areas,NA,NA,147,181
9/3/2005,Kerala,Palakkad,Carboradum U Ltd.,Industrial Areas,NA,NA,147,180
9/5/2005,Kerala,Palakkad,Carboradum U Ltd.,Industrial Areas,NA,NA,145,174
9/7/2005,Kerala,Palakkad,Carboradum U Ltd.,Industrial Areas,NA,NA,146,173
9/12/2005,Kerala,Palakkad,Carboradum U Ltd.,Industrial Areas,NA,NA,144,163
20-09-05,Kerala,Palakkad,Carboradum U Ltd.,Industrial Areas,NA,NA,142,165
22-09-05,Kerala,Palakkad,Carboradum U Ltd.,Industrial Areas,NA,NA,142,163
24-09-05,Kerala,Palakkad,Carboradum U Ltd.,Industrial Areas,NA,NA,141,164
27-09-05,Kerala,Palakkad,Carboradum U Ltd.,Industrial Areas,NA,NA,145,171
29-09-05,Kerala,Palakkad,Carboradum U Ltd.,Industrial Areas,NA,NA,143,166
10/4/2005,Kerala,Palakkad,Carboradum U Ltd.,Industrial Areas,NA,NA,148,185
10/6/2005,Kerala,Palakkad,Carboradum U Ltd.,Industrial Areas,NA,NA,149,183
10/10/2005,Kerala,Palakkad,Carboradum U Ltd.,Industrial Areas,NA,NA,146,176
14-10-05,Kerala,Palakkad,Carboradum U Ltd.,Industrial Areas,NA,NA,148,177
17-10-05,Kerala,Palakkad,Carboradum U Ltd.,Industrial Areas,NA,NA,145,165
19-10-05,Kerala,Palakkad,Carboradum U Ltd.,Industrial Areas,NA,NA,144,170
21-10-05,Kerala,Palakkad,Carboradum U Ltd.,Industrial Areas,NA,NA,142,165
25-10-05,Kerala,Palakkad,Carboradum U Ltd.,Industrial Areas,NA,NA,143,168
27-10-05,Kerala,Palakkad,Carboradum U Ltd.,Industrial Areas,NA,NA,152,178
29-10-05,Kerala,Palakkad,Carboradum U Ltd.,Industrial Areas,NA,NA,141,166
11/2/2005,Kerala,Palakkad,Carboradum U Ltd.,Industrial Areas,NA,NA,149,185
11/4/2005,Kerala,Palakkad,Carboradum U Ltd.,Industrial Areas,NA,NA,149,188
11/9/2005,Kerala,Palakkad,Carboradum U Ltd.,Industrial Areas,NA,NA,147,177
11/11/2005,Kerala,Palakkad,Carboradum U Ltd.,Industrial Areas,NA,NA,148,176
15-11-05,Kerala,Palakkad,Carboradum U Ltd.,Industrial Areas,NA,NA,146,166
17-11-05,Kerala,Palakkad,Carboradum U Ltd.,Industrial Areas,NA,NA,144,170
21-11-05,Kerala,Palakkad,Carboradum U Ltd.,Industrial Areas,NA,NA,144,167
23-11-05,Kerala,Palakkad,Carboradum U Ltd.,Industrial Areas,NA,NA,144,174
28-11-05,Kerala,Palakkad,Carboradum U Ltd.,Industrial Areas,NA,NA,147,175
30-11-05,Kerala,Palakkad,Carboradum U Ltd.,Industrial Areas,NA,NA,145,172
12/2/2005,Kerala,Palakkad,Carboradum U Ltd.,Industrial Areas,NA,NA,149,186
12/7/2005,Kerala,Palakkad,Carboradum U Ltd.,Industrial Areas,NA,NA,150,185
12/9/2005,Kerala,Palakkad,Carboradum U Ltd.,Industrial Areas,NA,NA,148,178
13-12-05,Kerala,Palakkad,Carboradum U Ltd.,Industrial Areas,NA,NA,149,180
15-12-05,Kerala,Palakkad,Carboradum U Ltd.,Industrial Areas,NA,NA,148,168
19-12-05,Kerala,Palakkad,Carboradum U Ltd.,Industrial Areas,NA,NA,145,171
21-12-05,Kerala,Palakkad,Carboradum U Ltd.,Industrial Areas,NA,NA,145,170
23-12-05,Kerala,Palakkad,Carboradum U Ltd.,Industrial Areas,NA,NA,145,172
27-12-05,Kerala,Palakkad,Carboradum U Ltd.,Industrial Areas,NA,NA,149,178
29-12-05,Kerala,Palakkad,Carboradum U Ltd.,Industrial Areas,NA,NA,147,173
5/4/2005,Kerala,Trivandrum,Hi Tech Chackai,Industrial Areas,22.5,20.3,182,195
5/7/2005,Kerala,Trivandrum,Hi Tech Chackai,Industrial Areas,18.5,17.5,117,125
5/11/2005,Kerala,Trivandrum,Hi Tech Chackai,Industrial Areas,24.1,22,128,137
14-05-05,Kerala,Trivandrum,Hi Tech Chackai,Industrial Areas,23.3,22.4,115,124
18-05-05,Kerala,Trivandrum,Hi Tech Chackai,Industrial Areas,22.4,21,157,165
21-05-05,Kerala,Trivandrum,Hi Tech Chackai,Industrial Areas,19.4,18.9,121,130
25-05-05,Kerala,Trivandrum,Hi Tech Chackai,Industrial Areas,19.9,20.3,130,142
28-05-05,Kerala,Trivandrum,Hi Tech Chackai,Industrial Areas,17.3,18.2,91,100
6/1/2005,Kerala,Trivandrum,Hi Tech Chackai,Industrial Areas,16.5,17,98,107
6/4/2005,Kerala,Trivandrum,Hi Tech Chackai,Industrial Areas,19.6,17.9,104,114
6/8/2005,Kerala,Trivandrum,Hi Tech Chackai,Industrial Areas,15,15.3,89,97
15-06-05,Kerala,Trivandrum,Hi Tech Chackai,Industrial Areas,16.1,16,77,85
18-06-05,Kerala,Trivandrum,Hi Tech Chackai,Industrial Areas,14.6,16.5,79,87
22-06-05,Kerala,Trivandrum,Hi Tech Chackai,Industrial Areas,23.1,22.7,114,126
25-06-05,Kerala,Trivandrum,Hi Tech Chackai,Industrial Areas,21.8,20.1,121,131
29-06-05,Kerala,Trivandrum,Hi Tech Chackai,Industrial Areas,18.4,18.9,87,96
7/2/2005,Kerala,Trivandrum,Hi Tech Chackai,Industrial Areas,21.4,19.6,94,104
7/6/2005,Kerala,Trivandrum,Hi Tech Chackai,Industrial Areas,20.1,18,113,124
13-07-05,Kerala,Trivandrum,Hi Tech Chackai,Industrial Areas,25.5,22,155,165
16-07-05,Kerala,Trivandrum,Hi Tech Chackai,Industrial Areas,18.4,18.9,99,109
20-07-05,Kerala,Trivandrum,Hi Tech Chackai,Industrial Areas,19.1,17,103,113
23-07-05,Kerala,Trivandrum,Hi Tech Chackai,Industrial Areas,17.3,16.1,92,101
27-07-05,Kerala,Trivandrum,Hi Tech Chackai,Industrial Areas,21.4,19.6,98,108
30-07-05,Kerala,Trivandrum,Hi Tech Chackai,Industrial Areas,22.4,22.5,95,105
8/3/2005,Kerala,Trivandrum,Hi Tech Chackai,Industrial Areas,20.5,18,93,102
8/6/2005,Kerala,Trivandrum,Hi Tech Chackai,Industrial Areas,19.8,17.3,100,110
8/10/2005,Kerala,Trivandrum,Hi Tech Chackai,Industrial Areas,22.4,19.6,113,121
17-08-05,Kerala,Trivandrum,Hi Tech Chackai,Industrial Areas,17.9,17.3,117,126
19-08-05,Kerala,Trivandrum,Hi Tech Chackai,Industrial Areas,22.2,21.5,120,132
24-08-05,Kerala,Trivandrum,Hi Tech Chackai,Industrial Areas,20.1,19.1,113,124
27-08-05,Kerala,Trivandrum,Hi Tech Chackai,Industrial Areas,20.8,17.5,93,102
31-08-05,Kerala,Trivandrum,Hi Tech Chackai,Industrial Areas,19.9,19.8,96,104
9/3/2005,Kerala,Trivandrum,Hi Tech Chackai,Industrial Areas,17.9,15.6,87,95
9/7/2005,Kerala,Trivandrum,Hi Tech Chackai,Industrial Areas,16.8,15.6,85,94
9/12/2005,Kerala,Trivandrum,Hi Tech Chackai,Industrial Areas,16.1,14.9,93,103
19-09-05,Kerala,Trivandrum,Hi Tech Chackai,Industrial Areas,21.3,20.6,120,130
22-09-05,Kerala,Trivandrum,Hi Tech Chackai,Industrial Areas,23.2,22.4,109,117
24-09-05,Kerala,Trivandrum,Hi Tech Chackai,Industrial Areas,19.2,19.1,90,99
26-09-05,Kerala,Trivandrum,Hi Tech Chackai,Industrial Areas,18.5,18.2,127,137
28-09-05,Kerala,Trivandrum,Hi Tech Chackai,Industrial Areas,19.2,17,92,100
10/1/2005,Kerala,Trivandrum,Hi Tech Chackai,Industrial Areas,26.5,17.9,95,105
10/5/2005,Kerala,Trivandrum,Hi Tech Chackai,Industrial Areas,18.2,16.8,77,89
13-10-05,Kerala,Trivandrum,Hi Tech Chackai,Industrial Areas,13.4,16.8,58,66
15-10-05,Kerala,Trivandrum,Hi Tech Chackai,Industrial Areas,21.1,18.7,111,121
19-10-05,Kerala,Trivandrum,Hi Tech Chackai,Industrial Areas,20.2,19.1,120,130
22-10-05,Kerala,Trivandrum,Hi Tech Chackai,Industrial Areas,19.8,16.6,137,146
26-10-05,Kerala,Trivandrum,Hi Tech Chackai,Industrial Areas,17.9,15.8,106,114
29-10-05,Kerala,Trivandrum,Hi Tech Chackai,Industrial Areas,22,20.8,108,118
11/1/2005,Kerala,Trivandrum,Hi Tech Chackai,Industrial Areas,22.2,17.5,105,128
11/2/2005,Kerala,Trivandrum,Hi Tech Chackai,Industrial Areas,19.8,17.5,107,117
11/5/2005,Kerala,Trivandrum,Hi Tech Chackai,Industrial Areas,18.6,18.9,95,105
11/7/2005,Kerala,Trivandrum,Hi Tech Chackai,Industrial Areas,19.4,17.9,108,118
11/9/2005,Kerala,Trivandrum,Hi Tech Chackai,Industrial Areas,22.2,21,123,135
11/12/2005,Kerala,Trivandrum,Hi Tech Chackai,Industrial Areas,20.5,19.4,96,105
16-11-05,Kerala,Trivandrum,Hi Tech Chackai,Industrial Areas,10.8,15.6,71,79
19-11-05,Kerala,Trivandrum,Hi Tech Chackai,Industrial Areas,19.8,19.1,113,122
21-11-05,Kerala,Trivandrum,Hi Tech Chackai,Industrial Areas,21.4,21.8,103,113
23-11-05,Kerala,Trivandrum,Hi Tech Chackai,Industrial Areas,18.2,20.5,87,95
26-11-05,Kerala,Trivandrum,Hi Tech Chackai,Industrial Areas,12.1,17.2,62,70
30-11-05,Kerala,Trivandrum,Hi Tech Chackai,Industrial Areas,13.7,16.1,60,68
12/2/2005,Kerala,Trivandrum,Hi Tech Chackai,Industrial Areas,15.3,15.8,102,112
12/3/2005,Kerala,Trivandrum,Hi Tech Chackai,Industrial Areas,19.9,19.6,108,121
12/7/2005,Kerala,Trivandrum,Hi Tech Chackai,Industrial Areas,17.7,19.4,104,112
12/9/2005,Kerala,Trivandrum,Hi Tech Chackai,Industrial Areas,12,12.5,83,91
12/10/2005,Kerala,Trivandrum,Hi Tech Chackai,Industrial Areas,10.1,10.2,99,109
12/12/2005,Kerala,Trivandrum,Hi Tech Chackai,Industrial Areas,9.5,14.9,101,111
14-12-05,Kerala,Trivandrum,Hi Tech Chackai,Industrial Areas,17.9,15.9,126,135
17-12-05,Kerala,Trivandrum,Hi Tech Chackai,Industrial Areas,21.2,18.7,116,126
21-12-05,Kerala,Trivandrum,Hi Tech Chackai,Industrial Areas,18.9,18,139,149
24-12-05,Kerala,Trivandrum,Hi Tech Chackai,Industrial Areas,14.9,15.4,109,119
28-12-05,Kerala,Trivandrum,Hi Tech Chackai,Industrial Areas,16.5,17.3,125,134
31-12-05,Kerala,Trivandrum,Hi Tech Chackai,Industrial Areas,21.3,19.9,156,169
5/3/2005,Kerala,Trivandrum,PRS Hospital,Residential and others,6.4,25,60,68
5/6/2005,Kerala,Trivandrum,PRS Hospital,Residential and others,6.2,22.7,82,91
5/10/2005,Kerala,Trivandrum,PRS Hospital,Residential and others,6.2,24.8,72,82
13-05-05,Kerala,Trivandrum,PRS Hospital,Residential and others,7.5,24.8,91,100
17-05-05,Kerala,Trivandrum,PRS Hospital,Residential and others,6.2,24.6,85,93
20-05-05,Kerala,Trivandrum,PRS Hospital,Residential and others,6.4,24.4,73,82
24-05-05,Kerala,Trivandrum,PRS Hospital,Residential and others,5.9,22.7,63,72
27-05-05,Kerala,Trivandrum,PRS Hospital,Residential and others,5.7,21.4,62,70
6/3/2005,Kerala,Trivandrum,PRS Hospital,Residential and others,6.2,20.3,60,73
6/7/2005,Kerala,Trivandrum,PRS Hospital,Residential and others,5.2,18,43,51
6/10/2005,Kerala,Trivandrum,PRS Hospital,Residential and others,6.2,17.3,35,43
14-06-05,Kerala,Trivandrum,PRS Hospital,Residential and others,6.4,19.2,45,53
17-06-05,Kerala,Trivandrum,PRS Hospital,Residential and others,6.9,21.5,44,52
21-06-05,Kerala,Trivandrum,PRS Hospital,Residential and others,7.1,23.2,63,71
24-06-05,Kerala,Trivandrum,PRS Hospital,Residential and others,6.4,25,65,74
28-06-05,Kerala,Trivandrum,PRS Hospital,Residential and others,6.9,24.6,77,86
7/1/2005,Kerala,Trivandrum,PRS Hospital,Residential and others,6.8,26.2,72,80
7/5/2005,Kerala,Trivandrum,PRS Hospital,Residential and others,6.2,23.2,68,77
7/12/2005,Kerala,Trivandrum,PRS Hospital,Residential and others,6.4,20.5,51,60
15-07-05,Kerala,Trivandrum,PRS Hospital,Residential and others,7.1,24.6,63,71
19-07-05,Kerala,Trivandrum,PRS Hospital,Residential and others,7.3,24.7,66,74
22-07-05,Kerala,Trivandrum,PRS Hospital,Residential and others,6.4,23.8,58,66
26-07-05,Kerala,Trivandrum,PRS Hospital,Residential and others,6.6,23.3,61,69
29-07-05,Kerala,Trivandrum,PRS Hospital,Residential and others,6.6,25.5,69,79
8/2/2005,Kerala,Trivandrum,PRS Hospital,Residential and others,7.1,23.3,66,75
8/5/2005,Kerala,Trivandrum,PRS Hospital,Residential and others,6.8,21.5,76,85
8/9/2005,Kerala,Trivandrum,PRS Hospital,Residential and others,6.2,26,74,83
8/11/2005,Kerala,Trivandrum,PRS Hospital,Residential and others,6.1,23.6,77,85
16-08-05,Kerala,Trivandrum,PRS Hospital,Residential and others,6.6,25.8,61,69
19-08-05,Kerala,Trivandrum,PRS Hospital,Residential and others,7.3,28.3,76,84
23-08-05,Kerala,Trivandrum,PRS Hospital,Residential and others,7.1,25,78,86
30-08-05,Kerala,Trivandrum,PRS Hospital,Residential and others,6.8,23.4,68,76
9/2/2005,Kerala,Trivandrum,PRS Hospital,Residential and others,6.4,24.3,74,83
9/6/2005,Kerala,Trivandrum,PRS Hospital,Residential and others,6.1,23.1,53,61
9/8/2005,Kerala,Trivandrum,PRS Hospital,Residential and others,6.2,25,69,77
9/12/2005,Kerala,Trivandrum,PRS Hospital,Residential and others,5.7,23.8,83,91
19-09-05,Kerala,Trivandrum,PRS Hospital,Residential and others,6.2,25.1,71,79
23-09-05,Kerala,Trivandrum,PRS Hospital,Residential and others,5.9,27.6,74,82
27-09-05,Kerala,Trivandrum,PRS Hospital,Residential and others,6.2,26.9,63,71
30-09-05,Kerala,Trivandrum,PRS Hospital,Residential and others,6.2,25.3,67,75
10/4/2005,Kerala,Trivandrum,PRS Hospital,Residential and others,6.9,25,69,77
10/7/2005,Kerala,Trivandrum,PRS Hospital,Residential and others,6.6,25.3,74,83
13-10-05,Kerala,Trivandrum,PRS Hospital,Residential and others,5.7,18,46,54
14-10-05,Kerala,Trivandrum,PRS Hospital,Residential and others,6.2,26,83,92
18-10-05,Kerala,Trivandrum,PRS Hospital,Residential and others,6.1,24.4,87,103
21-10-05,Kerala,Trivandrum,PRS Hospital,Residential and others,6.2,25.8,80,90
25-10-05,Kerala,Trivandrum,PRS Hospital,Residential and others,6.2,27.6,67,75
28-10-05,Kerala,Trivandrum,PRS Hospital,Residential and others,6.2,24.8,78,86
11/1/2005,Kerala,Trivandrum,PRS Hospital,Residential and others,5.9,22.7,52,60
11/4/2005,Kerala,Trivandrum,PRS Hospital,Residential and others,6.1,21.7,58,66
11/5/2005,Kerala,Trivandrum,PRS Hospital,Residential and others,5.7,18.9,62,70
11/8/2005,Kerala,Trivandrum,PRS Hospital,Residential and others,5.4,21.7,46,54
11/11/2005,Kerala,Trivandrum,PRS Hospital,Residential and others,5.4,24.1,51,60
15-11-05,Kerala,Trivandrum,PRS Hospital,Residential and others,5.6,28.4,64,75
18-11-05,Kerala,Trivandrum,PRS Hospital,Residential and others,5.9,25.8,57,65
19-11-05,Kerala,Trivandrum,PRS Hospital,Residential and others,5.9,25.5,70,78
22-11-05,Kerala,Trivandrum,PRS Hospital,Residential and others,6.1,24.6,71,80
25-11-05,Kerala,Trivandrum,PRS Hospital,Residential and others,5.9,22.7,75,83
29-11-05,Kerala,Trivandrum,PRS Hospital,Residential and others,5.9,25.8,67,75
12/2/2005,Kerala,Trivandrum,PRS Hospital,Residential and others,6.2,21.7,54,63
12/3/2005,Kerala,Trivandrum,PRS Hospital,Residential and others,5.7,23.7,69,77
12/6/2005,Kerala,Trivandrum,PRS Hospital,Residential and others,5.9,21.7,63,72
12/9/2005,Kerala,Trivandrum,PRS Hospital,Residential and others,5.9,21.2,65,73
12/10/2005,Kerala,Trivandrum,PRS Hospital,Residential and others,6.1,21.1,54,63
13-12-05,Kerala,Trivandrum,PRS Hospital,Residential and others,5.4,16.5,81,89
16-12-05,Kerala,Trivandrum,PRS Hospital,Residential and others,6.4,27.2,68,77
20-12-05,Kerala,Trivandrum,PRS Hospital,Residential and others,6.2,26.5,71,79
23-12-05,Kerala,Trivandrum,PRS Hospital,Residential and others,6.4,25.8,73,81
27-12-05,Kerala,Trivandrum,PRS Hospital,Residential and others,6.1,26.2,66,75
30-12-05,Kerala,Trivandrum,PRS Hospital,Residential and others,5.7,27.8,71,79
31-12-05,Kerala,Trivandrum,PRS Hospital,Residential and others,5.5,26.7,74,83
5/3/2005,Kerala,Trivandrum,Sasthamangalam,Residential and others,6.4,23.2,56,64
5/6/2005,Kerala,Trivandrum,Sasthamangalam,Residential and others,5.9,20.8,51,59
5/10/2005,Kerala,Trivandrum,Sasthamangalam,Residential and others,6.4,23.7,79,88
13-05-05,Kerala,Trivandrum,Sasthamangalam,Residential and others,5.9,23.4,75,85
17-05-05,Kerala,Trivandrum,Sasthamangalam,Residential and others,7.3,22,82,90
20-05-05,Kerala,Trivandrum,Sasthamangalam,Residential and others,5.9,23.6,67,75
24-05-05,Kerala,Trivandrum,Sasthamangalam,Residential and others,6.1,21,58,66
27-05-05,Kerala,Trivandrum,Sasthamangalam,Residential and others,5.7,20.6,57,65
6/3/2005,Kerala,Trivandrum,Sasthamangalam,Residential and others,5.7,18.6,36,43
6/7/2005,Kerala,Trivandrum,Sasthamangalam,Residential and others,5.7,15.8,40,48
6/10/2005,Kerala,Trivandrum,Sasthamangalam,Residential and others,5.2,15.1,38,43
14-06-05,Kerala,Trivandrum,Sasthamangalam,Residential and others,5.6,15.3,44,52
17-06-05,Kerala,Trivandrum,Sasthamangalam,Residential and others,6.4,16.8,61,69
21-06-05,Kerala,Trivandrum,Sasthamangalam,Residential and others,6.8,21.7,59,67
24-06-05,Kerala,Trivandrum,Sasthamangalam,Residential and others,7.1,20.1,54,62
28-06-05,Kerala,Trivandrum,Sasthamangalam,Residential and others,6.2,23.1,47,55
7/1/2005,Kerala,Trivandrum,Sasthamangalam,Residential and others,5.7,19.8,47,55
7/5/2005,Kerala,Trivandrum,Sasthamangalam,Residential and others,5.7,21.3,42,50
7/12/2005,Kerala,Trivandrum,Sasthamangalam,Residential and others,6.2,17,44,52
15-07-05,Kerala,Trivandrum,Sasthamangalam,Residential and others,5.9,21.5,53,61
19-07-05,Kerala,Trivandrum,Sasthamangalam,Residential and others,6.6,24.5,57,65
22-07-05,Kerala,Trivandrum,Sasthamangalam,Residential and others,6.1,18.7,48,56
26-07-05,Kerala,Trivandrum,Sasthamangalam,Residential and others,5.9,17.9,60,68
29-07-05,Kerala,Trivandrum,Sasthamangalam,Residential and others,6.1,19.6,50,58
8/2/2005,Kerala,Trivandrum,Sasthamangalam,Residential and others,5.6,16.6,52,60
8/5/2005,Kerala,Trivandrum,Sasthamangalam,Residential and others,6.1,19.1,58,66
8/9/2005,Kerala,Trivandrum,Sasthamangalam,Residential and others,5.4,22,62,70
8/11/2005,Kerala,Trivandrum,Sasthamangalam,Residential and others,5.7,17.5,53,61
16-08-05,Kerala,Trivandrum,Sasthamangalam,Residential and others,6.4,24,49,57
19-08-05,Kerala,Trivandrum,Sasthamangalam,Residential and others,5.9,23.1,56,64
23-08-05,Kerala,Trivandrum,Sasthamangalam,Residential and others,5.9,22.5,58,66
30-08-05,Kerala,Trivandrum,Sasthamangalam,Residential and others,6.1,20.6,49,57
9/2/2005,Kerala,Trivandrum,Sasthamangalam,Residential and others,5.6,20.5,53,61
9/6/2005,Kerala,Trivandrum,Sasthamangalam,Residential and others,5.7,20.5,48,56
9/8/2005,Kerala,Trivandrum,Sasthamangalam,Residential and others,6.1,22.1,65,73
9/12/2005,Kerala,Trivandrum,Sasthamangalam,Residential and others,5.4,21.8,73,82
19-09-05,Kerala,Trivandrum,Sasthamangalam,Residential and others,5.7,21.3,68,76
23-09-05,Kerala,Trivandrum,Sasthamangalam,Residential and others,5.4,23.6,50,58
27-09-05,Kerala,Trivandrum,Sasthamangalam,Residential and others,6.1,24.8,58,66
30-09-05,Kerala,Trivandrum,Sasthamangalam,Residential and others,5.9,21.5,57,65
10/4/2005,Kerala,Trivandrum,Sasthamangalam,Residential and others,5.9,20.5,58,66
10/7/2005,Kerala,Trivandrum,Sasthamangalam,Residential and others,6.2,20.5,54,63
13-10-05,Kerala,Trivandrum,Sasthamangalam,Residential and others,5.6,15.9,40,47
14-10-05,Kerala,Trivandrum,Sasthamangalam,Residential and others,5.7,18.4,58,66
18-10-05,Kerala,Trivandrum,Sasthamangalam,Residential and others,5.6,22.5,69,78
21-10-05,Kerala,Trivandrum,Sasthamangalam,Residential and others,5.7,22.2,64,72
25-10-05,Kerala,Trivandrum,Sasthamangalam,Residential and others,5.7,24.1,61,69
28-10-05,Kerala,Trivandrum,Sasthamangalam,Residential and others,5.6,22.2,71,79
11/1/2005,Kerala,Trivandrum,Sasthamangalam,Residential and others,5.6,19.2,45,53
11/4/2005,Kerala,Trivandrum,Sasthamangalam,Residential and others,5.7,18.4,54,58
11/5/2005,Kerala,Trivandrum,Sasthamangalam,Residential and others,5.4,16.8,57,65
11/8/2005,Kerala,Trivandrum,Sasthamangalam,Residential and others,5.2,17,45,53
11/11/2005,Kerala,Trivandrum,Sasthamangalam,Residential and others,5.2,18,45,53
15-11-05,Kerala,Trivandrum,Sasthamangalam,Residential and others,5.4,20.5,60,68
18-11-05,Kerala,Trivandrum,Sasthamangalam,Residential and others,5.7,24.4,51,59
19-11-05,Kerala,Trivandrum,Sasthamangalam,Residential and others,5.9,26,66,74
22-11-05,Kerala,Trivandrum,Sasthamangalam,Residential and others,5.6,23.6,64,72
25-11-05,Kerala,Trivandrum,Sasthamangalam,Residential and others,5.6,22,67,75
29-11-05,Kerala,Trivandrum,Sasthamangalam,Residential and others,5.7,22.9,61,69
12/2/2005,Kerala,Trivandrum,Sasthamangalam,Residential and others,5.7,20.8,49,58
12/3/2005,Kerala,Trivandrum,Sasthamangalam,Residential and others,5.7,22,51,59
12/6/2005,Kerala,Trivandrum,Sasthamangalam,Residential and others,5.7,19.6,61,69
12/9/2005,Kerala,Trivandrum,Sasthamangalam,Residential and others,5.5,15.8,56,64
12/10/2005,Kerala,Trivandrum,Sasthamangalam,Residential and others,5.9,18.2,56,64
13-12-05,Kerala,Trivandrum,Sasthamangalam,Residential and others,5.4,14.8,43,50
16-12-05,Kerala,Trivandrum,Sasthamangalam,Residential and others,5.7,23.9,75,83
20-12-05,Kerala,Trivandrum,Sasthamangalam,Residential and others,6.1,20.5,61,70
23-12-05,Kerala,Trivandrum,Sasthamangalam,Residential and others,5.7,23.6,63,71
27-12-05,Kerala,Trivandrum,Sasthamangalam,Residential and others,5.5,22.4,67,75
30-12-05,Kerala,Trivandrum,Sasthamangalam,Residential and others,5.5,23.4,60,68
31-12-05,Kerala,Trivandrum,Sasthamangalam,Residential and others,5.7,22.5,69,78
5/2/2005,Kerala,Trivandrum,SMV School,Residential and others,7.8,25.5,70,78
5/5/2005,Kerala,Trivandrum,SMV School,Residential and others,7.5,27.9,80,89
5/9/2005,Kerala,Trivandrum,SMV School,Residential and others,7.1,29.6,68,77
5/12/2005,Kerala,Trivandrum,SMV School,Residential and others,8.1,30,120,129
16-05-05,Kerala,Trivandrum,SMV School,Residential and others,8.5,31,97,107
19-05-05,Kerala,Trivandrum,SMV School,Residential and others,8.1,30.3,110,121
23-05-05,Kerala,Trivandrum,SMV School,Residential and others,7.8,31,111,120
26-05-05,Kerala,Trivandrum,SMV School,Residential and others,6.4,28.8,95,106
30-05-05,Kerala,Trivandrum,SMV School,Residential and others,6.9,19.9,76,86
31-05-05,Kerala,Trivandrum,SMV School,Residential and others,7.3,31.2,73,83
6/2/2005,Kerala,Trivandrum,SMV School,Residential and others,6.1,23.4,82,92
6/6/2005,Kerala,Trivandrum,SMV School,Residential and others,5.9,20.6,43,50
6/9/2005,Kerala,Trivandrum,SMV School,Residential and others,5.4,20.1,39,46
16-06-05,Kerala,Trivandrum,SMV School,Residential and others,6.4,23.4,60,68
20-06-05,Kerala,Trivandrum,SMV School,Residential and others,6.9,27.4,58,66
23-06-05,Kerala,Trivandrum,SMV School,Residential and others,7.8,28.9,75,83
27-06-05,Kerala,Trivandrum,SMV School,Residential and others,6.9,26.7,66,74
30-06-05,Kerala,Trivandrum,SMV School,Residential and others,6.1,23.9,51,58
7/4/2005,Kerala,Trivandrum,SMV School,Residential and others,8.7,26.5,52,62
7/7/2005,Kerala,Trivandrum,SMV School,Residential and others,7.1,22.4,51,60
7/11/2005,Kerala,Trivandrum,SMV School,Residential and others,8.1,28.1,99,109
13-07-05,Kerala,Trivandrum,SMV School,Residential and others,8.3,29.1,74,83
18-07-05,Kerala,Trivandrum,SMV School,Residential and others,8.7,32.4,108,118
21-07-05,Kerala,Trivandrum,SMV School,Residential and others,6.9,27.4,64,72
25-07-05,Kerala,Trivandrum,SMV School,Residential and others,9,26.7,72,80
28-07-05,Kerala,Trivandrum,SMV School,Residential and others,8.3,27.9,81,90
8/1/2005,Kerala,Trivandrum,SMV School,Residential and others,8.5,25,91,99
8/4/2005,Kerala,Trivandrum,SMV School,Residential and others,6.8,23.2,96,104
8/8/2005,Kerala,Trivandrum,SMV School,Residential and others,9.5,29.6,90,98
8/11/2005,Kerala,Trivandrum,SMV School,Residential and others,8,27.6,92,102
18-08-05,Kerala,Trivandrum,SMV School,Residential and others,8.1,29.1,104,114
22-08-05,Kerala,Trivandrum,SMV School,Residential and others,8.3,29.1,88,96
25-08-05,Kerala,Trivandrum,SMV School,Residential and others,8.5,27.9,88,97
29-08-05,Kerala,Trivandrum,SMV School,Residential and others,6.9,28.9,89,99
9/1/2005,Kerala,Trivandrum,SMV School,Residential and others,8.7,26.7,87,95
9/5/2005,Kerala,Trivandrum,SMV School,Residential and others,6.8,23.9,62,70
9/8/2005,Kerala,Trivandrum,SMV School,Residential and others,8,25.5,74,84
9/12/2005,Kerala,Trivandrum,SMV School,Residential and others,7.8,27,96,104
19-09-05,Kerala,Trivandrum,SMV School,Residential and others,8.7,30,104,113
22-09-05,Kerala,Trivandrum,SMV School,Residential and others,8.8,30.2,89,98
26-09-05,Kerala,Trivandrum,SMV School,Residential and others,8.5,30.2,90,99
29-09-05,Kerala,Trivandrum,SMV School,Residential and others,8.7,29.6,111,120
10/3/2005,Kerala,Trivandrum,SMV School,Residential and others,8.1,27.8,79,87
10/6/2005,Kerala,Trivandrum,SMV School,Residential and others,8.1,27.9,82,91
10/10/2005,Kerala,Trivandrum,SMV School,Residential and others,8.1,28.8,89,99
13-10-05,Kerala,Trivandrum,SMV School,Residential and others,6.4,19.4,48,56
17-10-05,Kerala,Trivandrum,SMV School,Residential and others,7.5,31,114,123
20-10-05,Kerala,Trivandrum,SMV School,Residential and others,7.5,31.3,106,116
24-10-05,Kerala,Trivandrum,SMV School,Residential and others,8.5,31.3,112,122
27-10-05,Kerala,Trivandrum,SMV School,Residential and others,7.8,29.6,93,103
11/3/2005,Kerala,Trivandrum,SMV School,Residential and others,6.8,26,85,94
11/5/2005,Kerala,Trivandrum,SMV School,Residential and others,5.5,22,65,73
11/7/2005,Kerala,Trivandrum,SMV School,Residential and others,7.5,28.4,68,77
11/10/2005,Kerala,Trivandrum,SMV School,Residential and others,6.1,23.4,60,68
14-11-05,Kerala,Trivandrum,SMV School,Residential and others,5.7,24.8,66,74
17-11-05,Kerala,Trivandrum,SMV School,Residential and others,7.5,31.2,93,103
21-11-05,Kerala,Trivandrum,SMV School,Residential and others,6.2,25.1,96,104
24-11-05,Kerala,Trivandrum,SMV School,Residential and others,5.4,22.1,48,56
28-11-05,Kerala,Trivandrum,SMV School,Residential and others,5.4,20.8,49,57
30-11-05,Kerala,Trivandrum,SMV School,Residential and others,6.1,25.3,48,56
12/1/2005,Kerala,Trivandrum,SMV School,Residential and others,6.2,23.9,86,94
12/5/2005,Kerala,Trivandrum,SMV School,Residential and others,7.1,24.3,86,94
12/12/2005,Kerala,Trivandrum,SMV School,Residential and others,5.4,15.3,62,70
15-12-05,Kerala,Trivandrum,SMV School,Residential and others,6.9,23.1,89,99
19-12-05,Kerala,Trivandrum,SMV School,Residential and others,6.8,28.4,92,102
22-12-05,Kerala,Trivandrum,SMV School,Residential and others,7.3,27.4,93,102
26-12-05,Kerala,Trivandrum,SMV School,Residential and others,6.1,28.4,102,110
29-12-05,Kerala,Trivandrum,SMV School,Residential and others,6.6,30.7,91,99
31-12-05,Kerala,Trivandrum,SMV School,Residential and others,6.8,27.6,85,94
