"Stn Code","Sampling Date","State","City/Town/Village/Area","Location of Monitoring Station","Agency","Type of Location","SO2","NO2","RSPM/PM10","PM 2.5"
44,01-09-14,Jharkhand,Dhanbad,R.O. Dhanbad,Jharkhand State Pollution Control Board,"Residential, Rural and other Areas",16,35,220,NA
44,01-11-14,Jharkhand,Dhanbad,R.O. Dhanbad,Jharkhand State Pollution Control Board,"Residential, Rural and other Areas",16,35,219,NA
44,16-01-14,Jharkhand,Dhanbad,R.O. Dhanbad,Jharkhand State Pollution Control Board,"Residential, Rural and other Areas",18,35,221,NA
44,18-01-14,Jharkhand,Dhanbad,R.O. Dhanbad,Jharkhand State Pollution Control Board,"Residential, Rural and other Areas",19,34,237,NA
44,22-01-14,Jharkhand,Dhanbad,R.O. Dhanbad,Jharkhand State Pollution Control Board,"Residential, Rural and other Areas",16,34,215,NA
44,25-01-14,Jharkhand,Dhanbad,R.O. Dhanbad,Jharkhand State Pollution Control Board,"Residential, Rural and other Areas",16,35,224,NA
44,02-08-14,Jharkhand,Dhanbad,R.O. Dhanbad,Jharkhand State Pollution Control Board,"Residential, Rural and other Areas",16,38,206,NA
44,02-11-14,Jharkhand,Dhanbad,R.O. Dhanbad,Jharkhand State Pollution Control Board,"Residential, Rural and other Areas",16,37,219,NA
44,13-02-14,Jharkhand,Dhanbad,R.O. Dhanbad,Jharkhand State Pollution Control Board,"Residential, Rural and other Areas",15,38,224,NA
44,07-02-14,Jharkhand,Dhanbad,R.O. Dhanbad,Jharkhand State Pollution Control Board,"Residential, Rural and other Areas",31,34,69,NA
44,07-04-14,Jharkhand,Dhanbad,R.O. Dhanbad,Jharkhand State Pollution Control Board,"Residential, Rural and other Areas",14,33,72,NA
44,07-08-14,Jharkhand,Dhanbad,R.O. Dhanbad,Jharkhand State Pollution Control Board,"Residential, Rural and other Areas",13,34,79,NA
44,07-12-14,Jharkhand,Dhanbad,R.O. Dhanbad,Jharkhand State Pollution Control Board,"Residential, Rural and other Areas",13,35,67,NA
44,17-07-14,Jharkhand,Dhanbad,R.O. Dhanbad,Jharkhand State Pollution Control Board,"Residential, Rural and other Areas",15,37,76,NA
44,19-07-14,Jharkhand,Dhanbad,R.O. Dhanbad,Jharkhand State Pollution Control Board,"Residential, Rural and other Areas",14,39,67,NA
44,22-07-14,Jharkhand,Dhanbad,R.O. Dhanbad,Jharkhand State Pollution Control Board,"Residential, Rural and other Areas",12,35,62,NA
44,26-07-14,Jharkhand,Dhanbad,R.O. Dhanbad,Jharkhand State Pollution Control Board,"Residential, Rural and other Areas",14,35,67,NA
44,31-07-14,Jharkhand,Dhanbad,R.O. Dhanbad,Jharkhand State Pollution Control Board,"Residential, Rural and other Areas",13,32,79,NA
44,08-05-14,Jharkhand,Dhanbad,R.O. Dhanbad,Jharkhand State Pollution Control Board,"Residential, Rural and other Areas",15,34,77,NA
44,08-07-14,Jharkhand,Dhanbad,R.O. Dhanbad,Jharkhand State Pollution Control Board,"Residential, Rural and other Areas",11,31,77,NA
44,08-09-14,Jharkhand,Dhanbad,R.O. Dhanbad,Jharkhand State Pollution Control Board,"Residential, Rural and other Areas",15,34,87,NA
44,08-12-14,Jharkhand,Dhanbad,R.O. Dhanbad,Jharkhand State Pollution Control Board,"Residential, Rural and other Areas",16,34,70,NA
44,14-08-14,Jharkhand,Dhanbad,R.O. Dhanbad,Jharkhand State Pollution Control Board,"Residential, Rural and other Areas",11,34,68,NA
44,20-08-14,Jharkhand,Dhanbad,R.O. Dhanbad,Jharkhand State Pollution Control Board,"Residential, Rural and other Areas",11,34,75,NA
44,23-08-14,Jharkhand,Dhanbad,R.O. Dhanbad,Jharkhand State Pollution Control Board,"Residential, Rural and other Areas",12,35,66,NA
44,26-08-14,Jharkhand,Dhanbad,R.O. Dhanbad,Jharkhand State Pollution Control Board,"Residential, Rural and other Areas",12,35,80,NA
44,28-08-14,Jharkhand,Dhanbad,R.O. Dhanbad,Jharkhand State Pollution Control Board,"Residential, Rural and other Areas",14,31,65,NA
44,09-04-14,Jharkhand,Dhanbad,R.O. Dhanbad,Jharkhand State Pollution Control Board,"Residential, Rural and other Areas",12,33,73,NA
44,09-09-14,Jharkhand,Dhanbad,R.O. Dhanbad,Jharkhand State Pollution Control Board,"Residential, Rural and other Areas",12,34,69,NA
44,09-11-14,Jharkhand,Dhanbad,R.O. Dhanbad,Jharkhand State Pollution Control Board,"Residential, Rural and other Areas",12,39,68,NA
44,13-09-14,Jharkhand,Dhanbad,R.O. Dhanbad,Jharkhand State Pollution Control Board,"Residential, Rural and other Areas",14,33,82,NA
44,16-09-14,Jharkhand,Dhanbad,R.O. Dhanbad,Jharkhand State Pollution Control Board,"Residential, Rural and other Areas",NA,NA,50,NA
44,20-09-14,Jharkhand,Dhanbad,R.O. Dhanbad,Jharkhand State Pollution Control Board,"Residential, Rural and other Areas",11,34,72,NA
44,23-09-14,Jharkhand,Dhanbad,R.O. Dhanbad,Jharkhand State Pollution Control Board,"Residential, Rural and other Areas",12,37,66,NA
44,27-09-14,Jharkhand,Dhanbad,R.O. Dhanbad,Jharkhand State Pollution Control Board,"Residential, Rural and other Areas",14,36,66,NA
44,30-09-14,Jharkhand,Dhanbad,R.O. Dhanbad,Jharkhand State Pollution Control Board,"Residential, Rural and other Areas",10,35,82,NA
44,10-09-14,Jharkhand,Dhanbad,R.O. Dhanbad,Jharkhand State Pollution Control Board,"Residential, Rural and other Areas",11,35,95,NA
44,10-11-14,Jharkhand,Dhanbad,R.O. Dhanbad,Jharkhand State Pollution Control Board,"Residential, Rural and other Areas",10,38,61,NA
44,14-10-14,Jharkhand,Dhanbad,R.O. Dhanbad,Jharkhand State Pollution Control Board,"Residential, Rural and other Areas",12,36,66,NA
44,16-10-14,Jharkhand,Dhanbad,R.O. Dhanbad,Jharkhand State Pollution Control Board,"Residential, Rural and other Areas",15,37,87,NA
44,18-10-14,Jharkhand,Dhanbad,R.O. Dhanbad,Jharkhand State Pollution Control Board,"Residential, Rural and other Areas",11,35,74,NA
44,21-10-14,Jharkhand,Dhanbad,R.O. Dhanbad,Jharkhand State Pollution Control Board,"Residential, Rural and other Areas",11,38,74,NA
44,31-10-14,Jharkhand,Dhanbad,R.O. Dhanbad,Jharkhand State Pollution Control Board,"Residential, Rural and other Areas",13,40,68,NA
44,11-08-14,Jharkhand,Dhanbad,R.O. Dhanbad,Jharkhand State Pollution Control Board,"Residential, Rural and other Areas",13,37,85,NA
44,11-11-14,Jharkhand,Dhanbad,R.O. Dhanbad,Jharkhand State Pollution Control Board,"Residential, Rural and other Areas",13,34,75,NA
44,14-11-14,Jharkhand,Dhanbad,R.O. Dhanbad,Jharkhand State Pollution Control Board,"Residential, Rural and other Areas",12,36,60,NA
44,18-11-14,Jharkhand,Dhanbad,R.O. Dhanbad,Jharkhand State Pollution Control Board,"Residential, Rural and other Areas",14,39,80,NA
44,20-11-14,Jharkhand,Dhanbad,R.O. Dhanbad,Jharkhand State Pollution Control Board,"Residential, Rural and other Areas",13,38,66,NA
44,22-11-14,Jharkhand,Dhanbad,R.O. Dhanbad,Jharkhand State Pollution Control Board,"Residential, Rural and other Areas",16,40,75,NA
44,25-11-14,Jharkhand,Dhanbad,R.O. Dhanbad,Jharkhand State Pollution Control Board,"Residential, Rural and other Areas",12,34,70,NA
44,27-11-14,Jharkhand,Dhanbad,R.O. Dhanbad,Jharkhand State Pollution Control Board,"Residential, Rural and other Areas",11,39,75,NA
44,29-11-14,Jharkhand,Dhanbad,R.O. Dhanbad,Jharkhand State Pollution Control Board,"Residential, Rural and other Areas",13,37,77,NA
44,12-03-14,Jharkhand,Dhanbad,R.O. Dhanbad,Jharkhand State Pollution Control Board,"Residential, Rural and other Areas",11,33,73,NA
44,12-06-14,Jharkhand,Dhanbad,R.O. Dhanbad,Jharkhand State Pollution Control Board,"Residential, Rural and other Areas",16,34,76,NA
44,12-09-14,Jharkhand,Dhanbad,R.O. Dhanbad,Jharkhand State Pollution Control Board,"Residential, Rural and other Areas",14,38,93,NA
44,12-12-14,Jharkhand,Dhanbad,R.O. Dhanbad,Jharkhand State Pollution Control Board,"Residential, Rural and other Areas",11,35,79,NA
44,16-12-14,Jharkhand,Dhanbad,R.O. Dhanbad,Jharkhand State Pollution Control Board,"Residential, Rural and other Areas",13,35,69,NA
44,18-12-14,Jharkhand,Dhanbad,R.O. Dhanbad,Jharkhand State Pollution Control Board,"Residential, Rural and other Areas",13,35,72,NA
44,20-12-14,Jharkhand,Dhanbad,R.O. Dhanbad,Jharkhand State Pollution Control Board,"Residential, Rural and other Areas",12,34,69,NA
44,23-12-14,Jharkhand,Dhanbad,R.O. Dhanbad,Jharkhand State Pollution Control Board,"Residential, Rural and other Areas",13,34,77,NA
44,27-12-14,Jharkhand,Dhanbad,R.O. Dhanbad,Jharkhand State Pollution Control Board,"Residential, Rural and other Areas",15,41,73,NA
44,30-12-14,Jharkhand,Dhanbad,R.O. Dhanbad,Jharkhand State Pollution Control Board,"Residential, Rural and other Areas",12,31,79,NA
611,01-04-14,Jharkhand,Dhanbad,"CGM Office, Kusunda, Dist- Dhanbad",Jharkhand State Pollution Control Board,Industrial Area,17,38,252,NA
611,01-09-14,Jharkhand,Dhanbad,"CGM Office, Kusunda, Dist- Dhanbad",Jharkhand State Pollution Control Board,Industrial Area,15,40,231,NA
611,01-11-14,Jharkhand,Dhanbad,"CGM Office, Kusunda, Dist- Dhanbad",Jharkhand State Pollution Control Board,Industrial Area,17,39,234,NA
611,16-01-14,Jharkhand,Dhanbad,"CGM Office, Kusunda, Dist- Dhanbad",Jharkhand State Pollution Control Board,Industrial Area,15,41,240,NA
611,18-01-14,Jharkhand,Dhanbad,"CGM Office, Kusunda, Dist- Dhanbad",Jharkhand State Pollution Control Board,Industrial Area,21,50,292,NA
611,22-01-14,Jharkhand,Dhanbad,"CGM Office, Kusunda, Dist- Dhanbad",Jharkhand State Pollution Control Board,Industrial Area,17,40,282,NA
611,25-01-14,Jharkhand,Dhanbad,"CGM Office, Kusunda, Dist- Dhanbad",Jharkhand State Pollution Control Board,Industrial Area,19,39,256,NA
611,28-01-14,Jharkhand,Dhanbad,"CGM Office, Kusunda, Dist- Dhanbad",Jharkhand State Pollution Control Board,Industrial Area,17,33,261,NA
611,30-01-14,Jharkhand,Dhanbad,"CGM Office, Kusunda, Dist- Dhanbad",Jharkhand State Pollution Control Board,Industrial Area,15,32,183,NA
611,02-06-14,Jharkhand,Dhanbad,"CGM Office, Kusunda, Dist- Dhanbad",Jharkhand State Pollution Control Board,Industrial Area,15,32,183,NA
611,02-08-14,Jharkhand,Dhanbad,"CGM Office, Kusunda, Dist- Dhanbad",Jharkhand State Pollution Control Board,Industrial Area,13,35,236,NA
611,02-11-14,Jharkhand,Dhanbad,"CGM Office, Kusunda, Dist- Dhanbad",Jharkhand State Pollution Control Board,Industrial Area,14,30,232,NA
611,13-02-14,Jharkhand,Dhanbad,"CGM Office, Kusunda, Dist- Dhanbad",Jharkhand State Pollution Control Board,Industrial Area,14,33,225,NA
611,18-02-14,Jharkhand,Dhanbad,"CGM Office, Kusunda, Dist- Dhanbad",Jharkhand State Pollution Control Board,Industrial Area,14,35,228,NA
611,08-05-14,Jharkhand,Dhanbad,"CGM Office, Kusunda, Dist- Dhanbad",Jharkhand State Pollution Control Board,Industrial Area,12,35,202,NA
611,08-07-14,Jharkhand,Dhanbad,"CGM Office, Kusunda, Dist- Dhanbad",Jharkhand State Pollution Control Board,Industrial Area,13,37,67,NA
611,08-09-14,Jharkhand,Dhanbad,"CGM Office, Kusunda, Dist- Dhanbad",Jharkhand State Pollution Control Board,Industrial Area,14,35,214,NA
611,08-12-14,Jharkhand,Dhanbad,"CGM Office, Kusunda, Dist- Dhanbad",Jharkhand State Pollution Control Board,Industrial Area,14,31,206,NA
611,14-08-14,Jharkhand,Dhanbad,"CGM Office, Kusunda, Dist- Dhanbad",Jharkhand State Pollution Control Board,Industrial Area,15,33,198,NA
611,20-08-14,Jharkhand,Dhanbad,"CGM Office, Kusunda, Dist- Dhanbad",Jharkhand State Pollution Control Board,Industrial Area,12,36,220,NA
611,23-08-14,Jharkhand,Dhanbad,"CGM Office, Kusunda, Dist- Dhanbad",Jharkhand State Pollution Control Board,Industrial Area,13,36,219,NA
611,26-08-14,Jharkhand,Dhanbad,"CGM Office, Kusunda, Dist- Dhanbad",Jharkhand State Pollution Control Board,Industrial Area,13,33,206,NA
611,28-08-14,Jharkhand,Dhanbad,"CGM Office, Kusunda, Dist- Dhanbad",Jharkhand State Pollution Control Board,Industrial Area,13,34,220,NA
611,09-04-14,Jharkhand,Dhanbad,"CGM Office, Kusunda, Dist- Dhanbad",Jharkhand State Pollution Control Board,Industrial Area,13,37,236,NA
611,09-09-14,Jharkhand,Dhanbad,"CGM Office, Kusunda, Dist- Dhanbad",Jharkhand State Pollution Control Board,Industrial Area,16,36,226,NA
611,09-11-14,Jharkhand,Dhanbad,"CGM Office, Kusunda, Dist- Dhanbad",Jharkhand State Pollution Control Board,Industrial Area,13,37,205,NA
611,13-09-14,Jharkhand,Dhanbad,"CGM Office, Kusunda, Dist- Dhanbad",Jharkhand State Pollution Control Board,Industrial Area,13,38,222,NA
611,16-09-14,Jharkhand,Dhanbad,"CGM Office, Kusunda, Dist- Dhanbad",Jharkhand State Pollution Control Board,Industrial Area,16,34,195,NA
611,20-09-14,Jharkhand,Dhanbad,"CGM Office, Kusunda, Dist- Dhanbad",Jharkhand State Pollution Control Board,Industrial Area,13,41,197,NA
611,23-09-14,Jharkhand,Dhanbad,"CGM Office, Kusunda, Dist- Dhanbad",Jharkhand State Pollution Control Board,Industrial Area,9,32,185,NA
611,27-09-14,Jharkhand,Dhanbad,"CGM Office, Kusunda, Dist- Dhanbad",Jharkhand State Pollution Control Board,Industrial Area,13,38,238,NA
611,30-09-14,Jharkhand,Dhanbad,"CGM Office, Kusunda, Dist- Dhanbad",Jharkhand State Pollution Control Board,Industrial Area,13,38,214,NA
611,10-09-14,Jharkhand,Dhanbad,"CGM Office, Kusunda, Dist- Dhanbad",Jharkhand State Pollution Control Board,Industrial Area,12,37,218,NA
611,10-11-14,Jharkhand,Dhanbad,"CGM Office, Kusunda, Dist- Dhanbad",Jharkhand State Pollution Control Board,Industrial Area,13,37,233,NA
611,14-10-14,Jharkhand,Dhanbad,"CGM Office, Kusunda, Dist- Dhanbad",Jharkhand State Pollution Control Board,Industrial Area,13,39,195,NA
611,16-10-14,Jharkhand,Dhanbad,"CGM Office, Kusunda, Dist- Dhanbad",Jharkhand State Pollution Control Board,Industrial Area,14,42,233,NA
611,18-10-14,Jharkhand,Dhanbad,"CGM Office, Kusunda, Dist- Dhanbad",Jharkhand State Pollution Control Board,Industrial Area,14,40,241,NA
611,21-10-14,Jharkhand,Dhanbad,"CGM Office, Kusunda, Dist- Dhanbad",Jharkhand State Pollution Control Board,Industrial Area,11,39,72,NA
611,31-10-14,Jharkhand,Dhanbad,"CGM Office, Kusunda, Dist- Dhanbad",Jharkhand State Pollution Control Board,Industrial Area,16,39,235,NA
611,11-08-14,Jharkhand,Dhanbad,"CGM Office, Kusunda, Dist- Dhanbad",Jharkhand State Pollution Control Board,Industrial Area,11,35,223,NA
611,11-11-14,Jharkhand,Dhanbad,"CGM Office, Kusunda, Dist- Dhanbad",Jharkhand State Pollution Control Board,Industrial Area,16,40,212,NA
611,14-11-14,Jharkhand,Dhanbad,"CGM Office, Kusunda, Dist- Dhanbad",Jharkhand State Pollution Control Board,Industrial Area,14,40,214,NA
611,18-11-14,Jharkhand,Dhanbad,"CGM Office, Kusunda, Dist- Dhanbad",Jharkhand State Pollution Control Board,Industrial Area,13,40,244,NA
611,20-11-14,Jharkhand,Dhanbad,"CGM Office, Kusunda, Dist- Dhanbad",Jharkhand State Pollution Control Board,Industrial Area,13,37,194,NA
611,22-11-14,Jharkhand,Dhanbad,"CGM Office, Kusunda, Dist- Dhanbad",Jharkhand State Pollution Control Board,Industrial Area,13,34,230,NA
611,25-11-14,Jharkhand,Dhanbad,"CGM Office, Kusunda, Dist- Dhanbad",Jharkhand State Pollution Control Board,Industrial Area,13,40,183,NA
611,27-11-14,Jharkhand,Dhanbad,"CGM Office, Kusunda, Dist- Dhanbad",Jharkhand State Pollution Control Board,Industrial Area,12,41,87,NA
611,29-11-14,Jharkhand,Dhanbad,"CGM Office, Kusunda, Dist- Dhanbad",Jharkhand State Pollution Control Board,Industrial Area,14,40,240,NA
611,12-03-14,Jharkhand,Dhanbad,"CGM Office, Kusunda, Dist- Dhanbad",Jharkhand State Pollution Control Board,Industrial Area,11,39,214,NA
611,12-06-14,Jharkhand,Dhanbad,"CGM Office, Kusunda, Dist- Dhanbad",Jharkhand State Pollution Control Board,Industrial Area,12,39,185,NA
611,12-09-14,Jharkhand,Dhanbad,"CGM Office, Kusunda, Dist- Dhanbad",Jharkhand State Pollution Control Board,Industrial Area,13,37,193,NA
611,12-12-14,Jharkhand,Dhanbad,"CGM Office, Kusunda, Dist- Dhanbad",Jharkhand State Pollution Control Board,Industrial Area,13,36,235,NA
611,16-12-14,Jharkhand,Dhanbad,"CGM Office, Kusunda, Dist- Dhanbad",Jharkhand State Pollution Control Board,Industrial Area,14,38,241,NA
611,18-12-14,Jharkhand,Dhanbad,"CGM Office, Kusunda, Dist- Dhanbad",Jharkhand State Pollution Control Board,Industrial Area,14,36,231,NA
611,20-12-14,Jharkhand,Dhanbad,"CGM Office, Kusunda, Dist- Dhanbad",Jharkhand State Pollution Control Board,Industrial Area,13,34,196,NA
611,23-12-14,Jharkhand,Dhanbad,"CGM Office, Kusunda, Dist- Dhanbad",Jharkhand State Pollution Control Board,Industrial Area,16,40,223,NA
611,27-12-14,Jharkhand,Dhanbad,"CGM Office, Kusunda, Dist- Dhanbad",Jharkhand State Pollution Control Board,Industrial Area,16,41,212,NA
611,30-12-14,Jharkhand,Dhanbad,"CGM Office, Kusunda, Dist- Dhanbad",Jharkhand State Pollution Control Board,Industrial Area,14,41,205,NA
612,08-05-14,Jharkhand,Dhanbad,"EMTI, Bastacola, Dist- Dhanbad",Jharkhand State Pollution Control Board,Industrial Area,12,32,148,NA
612,08-07-14,Jharkhand,Dhanbad,"EMTI, Bastacola, Dist- Dhanbad",Jharkhand State Pollution Control Board,Industrial Area,13,34,141,NA
612,08-12-14,Jharkhand,Dhanbad,"EMTI, Bastacola, Dist- Dhanbad",Jharkhand State Pollution Control Board,Industrial Area,14,33,148,NA
612,14-08-14,Jharkhand,Dhanbad,"EMTI, Bastacola, Dist- Dhanbad",Jharkhand State Pollution Control Board,Industrial Area,14,33,134,NA
612,20-08-14,Jharkhand,Dhanbad,"EMTI, Bastacola, Dist- Dhanbad",Jharkhand State Pollution Control Board,Industrial Area,12,35,131,NA
612,23-08-14,Jharkhand,Dhanbad,"EMTI, Bastacola, Dist- Dhanbad",Jharkhand State Pollution Control Board,Industrial Area,13,35,137,NA
612,26-08-14,Jharkhand,Dhanbad,"EMTI, Bastacola, Dist- Dhanbad",Jharkhand State Pollution Control Board,Industrial Area,13,35,133,NA
612,28-08-14,Jharkhand,Dhanbad,"EMTI, Bastacola, Dist- Dhanbad",Jharkhand State Pollution Control Board,Industrial Area,13,36,131,NA
612,09-04-14,Jharkhand,Dhanbad,"EMTI, Bastacola, Dist- Dhanbad",Jharkhand State Pollution Control Board,Industrial Area,16,33,137,NA
612,09-09-14,Jharkhand,Dhanbad,"EMTI, Bastacola, Dist- Dhanbad",Jharkhand State Pollution Control Board,Industrial Area,13,34,138,NA
612,09-11-14,Jharkhand,Dhanbad,"EMTI, Bastacola, Dist- Dhanbad",Jharkhand State Pollution Control Board,Industrial Area,14,38,140,NA
612,13-09-14,Jharkhand,Dhanbad,"EMTI, Bastacola, Dist- Dhanbad",Jharkhand State Pollution Control Board,Industrial Area,13,35,229,NA
612,16-09-14,Jharkhand,Dhanbad,"EMTI, Bastacola, Dist- Dhanbad",Jharkhand State Pollution Control Board,Industrial Area,13,37,232,NA
612,20-09-14,Jharkhand,Dhanbad,"EMTI, Bastacola, Dist- Dhanbad",Jharkhand State Pollution Control Board,Industrial Area,12,37,224,NA
612,23-09-14,Jharkhand,Dhanbad,"EMTI, Bastacola, Dist- Dhanbad",Jharkhand State Pollution Control Board,Industrial Area,12,37,222,NA
612,27-09-14,Jharkhand,Dhanbad,"EMTI, Bastacola, Dist- Dhanbad",Jharkhand State Pollution Control Board,Industrial Area,11,35,213,NA
612,30-09-14,Jharkhand,Dhanbad,"EMTI, Bastacola, Dist- Dhanbad",Jharkhand State Pollution Control Board,Industrial Area,12,37,203,NA
612,10-09-14,Jharkhand,Dhanbad,"EMTI, Bastacola, Dist- Dhanbad",Jharkhand State Pollution Control Board,Industrial Area,11,36,185,NA
612,10-11-14,Jharkhand,Dhanbad,"EMTI, Bastacola, Dist- Dhanbad",Jharkhand State Pollution Control Board,Industrial Area,12,37,198,NA
612,14-10-14,Jharkhand,Dhanbad,"EMTI, Bastacola, Dist- Dhanbad",Jharkhand State Pollution Control Board,Industrial Area,11,34,186,NA
612,16-10-14,Jharkhand,Dhanbad,"EMTI, Bastacola, Dist- Dhanbad",Jharkhand State Pollution Control Board,Industrial Area,13,38,192,NA
612,18-10-14,Jharkhand,Dhanbad,"EMTI, Bastacola, Dist- Dhanbad",Jharkhand State Pollution Control Board,Industrial Area,12,40,189,NA
612,21-10-14,Jharkhand,Dhanbad,"EMTI, Bastacola, Dist- Dhanbad",Jharkhand State Pollution Control Board,Industrial Area,13,36,199,NA
612,31-10-14,Jharkhand,Dhanbad,"EMTI, Bastacola, Dist- Dhanbad",Jharkhand State Pollution Control Board,Industrial Area,13,37,214,NA
612,11-08-14,Jharkhand,Dhanbad,"EMTI, Bastacola, Dist- Dhanbad",Jharkhand State Pollution Control Board,Industrial Area,12,43,207,NA
612,11-11-14,Jharkhand,Dhanbad,"EMTI, Bastacola, Dist- Dhanbad",Jharkhand State Pollution Control Board,Industrial Area,12,43,218,NA
612,14-11-14,Jharkhand,Dhanbad,"EMTI, Bastacola, Dist- Dhanbad",Jharkhand State Pollution Control Board,Industrial Area,14,34,199,NA
612,18-11-14,Jharkhand,Dhanbad,"EMTI, Bastacola, Dist- Dhanbad",Jharkhand State Pollution Control Board,Industrial Area,13,34,233,NA
612,20-11-14,Jharkhand,Dhanbad,"EMTI, Bastacola, Dist- Dhanbad",Jharkhand State Pollution Control Board,Industrial Area,13,41,220,NA
612,22-11-14,Jharkhand,Dhanbad,"EMTI, Bastacola, Dist- Dhanbad",Jharkhand State Pollution Control Board,Industrial Area,14,41,227,NA
612,25-11-14,Jharkhand,Dhanbad,"EMTI, Bastacola, Dist- Dhanbad",Jharkhand State Pollution Control Board,Industrial Area,12,41,223,NA
612,27-11-14,Jharkhand,Dhanbad,"EMTI, Bastacola, Dist- Dhanbad",Jharkhand State Pollution Control Board,Industrial Area,12,37,231,NA
612,29-11-14,Jharkhand,Dhanbad,"EMTI, Bastacola, Dist- Dhanbad",Jharkhand State Pollution Control Board,Industrial Area,13,39,202,NA
612,12-03-14,Jharkhand,Dhanbad,"EMTI, Bastacola, Dist- Dhanbad",Jharkhand State Pollution Control Board,Industrial Area,13,35,226,NA
612,12-06-14,Jharkhand,Dhanbad,"EMTI, Bastacola, Dist- Dhanbad",Jharkhand State Pollution Control Board,Industrial Area,13,40,238,NA
612,12-09-14,Jharkhand,Dhanbad,"EMTI, Bastacola, Dist- Dhanbad",Jharkhand State Pollution Control Board,Industrial Area,13,34,196,NA
612,12-12-14,Jharkhand,Dhanbad,"EMTI, Bastacola, Dist- Dhanbad",Jharkhand State Pollution Control Board,Industrial Area,12,34,164,NA
612,16-12-14,Jharkhand,Dhanbad,"EMTI, Bastacola, Dist- Dhanbad",Jharkhand State Pollution Control Board,Industrial Area,13,37,215,NA
612,18-12-14,Jharkhand,Dhanbad,"EMTI, Bastacola, Dist- Dhanbad",Jharkhand State Pollution Control Board,Industrial Area,13,35,192,NA
612,20-12-14,Jharkhand,Dhanbad,"EMTI, Bastacola, Dist- Dhanbad",Jharkhand State Pollution Control Board,Industrial Area,13,39,198,NA
612,23-12-14,Jharkhand,Dhanbad,"EMTI, Bastacola, Dist- Dhanbad",Jharkhand State Pollution Control Board,Industrial Area,17,41,193,NA
612,27-12-14,Jharkhand,Dhanbad,"EMTI, Bastacola, Dist- Dhanbad",Jharkhand State Pollution Control Board,Industrial Area,17,38,194,NA
612,30-12-14,Jharkhand,Dhanbad,"EMTI, Bastacola, Dist- Dhanbad",Jharkhand State Pollution Control Board,Industrial Area,13,41,181,NA
332,01-04-14,Jharkhand,Jharia,"M.A.D.A., Jharia",Jharkhand State Pollution Control Board,Industrial Area,14,39,300,NA
332,07-03-14,Jharkhand,Jharia,"M.A.D.A., Jharia",Jharkhand State Pollution Control Board,Industrial Area,15,32,241,NA
332,07-07-14,Jharkhand,Jharia,"M.A.D.A., Jharia",Jharkhand State Pollution Control Board,Industrial Area,14,30,214,NA
332,07-11-14,Jharkhand,Jharia,"M.A.D.A., Jharia",Jharkhand State Pollution Control Board,Industrial Area,14,39,229,NA
332,16-07-14,Jharkhand,Jharia,"M.A.D.A., Jharia",Jharkhand State Pollution Control Board,Industrial Area,15,37,214,NA
332,18-07-14,Jharkhand,Jharia,"M.A.D.A., Jharia",Jharkhand State Pollution Control Board,Industrial Area,15,39,213,NA
332,21-07-14,Jharkhand,Jharia,"M.A.D.A., Jharia",Jharkhand State Pollution Control Board,Industrial Area,NA,NA,226,NA
332,25-07-14,Jharkhand,Jharia,"M.A.D.A., Jharia",Jharkhand State Pollution Control Board,Industrial Area,16,36,226,NA
332,30-07-14,Jharkhand,Jharia,"M.A.D.A., Jharia",Jharkhand State Pollution Control Board,Industrial Area,NA,36,NA,NA
332,08-04-14,Jharkhand,Jharia,"M.A.D.A., Jharia",Jharkhand State Pollution Control Board,Industrial Area,14,33,215,NA
332,08-06-14,Jharkhand,Jharia,"M.A.D.A., Jharia",Jharkhand State Pollution Control Board,Industrial Area,10,30,214,NA
332,08-11-14,Jharkhand,Jharia,"M.A.D.A., Jharia",Jharkhand State Pollution Control Board,Industrial Area,12,33,164,NA
332,13-08-14,Jharkhand,Jharia,"M.A.D.A., Jharia",Jharkhand State Pollution Control Board,Industrial Area,12,32,182,NA
332,19-08-14,Jharkhand,Jharia,"M.A.D.A., Jharia",Jharkhand State Pollution Control Board,Industrial Area,13,39,219,NA
332,22-08-14,Jharkhand,Jharia,"M.A.D.A., Jharia",Jharkhand State Pollution Control Board,Industrial Area,13,36,224,NA
332,25-08-14,Jharkhand,Jharia,"M.A.D.A., Jharia",Jharkhand State Pollution Control Board,Industrial Area,14,35,200,NA
332,27-08-14,Jharkhand,Jharia,"M.A.D.A., Jharia",Jharkhand State Pollution Control Board,Industrial Area,15,36,206,NA
332,09-03-14,Jharkhand,Jharia,"M.A.D.A., Jharia",Jharkhand State Pollution Control Board,Industrial Area,14,33,239,NA
332,09-08-14,Jharkhand,Jharia,"M.A.D.A., Jharia",Jharkhand State Pollution Control Board,Industrial Area,15,35,223,NA
332,09-10-14,Jharkhand,Jharia,"M.A.D.A., Jharia",Jharkhand State Pollution Control Board,Industrial Area,14,41,248,NA
332,09-12-14,Jharkhand,Jharia,"M.A.D.A., Jharia",Jharkhand State Pollution Control Board,Industrial Area,13,35,205,NA
332,15-09-14,Jharkhand,Jharia,"M.A.D.A., Jharia",Jharkhand State Pollution Control Board,Industrial Area,12,36,219,NA
332,19-09-14,Jharkhand,Jharia,"M.A.D.A., Jharia",Jharkhand State Pollution Control Board,Industrial Area,14,39,206,NA
332,26-09-14,Jharkhand,Jharia,"M.A.D.A., Jharia",Jharkhand State Pollution Control Board,Industrial Area,14,43,194,NA
332,29-09-14,Jharkhand,Jharia,"M.A.D.A., Jharia",Jharkhand State Pollution Control Board,Industrial Area,13,37,231,NA
332,10-08-14,Jharkhand,Jharia,"M.A.D.A., Jharia",Jharkhand State Pollution Control Board,Industrial Area,13,39,243,NA
332,10-11-14,Jharkhand,Jharia,"M.A.D.A., Jharia",Jharkhand State Pollution Control Board,Industrial Area,13,35,213,NA
332,13-10-14,Jharkhand,Jharia,"M.A.D.A., Jharia",Jharkhand State Pollution Control Board,Industrial Area,16,40,238,NA
332,15-10-14,Jharkhand,Jharia,"M.A.D.A., Jharia",Jharkhand State Pollution Control Board,Industrial Area,13,39,234,NA
332,17-10-14,Jharkhand,Jharia,"M.A.D.A., Jharia",Jharkhand State Pollution Control Board,Industrial Area,13,39,217,NA
332,20-10-14,Jharkhand,Jharia,"M.A.D.A., Jharia",Jharkhand State Pollution Control Board,Industrial Area,13,38,232,NA
332,30-10-14,Jharkhand,Jharia,"M.A.D.A., Jharia",Jharkhand State Pollution Control Board,Industrial Area,13,37,222,NA
332,11-07-14,Jharkhand,Jharia,"M.A.D.A., Jharia",Jharkhand State Pollution Control Board,Industrial Area,13,35,862,NA
332,11-10-14,Jharkhand,Jharia,"M.A.D.A., Jharia",Jharkhand State Pollution Control Board,Industrial Area,13,34,244,NA
332,13-11-14,Jharkhand,Jharia,"M.A.D.A., Jharia",Jharkhand State Pollution Control Board,Industrial Area,14,34,241,NA
332,17-11-14,Jharkhand,Jharia,"M.A.D.A., Jharia",Jharkhand State Pollution Control Board,Industrial Area,12,41,238,NA
332,19-11-14,Jharkhand,Jharia,"M.A.D.A., Jharia",Jharkhand State Pollution Control Board,Industrial Area,13,40,230,NA
332,21-11-14,Jharkhand,Jharia,"M.A.D.A., Jharia",Jharkhand State Pollution Control Board,Industrial Area,13,45,229,NA
332,24-11-14,Jharkhand,Jharia,"M.A.D.A., Jharia",Jharkhand State Pollution Control Board,Industrial Area,13,40,237,NA
332,26-11-14,Jharkhand,Jharia,"M.A.D.A., Jharia",Jharkhand State Pollution Control Board,Industrial Area,13,40,208,NA
332,28-11-14,Jharkhand,Jharia,"M.A.D.A., Jharia",Jharkhand State Pollution Control Board,Industrial Area,13,38,238,NA
332,12-02-14,Jharkhand,Jharia,"M.A.D.A., Jharia",Jharkhand State Pollution Control Board,Industrial Area,13,39,237,NA
332,12-05-14,Jharkhand,Jharia,"M.A.D.A., Jharia",Jharkhand State Pollution Control Board,Industrial Area,15,32,224,NA
332,12-08-14,Jharkhand,Jharia,"M.A.D.A., Jharia",Jharkhand State Pollution Control Board,Industrial Area,13,34,213,NA
332,12-11-14,Jharkhand,Jharia,"M.A.D.A., Jharia",Jharkhand State Pollution Control Board,Industrial Area,13,34,229,NA
332,15-12-14,Jharkhand,Jharia,"M.A.D.A., Jharia",Jharkhand State Pollution Control Board,Industrial Area,13,34,211,NA
332,17-12-14,Jharkhand,Jharia,"M.A.D.A., Jharia",Jharkhand State Pollution Control Board,Industrial Area,13,34,237,NA
332,19-12-14,Jharkhand,Jharia,"M.A.D.A., Jharia",Jharkhand State Pollution Control Board,Industrial Area,14,38,227,NA
332,29-12-14,Jharkhand,Jharia,"M.A.D.A., Jharia",Jharkhand State Pollution Control Board,Industrial Area,11,36,198,NA
402,01-03-14,Jharkhand,Ranchi,"Albert Ekka Chowk, Main Road, Ranchi",Jharkhand State Pollution Control Board,"Residential, Rural and other Areas",17,32,215,NA
402,01-06-14,Jharkhand,Ranchi,"Albert Ekka Chowk, Main Road, Ranchi",Jharkhand State Pollution Control Board,"Residential, Rural and other Areas",17,35,200,NA
402,01-09-14,Jharkhand,Ranchi,"Albert Ekka Chowk, Main Road, Ranchi",Jharkhand State Pollution Control Board,"Residential, Rural and other Areas",17,32,153,NA
402,16-01-14,Jharkhand,Ranchi,"Albert Ekka Chowk, Main Road, Ranchi",Jharkhand State Pollution Control Board,"Residential, Rural and other Areas",18,35,144,NA
402,21-01-14,Jharkhand,Ranchi,"Albert Ekka Chowk, Main Road, Ranchi",Jharkhand State Pollution Control Board,"Residential, Rural and other Areas",17,32,254,NA
402,24-01-14,Jharkhand,Ranchi,"Albert Ekka Chowk, Main Road, Ranchi",Jharkhand State Pollution Control Board,"Residential, Rural and other Areas",17,32,184,NA
402,28-01-14,Jharkhand,Ranchi,"Albert Ekka Chowk, Main Road, Ranchi",Jharkhand State Pollution Control Board,"Residential, Rural and other Areas",20,32,193,NA
402,02-05-14,Jharkhand,Ranchi,"Albert Ekka Chowk, Main Road, Ranchi",Jharkhand State Pollution Control Board,"Residential, Rural and other Areas",18,33,215,NA
402,02-07-14,Jharkhand,Ranchi,"Albert Ekka Chowk, Main Road, Ranchi",Jharkhand State Pollution Control Board,"Residential, Rural and other Areas",17,33,153,NA
402,02-10-14,Jharkhand,Ranchi,"Albert Ekka Chowk, Main Road, Ranchi",Jharkhand State Pollution Control Board,"Residential, Rural and other Areas",15,34,182,NA
402,02-12-14,Jharkhand,Ranchi,"Albert Ekka Chowk, Main Road, Ranchi",Jharkhand State Pollution Control Board,"Residential, Rural and other Areas",18,32,186,NA
402,17-02-14,Jharkhand,Ranchi,"Albert Ekka Chowk, Main Road, Ranchi",Jharkhand State Pollution Control Board,"Residential, Rural and other Areas",17,32,189,NA
402,20-02-14,Jharkhand,Ranchi,"Albert Ekka Chowk, Main Road, Ranchi",Jharkhand State Pollution Control Board,"Residential, Rural and other Areas",16,34,202,NA
402,24-02-14,Jharkhand,Ranchi,"Albert Ekka Chowk, Main Road, Ranchi",Jharkhand State Pollution Control Board,"Residential, Rural and other Areas",15,31,237,NA
402,26-02-14,Jharkhand,Ranchi,"Albert Ekka Chowk, Main Road, Ranchi",Jharkhand State Pollution Control Board,"Residential, Rural and other Areas",16,32,144,NA
402,19-03-14,Jharkhand,Ranchi,"Albert Ekka Chowk, Main Road, Ranchi",Jharkhand State Pollution Control Board,"Residential, Rural and other Areas",19,34,193,NA
402,27-03-14,Jharkhand,Ranchi,"Albert Ekka Chowk, Main Road, Ranchi",Jharkhand State Pollution Control Board,"Residential, Rural and other Areas",20,32,217,NA
402,06-05-14,Jharkhand,Ranchi,"Albert Ekka Chowk, Main Road, Ranchi",Jharkhand State Pollution Control Board,"Residential, Rural and other Areas",21,36,210,NA
402,06-09-14,Jharkhand,Ranchi,"Albert Ekka Chowk, Main Road, Ranchi",Jharkhand State Pollution Control Board,"Residential, Rural and other Areas",19,37,162,NA
402,06-11-14,Jharkhand,Ranchi,"Albert Ekka Chowk, Main Road, Ranchi",Jharkhand State Pollution Control Board,"Residential, Rural and other Areas",17,35,208,NA
402,13-06-14,Jharkhand,Ranchi,"Albert Ekka Chowk, Main Road, Ranchi",Jharkhand State Pollution Control Board,"Residential, Rural and other Areas",18,36,191,NA
402,16-06-14,Jharkhand,Ranchi,"Albert Ekka Chowk, Main Road, Ranchi",Jharkhand State Pollution Control Board,"Residential, Rural and other Areas",17,37,273,NA
402,19-06-14,Jharkhand,Ranchi,"Albert Ekka Chowk, Main Road, Ranchi",Jharkhand State Pollution Control Board,"Residential, Rural and other Areas",19,36,223,NA
402,23-06-14,Jharkhand,Ranchi,"Albert Ekka Chowk, Main Road, Ranchi",Jharkhand State Pollution Control Board,"Residential, Rural and other Areas",18,38,236,NA
402,26-06-14,Jharkhand,Ranchi,"Albert Ekka Chowk, Main Road, Ranchi",Jharkhand State Pollution Control Board,"Residential, Rural and other Areas",20,39,155,NA
46,01-04-14,Jharkhand,Sindri,"BIT, Sindri",Jharkhand State Pollution Control Board,Industrial Area,17,37,223,NA
46,01-09-14,Jharkhand,Sindri,"BIT, Sindri",Jharkhand State Pollution Control Board,Industrial Area,15,34,163,NA
46,01-11-14,Jharkhand,Sindri,"BIT, Sindri",Jharkhand State Pollution Control Board,Industrial Area,16,39,189,NA
46,16-01-14,Jharkhand,Sindri,"BIT, Sindri",Jharkhand State Pollution Control Board,Industrial Area,15,39,177,NA
46,18-01-14,Jharkhand,Sindri,"BIT, Sindri",Jharkhand State Pollution Control Board,Industrial Area,15,33,164,NA
46,22-01-14,Jharkhand,Sindri,"BIT, Sindri",Jharkhand State Pollution Control Board,Industrial Area,17,36,156,NA
46,25-01-14,Jharkhand,Sindri,"BIT, Sindri",Jharkhand State Pollution Control Board,Industrial Area,14,34,186,NA
46,28-01-14,Jharkhand,Sindri,"BIT, Sindri",Jharkhand State Pollution Control Board,Industrial Area,15,41,164,NA
46,30-01-14,Jharkhand,Sindri,"BIT, Sindri",Jharkhand State Pollution Control Board,Industrial Area,15,37,240,NA
46,02-06-14,Jharkhand,Sindri,"BIT, Sindri",Jharkhand State Pollution Control Board,Industrial Area,15,37,240,NA
46,02-08-14,Jharkhand,Sindri,"BIT, Sindri",Jharkhand State Pollution Control Board,Industrial Area,14,30,140,NA
46,02-11-14,Jharkhand,Sindri,"BIT, Sindri",Jharkhand State Pollution Control Board,Industrial Area,14,41,134,NA
46,13-02-14,Jharkhand,Sindri,"BIT, Sindri",Jharkhand State Pollution Control Board,Industrial Area,13,33,159,NA
46,18-02-14,Jharkhand,Sindri,"BIT, Sindri",Jharkhand State Pollution Control Board,Industrial Area,14,37,138,NA
46,07-01-14,Jharkhand,Sindri,"BIT, Sindri",Jharkhand State Pollution Control Board,Industrial Area,21,35,79,NA
46,07-03-14,Jharkhand,Sindri,"BIT, Sindri",Jharkhand State Pollution Control Board,Industrial Area,13,32,81,NA
46,07-07-14,Jharkhand,Sindri,"BIT, Sindri",Jharkhand State Pollution Control Board,Industrial Area,14,34,72,NA
46,07-11-14,Jharkhand,Sindri,"BIT, Sindri",Jharkhand State Pollution Control Board,Industrial Area,14,39,74,NA
46,16-07-14,Jharkhand,Sindri,"BIT, Sindri",Jharkhand State Pollution Control Board,Industrial Area,15,32,64,NA
46,18-07-14,Jharkhand,Sindri,"BIT, Sindri",Jharkhand State Pollution Control Board,Industrial Area,15,37,81,NA
46,21-07-14,Jharkhand,Sindri,"BIT, Sindri",Jharkhand State Pollution Control Board,Industrial Area,14,33,75,NA
46,25-07-14,Jharkhand,Sindri,"BIT, Sindri",Jharkhand State Pollution Control Board,Industrial Area,16,36,60,NA
46,30-07-14,Jharkhand,Sindri,"BIT, Sindri",Jharkhand State Pollution Control Board,Industrial Area,15,34,77,NA
46,08-04-14,Jharkhand,Sindri,"BIT, Sindri",Jharkhand State Pollution Control Board,Industrial Area,12,35,67,NA
46,08-06-14,Jharkhand,Sindri,"BIT, Sindri",Jharkhand State Pollution Control Board,Industrial Area,16,34,84,NA
46,08-08-14,Jharkhand,Sindri,"BIT, Sindri",Jharkhand State Pollution Control Board,Industrial Area,10,34,54,NA
46,08-11-14,Jharkhand,Sindri,"BIT, Sindri",Jharkhand State Pollution Control Board,Industrial Area,15,39,68,NA
46,13-08-14,Jharkhand,Sindri,"BIT, Sindri",Jharkhand State Pollution Control Board,Industrial Area,12,34,69,NA
46,19-08-14,Jharkhand,Sindri,"BIT, Sindri",Jharkhand State Pollution Control Board,Industrial Area,9,32,46,NA
46,22-08-14,Jharkhand,Sindri,"BIT, Sindri",Jharkhand State Pollution Control Board,Industrial Area,11,34,67,NA
46,25-08-14,Jharkhand,Sindri,"BIT, Sindri",Jharkhand State Pollution Control Board,Industrial Area,14,38,68,NA
46,27-08-14,Jharkhand,Sindri,"BIT, Sindri",Jharkhand State Pollution Control Board,Industrial Area,11,37,71,NA
46,09-03-14,Jharkhand,Sindri,"BIT, Sindri",Jharkhand State Pollution Control Board,Industrial Area,11,33,74,NA
46,09-08-14,Jharkhand,Sindri,"BIT, Sindri",Jharkhand State Pollution Control Board,Industrial Area,11,36,76,NA
46,09-10-14,Jharkhand,Sindri,"BIT, Sindri",Jharkhand State Pollution Control Board,Industrial Area,15,38,74,NA
46,09-12-14,Jharkhand,Sindri,"BIT, Sindri",Jharkhand State Pollution Control Board,Industrial Area,11,37,79,NA
46,15-09-14,Jharkhand,Sindri,"BIT, Sindri",Jharkhand State Pollution Control Board,Industrial Area,12,34,468,NA
46,19-09-14,Jharkhand,Sindri,"BIT, Sindri",Jharkhand State Pollution Control Board,Industrial Area,14,38,135,NA
46,22-09-14,Jharkhand,Sindri,"BIT, Sindri",Jharkhand State Pollution Control Board,Industrial Area,13,35,75,NA
46,26-09-14,Jharkhand,Sindri,"BIT, Sindri",Jharkhand State Pollution Control Board,Industrial Area,14,38,66,NA
46,29-09-14,Jharkhand,Sindri,"BIT, Sindri",Jharkhand State Pollution Control Board,Industrial Area,13,35,79,NA
46,10-08-14,Jharkhand,Sindri,"BIT, Sindri",Jharkhand State Pollution Control Board,Industrial Area,13,37,68,NA
46,10-10-14,Jharkhand,Sindri,"BIT, Sindri",Jharkhand State Pollution Control Board,Industrial Area,11,38,73,NA
46,13-10-14,Jharkhand,Sindri,"BIT, Sindri",Jharkhand State Pollution Control Board,Industrial Area,14,38,68,NA
46,15-10-14,Jharkhand,Sindri,"BIT, Sindri",Jharkhand State Pollution Control Board,Industrial Area,10,38,80,NA
46,17-10-14,Jharkhand,Sindri,"BIT, Sindri",Jharkhand State Pollution Control Board,Industrial Area,12,37,77,NA
46,20-10-14,Jharkhand,Sindri,"BIT, Sindri",Jharkhand State Pollution Control Board,Industrial Area,13,37,70,NA
46,21-10-14,Jharkhand,Sindri,"BIT, Sindri",Jharkhand State Pollution Control Board,Industrial Area,13,36,62,NA
46,30-10-14,Jharkhand,Sindri,"BIT, Sindri",Jharkhand State Pollution Control Board,Industrial Area,NA,NA,65,NA
46,11-07-14,Jharkhand,Sindri,"BIT, Sindri",Jharkhand State Pollution Control Board,Industrial Area,13,37,63,NA
46,11-10-14,Jharkhand,Sindri,"BIT, Sindri",Jharkhand State Pollution Control Board,Industrial Area,11,34,61,NA
46,13-11-14,Jharkhand,Sindri,"BIT, Sindri",Jharkhand State Pollution Control Board,Industrial Area,14,37,75,NA
46,17-11-14,Jharkhand,Sindri,"BIT, Sindri",Jharkhand State Pollution Control Board,Industrial Area,12,37,75,NA
46,19-11-14,Jharkhand,Sindri,"BIT, Sindri",Jharkhand State Pollution Control Board,Industrial Area,14,35,64,NA
46,24-11-14,Jharkhand,Sindri,"BIT, Sindri",Jharkhand State Pollution Control Board,Industrial Area,11,38,69,NA
46,26-11-14,Jharkhand,Sindri,"BIT, Sindri",Jharkhand State Pollution Control Board,Industrial Area,15,37,68,NA
46,28-11-14,Jharkhand,Sindri,"BIT, Sindri",Jharkhand State Pollution Control Board,Industrial Area,11,36,63,NA
46,12-02-14,Jharkhand,Sindri,"BIT, Sindri",Jharkhand State Pollution Control Board,Industrial Area,12,37,81,NA
46,12-05-14,Jharkhand,Sindri,"BIT, Sindri",Jharkhand State Pollution Control Board,Industrial Area,14,34,70,NA
46,12-08-14,Jharkhand,Sindri,"BIT, Sindri",Jharkhand State Pollution Control Board,Industrial Area,14,35,79,NA
46,12-11-14,Jharkhand,Sindri,"BIT, Sindri",Jharkhand State Pollution Control Board,Industrial Area,12,35,70,NA
46,15-12-14,Jharkhand,Sindri,"BIT, Sindri",Jharkhand State Pollution Control Board,Industrial Area,13,36,72,NA
46,17-12-14,Jharkhand,Sindri,"BIT, Sindri",Jharkhand State Pollution Control Board,Industrial Area,13,37,70,NA
46,19-12-14,Jharkhand,Sindri,"BIT, Sindri",Jharkhand State Pollution Control Board,Industrial Area,13,34,64,NA
46,22-12-14,Jharkhand,Sindri,"BIT, Sindri",Jharkhand State Pollution Control Board,Industrial Area,15,40,72,NA
46,26-12-14,Jharkhand,Sindri,"BIT, Sindri",Jharkhand State Pollution Control Board,Industrial Area,14,37,71,NA
46,29-12-14,Jharkhand,Sindri,"BIT, Sindri",Jharkhand State Pollution Control Board,Industrial Area,11,38,69,NA
