Sampling Date,State,City/Town/Village/Area,Location of Monitoring Station,Type of Location,SO2,NO2,RSPM/PM10,SPM
8/1/2005,Himachal Pradesh,Baddi,Industry Department,Industrial Areas,NA,NA,NA,137
8/2/2005,Himachal Pradesh,Baddi,Industry Department,Industrial Areas,NA,12.9,NA,144
8/3/2005,Himachal Pradesh,Baddi,Industry Department,Industrial Areas,NA,NA,NA,195
8/4/2005,Himachal Pradesh,Baddi,Industry Department,Industrial Areas,NA,NA,NA,163
8/5/2005,Himachal Pradesh,Baddi,Industry Department,Industrial Areas,NA,9.4,NA,107
8/6/2005,Himachal Pradesh,Baddi,Industry Department,Industrial Areas,NA,10.8,NA,97
8/8/2005,Himachal Pradesh,Baddi,Industry Department,Industrial Areas,NA,9.9,NA,170
8/9/2005,Himachal Pradesh,Baddi,Industry Department,Industrial Areas,NA,12.1,NA,175
8/10/2005,Himachal Pradesh,Baddi,Industry Department,Industrial Areas,NA,NA,NA,166
8/11/2005,Himachal Pradesh,Baddi,Industry Department,Industrial Areas,NA,NA,NA,202
8/12/2005,Himachal Pradesh,Baddi,Industry Department,Industrial Areas,NA,10.2,NA,182
13-08-05,Himachal Pradesh,Baddi,Industry Department,Industrial Areas,NA,NA,NA,248
15-08-05,Himachal Pradesh,Baddi,Industry Department,Industrial Areas,NA,11.7,NA,204
16-08-05,Himachal Pradesh,Baddi,Industry Department,Industrial Areas,NA,9.7,NA,91
17-08-05,Himachal Pradesh,Baddi,Industry Department,Industrial Areas,NA,10.5,NA,143
18-08-05,Himachal Pradesh,Baddi,Industry Department,Industrial Areas,NA,12.7,NA,113
19-08-05,Himachal Pradesh,Baddi,Industry Department,Industrial Areas,NA,NA,NA,156
20-08-05,Himachal Pradesh,Baddi,Industry Department,Industrial Areas,NA,NA,NA,180
22-08-05,Himachal Pradesh,Baddi,Industry Department,Industrial Areas,NA,NA,NA,176
23-08-05,Himachal Pradesh,Baddi,Industry Department,Industrial Areas,NA,NA,NA,226
24-08-05,Himachal Pradesh,Baddi,Industry Department,Industrial Areas,NA,NA,NA,161
25-08-05,Himachal Pradesh,Baddi,Industry Department,Industrial Areas,NA,NA,NA,384
26-08-05,Himachal Pradesh,Baddi,Industry Department,Industrial Areas,NA,NA,NA,297
27-08-05,Himachal Pradesh,Baddi,Industry Department,Industrial Areas,NA,NA,NA,234
29-08-05,Himachal Pradesh,Baddi,Industry Department,Industrial Areas,NA,NA,NA,135
30-08-05,Himachal Pradesh,Baddi,Industry Department,Industrial Areas,NA,NA,NA,197
31-08-05,Himachal Pradesh,Baddi,Industry Department,Industrial Areas,NA,NA,NA,180
9/1/2005,Himachal Pradesh,Baddi,Industry Department,Industrial Areas,NA,NA,NA,225
9/2/2005,Himachal Pradesh,Baddi,Industry Department,Industrial Areas,NA,NA,NA,229
9/3/2005,Himachal Pradesh,Baddi,Industry Department,Industrial Areas,NA,NA,NA,189
9/5/2005,Himachal Pradesh,Baddi,Industry Department,Industrial Areas,NA,NA,NA,135
9/6/2005,Himachal Pradesh,Baddi,Industry Department,Industrial Areas,NA,NA,NA,134
9/7/2005,Himachal Pradesh,Baddi,Industry Department,Industrial Areas,NA,NA,NA,131
9/8/2005,Himachal Pradesh,Baddi,Industry Department,Industrial Areas,NA,NA,NA,135
9/9/2005,Himachal Pradesh,Baddi,Industry Department,Industrial Areas,NA,NA,NA,93
9/12/2005,Himachal Pradesh,Baddi,Industry Department,Industrial Areas,NA,NA,NA,84
13-09-05,Himachal Pradesh,Baddi,Industry Department,Industrial Areas,NA,NA,NA,102
14-09-05,Himachal Pradesh,Baddi,Industry Department,Industrial Areas,NA,NA,NA,100
15-09-05,Himachal Pradesh,Baddi,Industry Department,Industrial Areas,NA,NA,NA,154
16-09-05,Himachal Pradesh,Baddi,Industry Department,Industrial Areas,NA,9.1,NA,248
19-09-05,Himachal Pradesh,Baddi,Industry Department,Industrial Areas,NA,NA,NA,147
20-09-05,Himachal Pradesh,Baddi,Industry Department,Industrial Areas,NA,NA,NA,208
21-09-05,Himachal Pradesh,Baddi,Industry Department,Industrial Areas,NA,NA,NA,154
22-09-05,Himachal Pradesh,Baddi,Industry Department,Industrial Areas,NA,NA,NA,143
23-09-05,Himachal Pradesh,Baddi,Industry Department,Industrial Areas,NA,NA,NA,156
24-09-05,Himachal Pradesh,Baddi,Industry Department,Industrial Areas,NA,NA,NA,130
26-09-05,Himachal Pradesh,Baddi,Industry Department,Industrial Areas,NA,NA,NA,186
27-09-05,Himachal Pradesh,Baddi,Industry Department,Industrial Areas,NA,NA,NA,144
28-09-05,Himachal Pradesh,Baddi,Industry Department,Industrial Areas,NA,NA,NA,162
29-09-05,Himachal Pradesh,Baddi,Industry Department,Industrial Areas,NA,NA,NA,229
30-09-05,Himachal Pradesh,Baddi,Industry Department,Industrial Areas,NA,NA,NA,209
10/1/2005,Himachal Pradesh,Baddi,Industry Department,Industrial Areas,NA,NA,NA,264
10/3/2005,Himachal Pradesh,Baddi,Industry Department,Industrial Areas,NA,NA,NA,187
10/4/2005,Himachal Pradesh,Baddi,Industry Department,Industrial Areas,NA,11.7,NA,405
10/5/2005,Himachal Pradesh,Baddi,Industry Department,Industrial Areas,NA,NA,NA,302
10/6/2005,Himachal Pradesh,Baddi,Industry Department,Industrial Areas,NA,NA,NA,329
10/7/2005,Himachal Pradesh,Baddi,Industry Department,Industrial Areas,NA,NA,NA,353
10/8/2005,Himachal Pradesh,Baddi,Industry Department,Industrial Areas,NA,9.6,NA,304
10/10/2005,Himachal Pradesh,Baddi,Industry Department,Industrial Areas,NA,NA,NA,279
10/11/2005,Himachal Pradesh,Baddi,Industry Department,Industrial Areas,NA,NA,NA,376
10/12/2005,Himachal Pradesh,Baddi,Industry Department,Industrial Areas,NA,9.9,NA,244
13-10-05,Himachal Pradesh,Baddi,Industry Department,Industrial Areas,NA,NA,NA,280
14-10-05,Himachal Pradesh,Baddi,Industry Department,Industrial Areas,NA,NA,NA,320
15-10-05,Himachal Pradesh,Baddi,Industry Department,Industrial Areas,NA,NA,NA,339
17-10-05,Himachal Pradesh,Baddi,Industry Department,Industrial Areas,NA,10.6,NA,308
18-10-05,Himachal Pradesh,Baddi,Industry Department,Industrial Areas,NA,11.3,NA,277
19-10-05,Himachal Pradesh,Baddi,Industry Department,Industrial Areas,NA,9.4,NA,330
20-10-05,Himachal Pradesh,Baddi,Industry Department,Industrial Areas,NA,NA,NA,305
21-10-05,Himachal Pradesh,Baddi,Industry Department,Industrial Areas,NA,9.2,NA,352
22-10-05,Himachal Pradesh,Baddi,Industry Department,Industrial Areas,NA,NA,NA,392
24-10-05,Himachal Pradesh,Baddi,Industry Department,Industrial Areas,NA,NA,NA,410
25-10-05,Himachal Pradesh,Baddi,Industry Department,Industrial Areas,NA,NA,NA,338
26-10-05,Himachal Pradesh,Baddi,Industry Department,Industrial Areas,NA,9.7,NA,357
27-10-05,Himachal Pradesh,Baddi,Industry Department,Industrial Areas,NA,9.2,NA,430
28-10-05,Himachal Pradesh,Baddi,Industry Department,Industrial Areas,NA,NA,NA,368
29-10-05,Himachal Pradesh,Baddi,Industry Department,Industrial Areas,NA,NA,NA,454
31-10-05,Himachal Pradesh,Baddi,Industry Department,Industrial Areas,NA,NA,NA,347
11/2/2005,Himachal Pradesh,Baddi,Industry Department,Industrial Areas,NA,NA,NA,256
11/3/2005,Himachal Pradesh,Baddi,Industry Department,Industrial Areas,NA,NA,NA,246
11/4/2005,Himachal Pradesh,Baddi,Industry Department,Industrial Areas,NA,15.3,NA,275
11/5/2005,Himachal Pradesh,Baddi,Industry Department,Industrial Areas,NA,NA,NA,426
11/7/2005,Himachal Pradesh,Baddi,Industry Department,Industrial Areas,NA,NA,NA,375
11/8/2005,Himachal Pradesh,Baddi,Industry Department,Industrial Areas,NA,NA,NA,366
11/9/2005,Himachal Pradesh,Baddi,Industry Department,Industrial Areas,NA,NA,NA,369
11/10/2005,Himachal Pradesh,Baddi,Industry Department,Industrial Areas,NA,NA,NA,389
11/11/2005,Himachal Pradesh,Baddi,Industry Department,Industrial Areas,NA,NA,NA,423
11/12/2005,Himachal Pradesh,Baddi,Industry Department,Industrial Areas,NA,NA,NA,387
14-11-05,Himachal Pradesh,Baddi,Industry Department,Industrial Areas,NA,NA,NA,382
15-11-05,Himachal Pradesh,Baddi,Industry Department,Industrial Areas,NA,NA,NA,356
16-11-05,Himachal Pradesh,Baddi,Industry Department,Industrial Areas,NA,NA,NA,285
17-11-05,Himachal Pradesh,Baddi,Industry Department,Industrial Areas,4.2,14.8,NA,259
18-11-05,Himachal Pradesh,Baddi,Industry Department,Industrial Areas,NA,9.9,NA,260
19-11-05,Himachal Pradesh,Baddi,Industry Department,Industrial Areas,NA,10.5,NA,530
21-11-05,Himachal Pradesh,Baddi,Industry Department,Industrial Areas,4.2,23.8,NA,365
22-11-05,Himachal Pradesh,Baddi,Industry Department,Industrial Areas,NA,14.9,NA,342
23-11-05,Himachal Pradesh,Baddi,Industry Department,Industrial Areas,NA,12,NA,290
24-11-05,Himachal Pradesh,Baddi,Industry Department,Industrial Areas,NA,10.3,NA,302
25-11-05,Himachal Pradesh,Baddi,Industry Department,Industrial Areas,NA,11.5,NA,293
26-11-05,Himachal Pradesh,Baddi,Industry Department,Industrial Areas,NA,NA,NA,243
28-11-05,Himachal Pradesh,Baddi,Industry Department,Industrial Areas,NA,10.3,NA,352
29-11-05,Himachal Pradesh,Baddi,Industry Department,Industrial Areas,NA,10,NA,337
30-11-05,Himachal Pradesh,Baddi,Industry Department,Industrial Areas,NA,NA,NA,369
12/2/2005,Himachal Pradesh,Baddi,Industry Department,Industrial Areas,4.2,12.9,NA,330
12/3/2005,Himachal Pradesh,Baddi,Industry Department,Industrial Areas,NA,11.9,NA,399
12/5/2005,Himachal Pradesh,Baddi,Industry Department,Industrial Areas,NA,9.6,NA,359
12/6/2005,Himachal Pradesh,Baddi,Industry Department,Industrial Areas,NA,12.3,NA,353
12/7/2005,Himachal Pradesh,Baddi,Industry Department,Industrial Areas,4.4,NA,NA,341
12/8/2005,Himachal Pradesh,Baddi,Industry Department,Industrial Areas,NA,NA,NA,314
12/9/2005,Himachal Pradesh,Baddi,Industry Department,Industrial Areas,NA,12.4,NA,396
12/10/2005,Himachal Pradesh,Baddi,Industry Department,Industrial Areas,NA,11.5,NA,390
12/12/2005,Himachal Pradesh,Baddi,Industry Department,Industrial Areas,NA,NA,NA,501
13-12-05,Himachal Pradesh,Baddi,Industry Department,Industrial Areas,NA,10.6,NA,402
19-12-05,Himachal Pradesh,Baddi,Industry Department,Industrial Areas,NA,10.5,NA,322
20-12-05,Himachal Pradesh,Baddi,Industry Department,Industrial Areas,NA,11.5,NA,271
21-12-05,Himachal Pradesh,Baddi,Industry Department,Industrial Areas,NA,10.6,NA,320
22-12-05,Himachal Pradesh,Baddi,Industry Department,Industrial Areas,NA,11.7,NA,397
23-12-05,Himachal Pradesh,Baddi,Industry Department,Industrial Areas,NA,14,NA,162
24-12-05,Himachal Pradesh,Baddi,Industry Department,Industrial Areas,NA,11.2,NA,293
26-12-05,Himachal Pradesh,Baddi,Industry Department,Industrial Areas,NA,10.4,NA,289
27-12-05,Himachal Pradesh,Baddi,Industry Department,Industrial Areas,NA,12.1,NA,247
28-12-05,Himachal Pradesh,Baddi,Industry Department,Industrial Areas,NA,12.1,NA,440
29-12-05,Himachal Pradesh,Baddi,Industry Department,Industrial Areas,NA,12.1,NA,688
30-12-05,Himachal Pradesh,Baddi,Industry Department,Industrial Areas,NA,11.8,NA,600
31-12-05,Himachal Pradesh,Baddi,Industry Department,Industrial Areas,NA,12.3,NA,527
1/1/2005,Himachal Pradesh,Damtal,Old Road,Residential and others,4.7,23,NA,205
1/3/2005,Himachal Pradesh,Damtal,Old Road,Residential and others,4.9,14.2,NA,224
1/4/2005,Himachal Pradesh,Damtal,Old Road,Residential and others,5.5,22.9,NA,183
1/6/2005,Himachal Pradesh,Damtal,Old Road,Residential and others,5.3,22.6,NA,210
1/8/2005,Himachal Pradesh,Damtal,Old Road,Residential and others,5.8,23.6,NA,268
1/11/2005,Himachal Pradesh,Damtal,Old Road,Residential and others,5.2,18.5,NA,205
2/5/2005,Himachal Pradesh,Damtal,Old Road,Residential and others,6.9,19.1,NA,232
2/12/2005,Himachal Pradesh,Damtal,Old Road,Residential and others,5.8,17.6,NA,165
3/2/2005,Himachal Pradesh,Damtal,Old Road,Residential and others,5.9,16.3,NA,150
3/3/2005,Himachal Pradesh,Damtal,Old Road,Residential and others,4.1,14.9,NA,223
3/5/2005,Himachal Pradesh,Damtal,Old Road,Residential and others,7.4,23.9,NA,255
3/8/2005,Himachal Pradesh,Damtal,Old Road,Residential and others,6.1,16,NA,263
3/10/2005,Himachal Pradesh,Damtal,Old Road,Residential and others,6.7,19.4,NA,240
3/12/2005,Himachal Pradesh,Damtal,Old Road,Residential and others,6.8,21.8,NA,250
4/2/2005,Himachal Pradesh,Damtal,Old Road,Residential and others,6.2,19,NA,197
4/5/2005,Himachal Pradesh,Damtal,Old Road,Residential and others,6.1,19.7,NA,218
4/7/2005,Himachal Pradesh,Damtal,Old Road,Residential and others,6.7,20.9,NA,206
4/9/2005,Himachal Pradesh,Damtal,Old Road,Residential and others,8.6,25.8,NA,279
4/12/2005,Himachal Pradesh,Damtal,Old Road,Residential and others,6.8,21,NA,243
5/3/2005,Himachal Pradesh,Damtal,Old Road,Residential and others,5.4,16.8,NA,223
5/5/2005,Himachal Pradesh,Damtal,Old Road,Residential and others,7.1,23.6,NA,244
5/7/2005,Himachal Pradesh,Damtal,Old Road,Residential and others,7.4,25.4,NA,226
5/10/2005,Himachal Pradesh,Damtal,Old Road,Residential and others,NA,NA,NA,166
5/12/2005,Himachal Pradesh,Damtal,Old Road,Residential and others,6.7,20.8,NA,218
8/2/2005,Himachal Pradesh,Damtal,Old Road,Residential and others,6,17.3,NA,297
8/4/2005,Himachal Pradesh,Damtal,Old Road,Residential and others,4.1,17.1,NA,208
8/6/2005,Himachal Pradesh,Damtal,Old Road,Residential and others,4.1,16.8,NA,223
8/9/2005,Himachal Pradesh,Damtal,Old Road,Residential and others,5.9,18,NA,127
8/11/2005,Himachal Pradesh,Damtal,Old Road,Residential and others,5.6,20.8,NA,172
13-08-05,Himachal Pradesh,Damtal,Old Road,Residential and others,5.5,20.3,NA,212
16-08-05,Himachal Pradesh,Damtal,Old Road,Residential and others,5.5,20.2,NA,130
18-08-05,Himachal Pradesh,Damtal,Old Road,Residential and others,4.1,15,NA,215
20-08-05,Himachal Pradesh,Damtal,Old Road,Residential and others,5.4,17.1,NA,173
27-08-05,Himachal Pradesh,Damtal,Old Road,Residential and others,6.6,19.8,NA,219
30-08-05,Himachal Pradesh,Damtal,Old Road,Residential and others,6.6,19.9,NA,198
1/3/2005,Himachal Pradesh,Damtal,Regional Office,Residential and others,3.7,18.1,NA,129
1/5/2005,Himachal Pradesh,Damtal,Regional Office,Residential and others,4.8,21,NA,212
1/7/2005,Himachal Pradesh,Damtal,Regional Office,Residential and others,5.2,16.9,NA,128
2/4/2005,Himachal Pradesh,Damtal,Regional Office,Residential and others,3.8,13.9,NA,143
3/1/2005,Himachal Pradesh,Damtal,Regional Office,Residential and others,3.7,18.1,NA,129
3/2/2005,Himachal Pradesh,Damtal,Regional Office,Residential and others,5.3,15,NA,151
3/4/2005,Himachal Pradesh,Damtal,Regional Office,Residential and others,4.6,13.5,NA,143
3/7/2005,Himachal Pradesh,Damtal,Regional Office,Residential and others,5.2,15.8,NA,173
4/1/2005,Himachal Pradesh,Damtal,Regional Office,Residential and others,4.5,18.8,NA,132
4/4/2005,Himachal Pradesh,Damtal,Regional Office,Residential and others,4.6,16.8,NA,159
4/6/2005,Himachal Pradesh,Damtal,Regional Office,Residential and others,4.7,16.6,NA,144
4/8/2005,Himachal Pradesh,Damtal,Regional Office,Residential and others,5.4,20.8,NA,249
5/2/2005,Himachal Pradesh,Damtal,Regional Office,Residential and others,5.7,20.5,NA,162
5/4/2005,Himachal Pradesh,Damtal,Regional Office,Residential and others,6.2,18.8,NA,148
5/6/2005,Himachal Pradesh,Damtal,Regional Office,Residential and others,4.1,17.9,NA,188
5/11/2005,Himachal Pradesh,Damtal,Regional Office,Residential and others,5.9,20.8,NA,206
6/3/2005,Himachal Pradesh,Damtal,Regional Office,Residential and others,6.3,22.7,NA,178
6/6/2005,Himachal Pradesh,Damtal,Regional Office,Residential and others,6.6,23.6,NA,187
6/8/2005,Himachal Pradesh,Damtal,Regional Office,Residential and others,6.2,23.8,NA,184
7/1/2005,Himachal Pradesh,Damtal,Regional Office,Residential and others,3.9,16.4,NA,120
7/4/2005,Himachal Pradesh,Damtal,Regional Office,Residential and others,3.9,17.1,NA,179
7/8/2005,Himachal Pradesh,Damtal,Regional Office,Residential and others,3.4,13.3,NA,154
7/11/2005,Himachal Pradesh,Damtal,Regional Office,Residential and others,4.9,15.5,NA,159
29-07-05,Himachal Pradesh,Damtal,Regional Office,Residential and others,4.7,15.3,NA,135
8/1/2005,Himachal Pradesh,Damtal,Regional Office,Residential and others,4.2,17.8,NA,158
8/3/2005,Himachal Pradesh,Damtal,Regional Office,Residential and others,4.6,16.7,NA,129
8/5/2005,Himachal Pradesh,Damtal,Regional Office,Residential and others,4.4,13.2,NA,136
8/8/2005,Himachal Pradesh,Damtal,Regional Office,Residential and others,4.1,15.9,NA,199
8/10/2005,Himachal Pradesh,Damtal,Regional Office,Residential and others,5,16.3,NA,103
8/12/2005,Himachal Pradesh,Damtal,Regional Office,Residential and others,5.4,16.9,NA,110
17-08-05,Himachal Pradesh,Damtal,Regional Office,Residential and others,4,15.3,NA,120
19-08-05,Himachal Pradesh,Damtal,Regional Office,Residential and others,NA,17.3,NA,122
22-08-05,Himachal Pradesh,Damtal,Regional Office,Residential and others,NA,18.8,NA,167
26-08-05,Himachal Pradesh,Damtal,Regional Office,Residential and others,6.2,21.8,NA,170
29-08-05,Himachal Pradesh,Damtal,Regional Office,Residential and others,5.3,17.6,NA,132
31-08-05,Himachal Pradesh,Damtal,Regional Office,Residential and others,5.1,16.3,NA,112
4/2/2005,Himachal Pradesh,Paonta Sahib,Gondpur Indl. Area,Industrial Areas,NA,15.1,NA,407
4/7/2005,Himachal Pradesh,Paonta Sahib,Gondpur Indl. Area,Industrial Areas,2.8,18.4,NA,466
4/12/2005,Himachal Pradesh,Paonta Sahib,Gondpur Indl. Area,Industrial Areas,4.8,19.5,NA,781
16-04-05,Himachal Pradesh,Paonta Sahib,Gondpur Indl. Area,Industrial Areas,4.3,21.3,NA,657
19-04-05,Himachal Pradesh,Paonta Sahib,Gondpur Indl. Area,Industrial Areas,4.3,19.4,NA,402
23-04-05,Himachal Pradesh,Paonta Sahib,Gondpur Indl. Area,Industrial Areas,4.6,19.9,NA,543
26-04-05,Himachal Pradesh,Paonta Sahib,Gondpur Indl. Area,Industrial Areas,4.8,20.1,NA,297
28-04-05,Himachal Pradesh,Paonta Sahib,Gondpur Indl. Area,Industrial Areas,3.8,20.7,NA,432
30-04-05,Himachal Pradesh,Paonta Sahib,Gondpur Indl. Area,Industrial Areas,NA,18.3,NA,506
5/3/2005,Himachal Pradesh,Paonta Sahib,Gondpur Indl. Area,Industrial Areas,NA,NA,NA,203
5/5/2005,Himachal Pradesh,Paonta Sahib,Gondpur Indl. Area,Industrial Areas,4,19.2,NA,408
17-05-05,Himachal Pradesh,Paonta Sahib,Gondpur Indl. Area,Industrial Areas,NA,NA,NA,218
21-05-05,Himachal Pradesh,Paonta Sahib,Gondpur Indl. Area,Industrial Areas,NA,NA,NA,293
24-05-05,Himachal Pradesh,Paonta Sahib,Gondpur Indl. Area,Industrial Areas,NA,NA,NA,324
26-05-05,Himachal Pradesh,Paonta Sahib,Gondpur Indl. Area,Industrial Areas,NA,NA,NA,481
6/2/2005,Himachal Pradesh,Paonta Sahib,Gondpur Indl. Area,Industrial Areas,NA,NA,NA,255
6/4/2005,Himachal Pradesh,Paonta Sahib,Gondpur Indl. Area,Industrial Areas,NA,NA,NA,290
6/7/2005,Himachal Pradesh,Paonta Sahib,Gondpur Indl. Area,Industrial Areas,NA,NA,NA,276
14-06-05,Himachal Pradesh,Paonta Sahib,Gondpur Indl. Area,Industrial Areas,NA,NA,NA,639
16-06-05,Himachal Pradesh,Paonta Sahib,Gondpur Indl. Area,Industrial Areas,NA,NA,NA,849
18-06-05,Himachal Pradesh,Paonta Sahib,Gondpur Indl. Area,Industrial Areas,NA,NA,NA,803
21-06-05,Himachal Pradesh,Paonta Sahib,Gondpur Indl. Area,Industrial Areas,3.6,29.1,NA,964
23-06-05,Himachal Pradesh,Paonta Sahib,Gondpur Indl. Area,Industrial Areas,NA,26.8,NA,450
25-06-05,Himachal Pradesh,Paonta Sahib,Gondpur Indl. Area,Industrial Areas,NA,15.9,NA,280
30-06-05,Himachal Pradesh,Paonta Sahib,Gondpur Indl. Area,Industrial Areas,4,14,NA,123
7/2/2005,Himachal Pradesh,Paonta Sahib,Gondpur Indl. Area,Industrial Areas,NA,11.2,NA,191
7/5/2005,Himachal Pradesh,Paonta Sahib,Gondpur Indl. Area,Industrial Areas,4,22.5,NA,275
7/12/2005,Himachal Pradesh,Paonta Sahib,Gondpur Indl. Area,Industrial Areas,NA,11.8,NA,210
16-07-05,Himachal Pradesh,Paonta Sahib,Gondpur Indl. Area,Industrial Areas,NA,NA,NA,147
21-07-05,Himachal Pradesh,Paonta Sahib,Gondpur Indl. Area,Industrial Areas,NA,11.5,NA,405
23-07-05,Himachal Pradesh,Paonta Sahib,Gondpur Indl. Area,Industrial Areas,NA,11,NA,251
26-07-05,Himachal Pradesh,Paonta Sahib,Gondpur Indl. Area,Industrial Areas,NA,10.1,NA,194
30-07-05,Himachal Pradesh,Paonta Sahib,Gondpur Indl. Area,Industrial Areas,NA,10.6,NA,202
8/2/2005,Himachal Pradesh,Paonta Sahib,Gondpur Indl. Area,Industrial Areas,NA,15.9,NA,78
8/4/2005,Himachal Pradesh,Paonta Sahib,Gondpur Indl. Area,Industrial Areas,NA,14.1,NA,135
8/6/2005,Himachal Pradesh,Paonta Sahib,Gondpur Indl. Area,Industrial Areas,NA,13.3,NA,177
8/9/2005,Himachal Pradesh,Paonta Sahib,Gondpur Indl. Area,Industrial Areas,NA,12.4,NA,256
8/11/2005,Himachal Pradesh,Paonta Sahib,Gondpur Indl. Area,Industrial Areas,NA,15.5,NA,271
18-08-05,Himachal Pradesh,Paonta Sahib,Gondpur Indl. Area,Industrial Areas,NA,16.8,NA,378
20-08-05,Himachal Pradesh,Paonta Sahib,Gondpur Indl. Area,Industrial Areas,NA,12,NA,350
23-08-05,Himachal Pradesh,Paonta Sahib,Gondpur Indl. Area,Industrial Areas,NA,18,NA,243
25-08-05,Himachal Pradesh,Paonta Sahib,Gondpur Indl. Area,Industrial Areas,NA,13.4,NA,407
27-08-05,Himachal Pradesh,Paonta Sahib,Gondpur Indl. Area,Industrial Areas,NA,15.3,NA,226
30-08-05,Himachal Pradesh,Paonta Sahib,Gondpur Indl. Area,Industrial Areas,NA,15.6,NA,255
9/1/2005,Himachal Pradesh,Paonta Sahib,Gondpur Indl. Area,Industrial Areas,NA,11.5,NA,347
9/3/2005,Himachal Pradesh,Paonta Sahib,Gondpur Indl. Area,Industrial Areas,2.4,13,NA,313
9/6/2005,Himachal Pradesh,Paonta Sahib,Gondpur Indl. Area,Industrial Areas,NA,15.2,NA,223
9/8/2005,Himachal Pradesh,Paonta Sahib,Gondpur Indl. Area,Industrial Areas,NA,11.4,NA,260
13-09-05,Himachal Pradesh,Paonta Sahib,Gondpur Indl. Area,Industrial Areas,NA,13.7,NA,194
20-09-05,Himachal Pradesh,Paonta Sahib,Gondpur Indl. Area,Industrial Areas,NA,31.2,NA,74
27-09-05,Himachal Pradesh,Paonta Sahib,Gondpur Indl. Area,Industrial Areas,NA,34.3,NA,132
29-09-05,Himachal Pradesh,Paonta Sahib,Gondpur Indl. Area,Industrial Areas,NA,22.8,NA,155
10/1/2005,Himachal Pradesh,Paonta Sahib,Gondpur Indl. Area,Industrial Areas,NA,12.9,NA,131
10/4/2005,Himachal Pradesh,Paonta Sahib,Gondpur Indl. Area,Industrial Areas,NA,16.8,NA,154
10/8/2005,Himachal Pradesh,Paonta Sahib,Gondpur Indl. Area,Industrial Areas,NA,36.6,NA,284
10/11/2005,Himachal Pradesh,Paonta Sahib,Gondpur Indl. Area,Industrial Areas,NA,28.2,NA,217
13-10-05,Himachal Pradesh,Paonta Sahib,Gondpur Indl. Area,Industrial Areas,NA,25.2,NA,243
15-10-05,Himachal Pradesh,Paonta Sahib,Gondpur Indl. Area,Industrial Areas,NA,16,NA,252
18-10-05,Himachal Pradesh,Paonta Sahib,Gondpur Indl. Area,Industrial Areas,NA,43.9,NA,194
20-10-05,Himachal Pradesh,Paonta Sahib,Gondpur Indl. Area,Industrial Areas,NA,16.8,NA,371
22-10-05,Himachal Pradesh,Paonta Sahib,Gondpur Indl. Area,Industrial Areas,NA,19.3,NA,347
25-10-05,Himachal Pradesh,Paonta Sahib,Gondpur Indl. Area,Industrial Areas,NA,12.2,NA,368
27-10-05,Himachal Pradesh,Paonta Sahib,Gondpur Indl. Area,Industrial Areas,NA,12.2,NA,339
29-10-05,Himachal Pradesh,Paonta Sahib,Gondpur Indl. Area,Industrial Areas,NA,17.5,NA,243
11/3/2005,Himachal Pradesh,Paonta Sahib,Gondpur Indl. Area,Industrial Areas,NA,20.6,NA,462
11/5/2005,Himachal Pradesh,Paonta Sahib,Gondpur Indl. Area,Industrial Areas,NA,18.3,NA,366
11/8/2005,Himachal Pradesh,Paonta Sahib,Gondpur Indl. Area,Industrial Areas,NA,19.4,NA,276
11/10/2005,Himachal Pradesh,Paonta Sahib,Gondpur Indl. Area,Industrial Areas,NA,NA,NA,297
17-11-05,Himachal Pradesh,Paonta Sahib,Gondpur Indl. Area,Industrial Areas,NA,19.8,NA,402
19-11-05,Himachal Pradesh,Paonta Sahib,Gondpur Indl. Area,Industrial Areas,NA,17.5,NA,299
22-11-05,Himachal Pradesh,Paonta Sahib,Gondpur Indl. Area,Industrial Areas,NA,20.6,NA,369
24-11-05,Himachal Pradesh,Paonta Sahib,Gondpur Indl. Area,Industrial Areas,NA,17.4,NA,322
29-11-05,Himachal Pradesh,Paonta Sahib,Gondpur Indl. Area,Industrial Areas,NA,16.8,NA,811
4/1/2005,Himachal Pradesh,Paonta Sahib,Paonta Sahib,Industrial Areas,NA,11.9,NA,216
4/4/2005,Himachal Pradesh,Paonta Sahib,Paonta Sahib,Industrial Areas,NA,NA,NA,276
4/6/2005,Himachal Pradesh,Paonta Sahib,Paonta Sahib,Industrial Areas,2.4,15.1,NA,327
4/8/2005,Himachal Pradesh,Paonta Sahib,Paonta Sahib,Industrial Areas,NA,13.3,NA,724
4/11/2005,Himachal Pradesh,Paonta Sahib,Paonta Sahib,Industrial Areas,NA,14.8,NA,421
13-04-05,Himachal Pradesh,Paonta Sahib,Paonta Sahib,Industrial Areas,NA,10.7,NA,451
20-04-05,Himachal Pradesh,Paonta Sahib,Paonta Sahib,Industrial Areas,NA,11.2,NA,398
25-04-05,Himachal Pradesh,Paonta Sahib,Paonta Sahib,Industrial Areas,NA,11.5,NA,222
27-04-05,Himachal Pradesh,Paonta Sahib,Paonta Sahib,Industrial Areas,NA,11.1,NA,398
29-04-05,Himachal Pradesh,Paonta Sahib,Paonta Sahib,Industrial Areas,NA,11,NA,298
5/2/2005,Himachal Pradesh,Paonta Sahib,Paonta Sahib,Industrial Areas,5.3,14.8,NA,198
5/4/2005,Himachal Pradesh,Paonta Sahib,Paonta Sahib,Industrial Areas,NA,12.9,NA,224
5/6/2005,Himachal Pradesh,Paonta Sahib,Paonta Sahib,Industrial Areas,NA,11.9,NA,138
5/9/2005,Himachal Pradesh,Paonta Sahib,Paonta Sahib,Industrial Areas,NA,14.5,NA,230
5/11/2005,Himachal Pradesh,Paonta Sahib,Paonta Sahib,Industrial Areas,NA,12.3,NA,174
13-05-05,Himachal Pradesh,Paonta Sahib,Paonta Sahib,Industrial Areas,NA,11.8,NA,291
16-05-05,Himachal Pradesh,Paonta Sahib,Paonta Sahib,Industrial Areas,NA,11.6,NA,303
18-05-05,Himachal Pradesh,Paonta Sahib,Paonta Sahib,Industrial Areas,NA,11.8,NA,179
20-05-05,Himachal Pradesh,Paonta Sahib,Paonta Sahib,Industrial Areas,5.3,11,NA,155
25-05-05,Himachal Pradesh,Paonta Sahib,Paonta Sahib,Industrial Areas,NA,12.9,NA,360
27-05-05,Himachal Pradesh,Paonta Sahib,Paonta Sahib,Industrial Areas,NA,13.2,NA,206
30-05-05,Himachal Pradesh,Paonta Sahib,Paonta Sahib,Industrial Areas,NA,11.2,NA,312
6/1/2005,Himachal Pradesh,Paonta Sahib,Paonta Sahib,Industrial Areas,NA,13,NA,325
6/3/2005,Himachal Pradesh,Paonta Sahib,Paonta Sahib,Industrial Areas,NA,14.6,NA,231
6/6/2005,Himachal Pradesh,Paonta Sahib,Paonta Sahib,Industrial Areas,2.9,16.2,NA,289
6/8/2005,Himachal Pradesh,Paonta Sahib,Paonta Sahib,Industrial Areas,NA,NA,NA,255
6/10/2005,Himachal Pradesh,Paonta Sahib,Paonta Sahib,Industrial Areas,7,16.6,NA,NA
15-06-05,Himachal Pradesh,Paonta Sahib,Paonta Sahib,Industrial Areas,7,13.4,NA,769
24-06-05,Himachal Pradesh,Paonta Sahib,Paonta Sahib,Industrial Areas,NA,22.3,NA,281
27-06-05,Himachal Pradesh,Paonta Sahib,Paonta Sahib,Industrial Areas,NA,21.8,NA,145
29-06-05,Himachal Pradesh,Paonta Sahib,Paonta Sahib,Industrial Areas,5.3,30.2,NA,128
7/1/2005,Himachal Pradesh,Paonta Sahib,Paonta Sahib,Industrial Areas,NA,12.7,NA,185
7/4/2005,Himachal Pradesh,Paonta Sahib,Paonta Sahib,Industrial Areas,NA,14.9,NA,208
7/8/2005,Himachal Pradesh,Paonta Sahib,Paonta Sahib,Industrial Areas,NA,16.5,NA,132
13-07-05,Himachal Pradesh,Paonta Sahib,Paonta Sahib,Industrial Areas,NA,13.5,NA,79
18-07-05,Himachal Pradesh,Paonta Sahib,Paonta Sahib,Industrial Areas,NA,12.6,NA,66
20-07-05,Himachal Pradesh,Paonta Sahib,Paonta Sahib,Industrial Areas,NA,15.4,NA,204
22-07-05,Himachal Pradesh,Paonta Sahib,Paonta Sahib,Industrial Areas,NA,17.3,NA,206
25-07-05,Himachal Pradesh,Paonta Sahib,Paonta Sahib,Industrial Areas,NA,13.7,NA,109
8/1/2005,Himachal Pradesh,Paonta Sahib,Paonta Sahib,Industrial Areas,NA,15.1,NA,77
8/3/2005,Himachal Pradesh,Paonta Sahib,Paonta Sahib,Industrial Areas,NA,15,NA,97
8/5/2005,Himachal Pradesh,Paonta Sahib,Paonta Sahib,Industrial Areas,NA,9.7,NA,132
8/8/2005,Himachal Pradesh,Paonta Sahib,Paonta Sahib,Industrial Areas,NA,12.5,NA,118
8/10/2005,Himachal Pradesh,Paonta Sahib,Paonta Sahib,Industrial Areas,NA,12,NA,125
8/12/2005,Himachal Pradesh,Paonta Sahib,Paonta Sahib,Industrial Areas,NA,10.8,NA,133
17-08-05,Himachal Pradesh,Paonta Sahib,Paonta Sahib,Industrial Areas,NA,18.5,NA,73
19-08-05,Himachal Pradesh,Paonta Sahib,Paonta Sahib,Industrial Areas,NA,13.2,NA,121
22-08-05,Himachal Pradesh,Paonta Sahib,Paonta Sahib,Industrial Areas,NA,11.2,NA,138
24-08-05,Himachal Pradesh,Paonta Sahib,Paonta Sahib,Industrial Areas,NA,12.4,NA,161
29-08-05,Himachal Pradesh,Paonta Sahib,Paonta Sahib,Industrial Areas,NA,13.2,NA,210
31-08-05,Himachal Pradesh,Paonta Sahib,Paonta Sahib,Industrial Areas,NA,NA,NA,200
9/2/2005,Himachal Pradesh,Paonta Sahib,Paonta Sahib,Industrial Areas,NA,9.9,NA,198
9/7/2005,Himachal Pradesh,Paonta Sahib,Paonta Sahib,Industrial Areas,NA,9.1,NA,136
9/9/2005,Himachal Pradesh,Paonta Sahib,Paonta Sahib,Industrial Areas,NA,11.9,NA,133
21-09-05,Himachal Pradesh,Paonta Sahib,Paonta Sahib,Industrial Areas,NA,19.8,NA,164
26-09-05,Himachal Pradesh,Paonta Sahib,Paonta Sahib,Industrial Areas,NA,13,NA,123
30-09-05,Himachal Pradesh,Paonta Sahib,Paonta Sahib,Industrial Areas,NA,20.6,NA,167
10/3/2005,Himachal Pradesh,Paonta Sahib,Paonta Sahib,Industrial Areas,NA,11.9,NA,219
10/5/2005,Himachal Pradesh,Paonta Sahib,Paonta Sahib,Industrial Areas,NA,21.3,NA,369
10/7/2005,Himachal Pradesh,Paonta Sahib,Paonta Sahib,Industrial Areas,NA,25.9,NA,210
10/12/2005,Himachal Pradesh,Paonta Sahib,Paonta Sahib,Industrial Areas,NA,29.7,NA,215
17-10-05,Himachal Pradesh,Paonta Sahib,Paonta Sahib,Industrial Areas,NA,28.2,NA,200
19-10-05,Himachal Pradesh,Paonta Sahib,Paonta Sahib,Industrial Areas,NA,16.8,NA,218
21-10-05,Himachal Pradesh,Paonta Sahib,Paonta Sahib,Industrial Areas,NA,25.2,NA,193
24-10-05,Himachal Pradesh,Paonta Sahib,Paonta Sahib,Industrial Areas,NA,23.6,NA,246
26-10-05,Himachal Pradesh,Paonta Sahib,Paonta Sahib,Industrial Areas,NA,18.3,NA,246
28-10-05,Himachal Pradesh,Paonta Sahib,Paonta Sahib,Industrial Areas,NA,24.8,NA,215
31-10-05,Himachal Pradesh,Paonta Sahib,Paonta Sahib,Industrial Areas,NA,30.9,NA,283
11/1/2005,Himachal Pradesh,Paonta Sahib,Paonta Sahib,Industrial Areas,NA,25.2,NA,70
11/7/2005,Himachal Pradesh,Paonta Sahib,Paonta Sahib,Industrial Areas,NA,20.1,NA,225
14-11-05,Himachal Pradesh,Paonta Sahib,Paonta Sahib,Industrial Areas,NA,19.2,NA,357
16-11-05,Himachal Pradesh,Paonta Sahib,Paonta Sahib,Industrial Areas,NA,19.1,NA,329
18-11-05,Himachal Pradesh,Paonta Sahib,Paonta Sahib,Industrial Areas,NA,16.8,NA,234
21-11-05,Himachal Pradesh,Paonta Sahib,Paonta Sahib,Industrial Areas,NA,18.3,NA,382
23-11-05,Himachal Pradesh,Paonta Sahib,Paonta Sahib,Industrial Areas,NA,16,NA,251
25-11-05,Himachal Pradesh,Paonta Sahib,Paonta Sahib,Industrial Areas,NA,17.1,NA,239
28-11-05,Himachal Pradesh,Paonta Sahib,Paonta Sahib,Industrial Areas,NA,12.6,NA,327
12/2/2005,Himachal Pradesh,Paonta Sahib,Paonta Sahib,Industrial Areas,NA,15.3,NA,249
12/5/2005,Himachal Pradesh,Paonta Sahib,Paonta Sahib,Industrial Areas,NA,20.3,NA,265
12/9/2005,Himachal Pradesh,Paonta Sahib,Paonta Sahib,Industrial Areas,NA,20.8,NA,340
23-12-05,Himachal Pradesh,Paonta Sahib,Paonta Sahib,Industrial Areas,NA,32.8,NA,368
8/2/2005,Himachal Pradesh,Parwanoo,AC Office Bldg.,Industrial Areas,6,46,NA,51
8/4/2005,Himachal Pradesh,Parwanoo,AC Office Bldg.,Industrial Areas,5.4,30.8,NA,57
8/9/2005,Himachal Pradesh,Parwanoo,AC Office Bldg.,Industrial Areas,5.2,17.5,NA,236
18-08-05,Himachal Pradesh,Parwanoo,AC Office Bldg.,Industrial Areas,6.1,19.3,NA,108
20-08-05,Himachal Pradesh,Parwanoo,AC Office Bldg.,Industrial Areas,4.8,16.7,NA,284
23-08-05,Himachal Pradesh,Parwanoo,AC Office Bldg.,Industrial Areas,NA,12.9,NA,226
25-08-05,Himachal Pradesh,Parwanoo,AC Office Bldg.,Industrial Areas,6.8,16.7,NA,326
27-08-05,Himachal Pradesh,Parwanoo,AC Office Bldg.,Industrial Areas,5.4,15.4,NA,301
30-08-05,Himachal Pradesh,Parwanoo,AC Office Bldg.,Industrial Areas,4.5,15.2,NA,187
15-09-05,Himachal Pradesh,Parwanoo,AC Office Bldg.,Industrial Areas,4.3,11.7,NA,101
20-09-05,Himachal Pradesh,Parwanoo,AC Office Bldg.,Industrial Areas,5.4,15.6,NA,273
10/1/2005,Himachal Pradesh,Parwanoo,AC Office Bldg.,Industrial Areas,5.4,16.2,NA,119
10/4/2005,Himachal Pradesh,Parwanoo,AC Office Bldg.,Industrial Areas,5.1,19.8,NA,284
10/6/2005,Himachal Pradesh,Parwanoo,AC Office Bldg.,Industrial Areas,4.3,14.8,NA,524
10/11/2005,Himachal Pradesh,Parwanoo,AC Office Bldg.,Industrial Areas,4.9,13.2,NA,298
13-10-05,Himachal Pradesh,Parwanoo,AC Office Bldg.,Industrial Areas,5.9,19.3,NA,202
15-10-05,Himachal Pradesh,Parwanoo,AC Office Bldg.,Industrial Areas,4.9,17.6,NA,128
18-10-05,Himachal Pradesh,Parwanoo,AC Office Bldg.,Industrial Areas,6.4,16.8,NA,391
20-10-05,Himachal Pradesh,Parwanoo,AC Office Bldg.,Industrial Areas,6.4,18.5,NA,105
22-10-05,Himachal Pradesh,Parwanoo,AC Office Bldg.,Industrial Areas,7.8,27.8,NA,265
25-10-05,Himachal Pradesh,Parwanoo,AC Office Bldg.,Industrial Areas,7.2,22.9,NA,276
27-10-05,Himachal Pradesh,Parwanoo,AC Office Bldg.,Industrial Areas,6.5,19.3,NA,84
29-10-05,Himachal Pradesh,Parwanoo,AC Office Bldg.,Industrial Areas,5.4,17.4,NA,194
11/8/2005,Himachal Pradesh,Parwanoo,AC Office Bldg.,Industrial Areas,6,17.9,NA,275
11/12/2005,Himachal Pradesh,Parwanoo,AC Office Bldg.,Industrial Areas,6,17.4,NA,202
15-11-05,Himachal Pradesh,Parwanoo,AC Office Bldg.,Industrial Areas,7.3,24.3,NA,443
17-11-05,Himachal Pradesh,Parwanoo,AC Office Bldg.,Industrial Areas,6,19.6,NA,180
19-11-05,Himachal Pradesh,Parwanoo,AC Office Bldg.,Industrial Areas,6.8,22.9,NA,160
22-11-05,Himachal Pradesh,Parwanoo,AC Office Bldg.,Industrial Areas,6.9,28.1,NA,171
24-11-05,Himachal Pradesh,Parwanoo,AC Office Bldg.,Industrial Areas,5.9,20.4,NA,181
26-11-05,Himachal Pradesh,Parwanoo,AC Office Bldg.,Industrial Areas,5.6,16.3,NA,286
29-11-05,Himachal Pradesh,Parwanoo,AC Office Bldg.,Industrial Areas,4.4,20,NA,323
12/1/2005,Himachal Pradesh,Parwanoo,AC Office Bldg.,Industrial Areas,5.3,18.5,NA,132
12/3/2005,Himachal Pradesh,Parwanoo,AC Office Bldg.,Industrial Areas,5.4,18.1,NA,170
12/6/2005,Himachal Pradesh,Parwanoo,AC Office Bldg.,Industrial Areas,7,51.3,NA,283
12/8/2005,Himachal Pradesh,Parwanoo,AC Office Bldg.,Industrial Areas,6.3,24,NA,468
12/10/2005,Himachal Pradesh,Parwanoo,AC Office Bldg.,Industrial Areas,5.5,19.5,NA,219
13-12-05,Himachal Pradesh,Parwanoo,AC Office Bldg.,Industrial Areas,5.2,22,NA,299
15-12-05,Himachal Pradesh,Parwanoo,AC Office Bldg.,Industrial Areas,4.2,21,NA,359
17-12-05,Himachal Pradesh,Parwanoo,AC Office Bldg.,Industrial Areas,5.8,16.3,NA,168
20-12-05,Himachal Pradesh,Parwanoo,AC Office Bldg.,Industrial Areas,5.4,14.8,NA,367
22-12-05,Himachal Pradesh,Parwanoo,AC Office Bldg.,Industrial Areas,NA,15.5,NA,127
27-12-05,Himachal Pradesh,Parwanoo,AC Office Bldg.,Industrial Areas,5.6,19.4,NA,214
29-12-05,Himachal Pradesh,Parwanoo,AC Office Bldg.,Industrial Areas,NA,14.8,NA,237
31-12-05,Himachal Pradesh,Parwanoo,AC Office Bldg.,Industrial Areas,NA,17.9,NA,139
8/1/2005,Himachal Pradesh,Parwanoo,Regional Ofice,Residential and others,4,32.6,22,42
8/3/2005,Himachal Pradesh,Parwanoo,Regional Ofice,Residential and others,NA,12.3,26,61
8/8/2005,Himachal Pradesh,Parwanoo,Regional Ofice,Residential and others,NA,12.7,39,77
17-08-05,Himachal Pradesh,Parwanoo,Regional Ofice,Residential and others,NA,15.9,40,62
19-08-05,Himachal Pradesh,Parwanoo,Regional Ofice,Residential and others,5.5,20.1,43,63
22-08-05,Himachal Pradesh,Parwanoo,Regional Ofice,Residential and others,5.4,13.9,26,64
24-08-05,Himachal Pradesh,Parwanoo,Regional Ofice,Residential and others,NA,11.6,37,73
29-08-05,Himachal Pradesh,Parwanoo,Regional Ofice,Residential and others,4.5,13.6,19,110
31-08-05,Himachal Pradesh,Parwanoo,Regional Ofice,Residential and others,NA,16.1,33,104
9/12/2005,Himachal Pradesh,Parwanoo,Regional Ofice,Residential and others,NA,10,18,60
16-09-05,Himachal Pradesh,Parwanoo,Regional Ofice,Residential and others,NA,40.6,41,77
26-09-05,Himachal Pradesh,Parwanoo,Regional Ofice,Residential and others,5.1,20,29,61
28-09-05,Himachal Pradesh,Parwanoo,Regional Ofice,Residential and others,NA,14.1,17,35
30-09-05,Himachal Pradesh,Parwanoo,Regional Ofice,Residential and others,4,11.5,22,34
10/3/2005,Himachal Pradesh,Parwanoo,Regional Ofice,Residential and others,4.3,16.2,27,54
10/5/2005,Himachal Pradesh,Parwanoo,Regional Ofice,Residential and others,NA,12.2,35,83
10/10/2005,Himachal Pradesh,Parwanoo,Regional Ofice,Residential and others,NA,12.4,42,113
14-10-05,Himachal Pradesh,Parwanoo,Regional Ofice,Residential and others,6.4,17.7,51,117
19-10-05,Himachal Pradesh,Parwanoo,Regional Ofice,Residential and others,4.3,13.5,30,67
21-10-05,Himachal Pradesh,Parwanoo,Regional Ofice,Residential and others,7.6,33.9,48,90
24-10-05,Himachal Pradesh,Parwanoo,Regional Ofice,Residential and others,6,17.9,64,122
26-10-05,Himachal Pradesh,Parwanoo,Regional Ofice,Residential and others,6.7,21.5,62,187
28-10-05,Himachal Pradesh,Parwanoo,Regional Ofice,Residential and others,NA,14.1,44,108
11/1/2005,Himachal Pradesh,Parwanoo,Regional Ofice,Residential and others,9.9,31.8,149,308
11/2/2005,Himachal Pradesh,Parwanoo,Regional Ofice,Residential and others,4.5,15.6,51,97
11/7/2005,Himachal Pradesh,Parwanoo,Regional Ofice,Residential and others,5.2,14.5,54,117
11/9/2005,Himachal Pradesh,Parwanoo,Regional Ofice,Residential and others,5.2,14.8,54,107
11/11/2005,Himachal Pradesh,Parwanoo,Regional Ofice,Residential and others,NA,13.8,41,89
14-11-05,Himachal Pradesh,Parwanoo,Regional Ofice,Residential and others,5.5,16.6,45,94
16-11-05,Himachal Pradesh,Parwanoo,Regional Ofice,Residential and others,NA,18.8,30,86
18-11-05,Himachal Pradesh,Parwanoo,Regional Ofice,Residential and others,5.4,16.5,37,88
21-11-05,Himachal Pradesh,Parwanoo,Regional Ofice,Residential and others,4.1,16.8,53,114
23-11-05,Himachal Pradesh,Parwanoo,Regional Ofice,Residential and others,4.5,17.3,38,92
25-11-05,Himachal Pradesh,Parwanoo,Regional Ofice,Residential and others,5.3,14.6,52,98
28-11-05,Himachal Pradesh,Parwanoo,Regional Ofice,Residential and others,NA,29.2,57,119
30-11-05,Himachal Pradesh,Parwanoo,Regional Ofice,Residential and others,NA,13,61,134
12/2/2005,Himachal Pradesh,Parwanoo,Regional Ofice,Residential and others,4.3,16,54,102
12/5/2005,Himachal Pradesh,Parwanoo,Regional Ofice,Residential and others,NA,34.5,67,171
12/7/2005,Himachal Pradesh,Parwanoo,Regional Ofice,Residential and others,4.8,21.7,85,154
12/12/2005,Himachal Pradesh,Parwanoo,Regional Ofice,Residential and others,4.3,19.3,60,111
14-12-05,Himachal Pradesh,Parwanoo,Regional Ofice,Residential and others,NA,17,75,211
16-12-05,Himachal Pradesh,Parwanoo,Regional Ofice,Residential and others,4,17.7,53,112
19-12-05,Himachal Pradesh,Parwanoo,Regional Ofice,Residential and others,5.5,16.7,72,152
21-12-05,Himachal Pradesh,Parwanoo,Regional Ofice,Residential and others,4.5,15.5,35,101
23-12-05,Himachal Pradesh,Parwanoo,Regional Ofice,Residential and others,5.2,23,43,112
26-12-05,Himachal Pradesh,Parwanoo,Regional Ofice,Residential and others,5.2,19.9,62,154
28-12-05,Himachal Pradesh,Parwanoo,Regional Ofice,Residential and others,NA,14.1,64,130
30-12-05,Himachal Pradesh,Parwanoo,Regional Ofice,Residential and others,4.8,19.2,76,144
7/7/2005,Himachal Pradesh,Shimla,Bus Stand,Residential and others,NA,NA,7,15
7/9/2005,Himachal Pradesh,Shimla,Bus Stand,Residential and others,NA,NA,13,23
7/12/2005,Himachal Pradesh,Shimla,Bus Stand,Residential and others,NA,NA,10,21
14-07-05,Himachal Pradesh,Shimla,Bus Stand,Residential and others,NA,NA,3,54
16-07-05,Himachal Pradesh,Shimla,Bus Stand,Residential and others,NA,NA,15,46
19-07-05,Himachal Pradesh,Shimla,Bus Stand,Residential and others,NA,NA,5,41
8/11/2005,Himachal Pradesh,Shimla,Bus Stand,Residential and others,4.3,14.1,11,37
13-08-05,Himachal Pradesh,Shimla,Bus Stand,Residential and others,NA,NA,9,28
16-08-05,Himachal Pradesh,Shimla,Bus Stand,Residential and others,NA,NA,3,10
20-08-05,Himachal Pradesh,Shimla,Bus Stand,Residential and others,NA,NA,9,31
23-08-05,Himachal Pradesh,Shimla,Bus Stand,Residential and others,4.1,14.3,7,36
30-08-05,Himachal Pradesh,Shimla,Bus Stand,Residential and others,NA,9.5,10,20
9/10/2005,Himachal Pradesh,Shimla,Bus Stand,Residential and others,NA,NA,8,22
31-10-05,Himachal Pradesh,Shimla,Bus Stand,Residential and others,NA,9.2,31,48
11/2/2005,Himachal Pradesh,Shimla,Bus Stand,Residential and others,NA,NA,33,40
11/3/2005,Himachal Pradesh,Shimla,Bus Stand,Residential and others,NA,NA,65,96
11/5/2005,Himachal Pradesh,Shimla,Bus Stand,Residential and others,NA,12.5,103,284
11/8/2005,Himachal Pradesh,Shimla,Bus Stand,Residential and others,4.3,9.5,27,51
19-11-05,Himachal Pradesh,Shimla,Bus Stand,Residential and others,NA,11.4,36,55
22-11-05,Himachal Pradesh,Shimla,Bus Stand,Residential and others,NA,9.2,106,134
24-11-05,Himachal Pradesh,Shimla,Bus Stand,Residential and others,4.3,14,45,56
26-11-05,Himachal Pradesh,Shimla,Bus Stand,Residential and others,NA,12.5,80,107
29-11-05,Himachal Pradesh,Shimla,Bus Stand,Residential and others,NA,11.8,43,58
12/1/2005,Himachal Pradesh,Shimla,Bus Stand,Residential and others,4.2,11.5,61,68
12/3/2005,Himachal Pradesh,Shimla,Bus Stand,Residential and others,NA,11.1,57,92
12/6/2005,Himachal Pradesh,Shimla,Bus Stand,Residential and others,NA,NA,99,136
12/8/2005,Himachal Pradesh,Shimla,Bus Stand,Residential and others,4.4,13.3,80,111
12/10/2005,Himachal Pradesh,Shimla,Bus Stand,Residential and others,NA,NA,26,36
13-12-05,Himachal Pradesh,Shimla,Bus Stand,Residential and others,NA,NA,11,148
15-12-05,Himachal Pradesh,Shimla,Bus Stand,Residential and others,NA,12.1,98,109
17-12-05,Himachal Pradesh,Shimla,Bus Stand,Residential and others,NA,NA,77,133
20-12-05,Himachal Pradesh,Shimla,Bus Stand,Residential and others,NA,12.8,101,163
22-12-05,Himachal Pradesh,Shimla,Bus Stand,Residential and others,4,12.1,86,101
24-12-05,Himachal Pradesh,Shimla,Bus Stand,Residential and others,NA,10.8,36,47
27-12-05,Himachal Pradesh,Shimla,Bus Stand,Residential and others,NA,NA,68,84
29-12-05,Himachal Pradesh,Shimla,Bus Stand,Residential and others,NA,10.8,39,54
31-12-05,Himachal Pradesh,Shimla,Bus Stand,Residential and others,NA,12.1,70,131
7/1/2005,Himachal Pradesh,Shimla,Tekka Bench Ridge,Sensitive Areas,NA,NA,3,41
7/4/2005,Himachal Pradesh,Shimla,Tekka Bench Ridge,Sensitive Areas,NA,NA,3,27
7/6/2005,Himachal Pradesh,Shimla,Tekka Bench Ridge,Sensitive Areas,NA,NA,NA,NA
7/8/2005,Himachal Pradesh,Shimla,Tekka Bench Ridge,Sensitive Areas,NA,NA,3,49
7/11/2005,Himachal Pradesh,Shimla,Tekka Bench Ridge,Sensitive Areas,NA,NA,3,30
13-07-05,Himachal Pradesh,Shimla,Tekka Bench Ridge,Sensitive Areas,NA,NA,3,21
15-07-05,Himachal Pradesh,Shimla,Tekka Bench Ridge,Sensitive Areas,NA,NA,3,31
18-07-05,Himachal Pradesh,Shimla,Tekka Bench Ridge,Sensitive Areas,NA,NA,3,28
8/12/2005,Himachal Pradesh,Shimla,Tekka Bench Ridge,Sensitive Areas,NA,NA,6,25
17-08-05,Himachal Pradesh,Shimla,Tekka Bench Ridge,Sensitive Areas,NA,NA,6,20
19-08-05,Himachal Pradesh,Shimla,Tekka Bench Ridge,Sensitive Areas,NA,NA,10,31
22-08-05,Himachal Pradesh,Shimla,Tekka Bench Ridge,Sensitive Areas,NA,NA,10,26
24-08-05,Himachal Pradesh,Shimla,Tekka Bench Ridge,Sensitive Areas,NA,NA,8,41
26-08-05,Himachal Pradesh,Shimla,Tekka Bench Ridge,Sensitive Areas,NA,NA,6,87
29-08-05,Himachal Pradesh,Shimla,Tekka Bench Ridge,Sensitive Areas,NA,NA,10,39
31-08-05,Himachal Pradesh,Shimla,Tekka Bench Ridge,Sensitive Areas,NA,NA,7,65
9/12/2005,Himachal Pradesh,Shimla,Tekka Bench Ridge,Sensitive Areas,4.7,15.1,8,36
14-09-05,Himachal Pradesh,Shimla,Tekka Bench Ridge,Sensitive Areas,NA,NA,3,30
16-09-05,Himachal Pradesh,Shimla,Tekka Bench Ridge,Sensitive Areas,NA,NA,7,NA
31-10-05,Himachal Pradesh,Shimla,Tekka Bench Ridge,Sensitive Areas,4.7,12.3,54,60
11/2/2005,Himachal Pradesh,Shimla,Tekka Bench Ridge,Sensitive Areas,NA,NA,20,34
11/4/2005,Himachal Pradesh,Shimla,Tekka Bench Ridge,Sensitive Areas,NA,NA,28,41
11/7/2005,Himachal Pradesh,Shimla,Tekka Bench Ridge,Sensitive Areas,NA,NA,26,41
11/9/2005,Himachal Pradesh,Shimla,Tekka Bench Ridge,Sensitive Areas,NA,NA,31,41
11/11/2005,Himachal Pradesh,Shimla,Tekka Bench Ridge,Sensitive Areas,NA,NA,32,46
14-11-05,Himachal Pradesh,Shimla,Tekka Bench Ridge,Sensitive Areas,12.1,NA,36,39
16-11-05,Himachal Pradesh,Shimla,Tekka Bench Ridge,Sensitive Areas,NA,NA,24,26
18-11-05,Himachal Pradesh,Shimla,Tekka Bench Ridge,Sensitive Areas,NA,NA,39,48
21-11-05,Himachal Pradesh,Shimla,Tekka Bench Ridge,Sensitive Areas,NA,NA,27,38
23-11-05,Himachal Pradesh,Shimla,Tekka Bench Ridge,Sensitive Areas,NA,NA,31,58
25-11-05,Himachal Pradesh,Shimla,Tekka Bench Ridge,Sensitive Areas,NA,NA,29,41
28-11-05,Himachal Pradesh,Shimla,Tekka Bench Ridge,Sensitive Areas,NA,NA,26,39
30-11-05,Himachal Pradesh,Shimla,Tekka Bench Ridge,Sensitive Areas,4.5,14.3,54,83
12/2/2005,Himachal Pradesh,Shimla,Tekka Bench Ridge,Sensitive Areas,NA,NA,42,43
12/5/2005,Himachal Pradesh,Shimla,Tekka Bench Ridge,Sensitive Areas,NA,NA,16,42
12/7/2005,Himachal Pradesh,Shimla,Tekka Bench Ridge,Sensitive Areas,NA,NA,134,182
12/9/2005,Himachal Pradesh,Shimla,Tekka Bench Ridge,Sensitive Areas,NA,NA,26,53
12/12/2005,Himachal Pradesh,Shimla,Tekka Bench Ridge,Sensitive Areas,NA,NA,36,47
14-12-05,Himachal Pradesh,Shimla,Tekka Bench Ridge,Sensitive Areas,NA,9.2,105,175
16-12-05,Himachal Pradesh,Shimla,Tekka Bench Ridge,Sensitive Areas,NA,NA,33,43
19-12-05,Himachal Pradesh,Shimla,Tekka Bench Ridge,Sensitive Areas,NA,NA,51,106
21-12-05,Himachal Pradesh,Shimla,Tekka Bench Ridge,Sensitive Areas,NA,NA,30,47
23-12-05,Himachal Pradesh,Shimla,Tekka Bench Ridge,Sensitive Areas,NA,NA,45,60
26-12-05,Himachal Pradesh,Shimla,Tekka Bench Ridge,Sensitive Areas,NA,NA,68,85
28-12-05,Himachal Pradesh,Shimla,Tekka Bench Ridge,Sensitive Areas,NA,NA,74,126
30-12-05,Himachal Pradesh,Shimla,Tekka Bench Ridge,Sensitive Areas,NA,NA,25,41
