Stn Code,Sampling Date,State,City/Town/Village/Area,Agency,Type of Location,SO2,NO2,RSPM/PM10,SPM
268,January_1995,Himachal Pradesh,Damtal,Himachal Pradesh State Environment Proection & Pollution Control Board,"Residential, Rural and other Areas",NA,NA,NA,169
268,January_1995,Himachal Pradesh,Damtal,Himachal Pradesh State Environment Proection & Pollution Control Board,"Residential, Rural and other Areas",NA,NA,NA,240
268,February_1995,Himachal Pradesh,Damtal,Himachal Pradesh State Environment Proection & Pollution Control Board,"Residential, Rural and other Areas",NA,NA,NA,171
268,March_1995,Himachal Pradesh,Damtal,Himachal Pradesh State Environment Proection & Pollution Control Board,"Residential, Rural and other Areas",NA,5,NA,204
268,April_1995,Himachal Pradesh,Damtal,Himachal Pradesh State Environment Proection & Pollution Control Board,"Residential, Rural and other Areas",NA,5.4,NA,172
268,May_1995,Himachal Pradesh,Damtal,Himachal Pradesh State Environment Proection & Pollution Control Board,"Residential, Rural and other Areas",NA,5.1,NA,212
268,June_1995,Himachal Pradesh,Damtal,Himachal Pradesh State Environment Proection & Pollution Control Board,"Residential, Rural and other Areas",NA,4.4,NA,400
268,July_1995,Himachal Pradesh,Damtal,Himachal Pradesh State Environment Proection & Pollution Control Board,"Residential, Rural and other Areas",NA,4.3,NA,177
268,August_1995,Himachal Pradesh,Damtal,Himachal Pradesh State Environment Proection & Pollution Control Board,"Residential, Rural and other Areas",NA,4,NA,181
268,September_1995,Himachal Pradesh,Damtal,Himachal Pradesh State Environment Proection & Pollution Control Board,"Residential, Rural and other Areas",NA,3.9,NA,254
268,October_1995,Himachal Pradesh,Damtal,Himachal Pradesh State Environment Proection & Pollution Control Board,"Residential, Rural and other Areas",NA,5,NA,364
268,Annual_1995,Himachal Pradesh,Damtal,Himachal Pradesh State Environment Proection & Pollution Control Board,"Residential, Rural and other Areas",NA,4.6,NA,236
268,Annual_1995,Himachal Pradesh,Damtal,Himachal Pradesh State Environment Proection & Pollution Control Board,"Residential, Rural and other Areas",NA,NA,NA,240
271,January_1995,Himachal Pradesh,Damtal,Himachal Pradesh State Environment Proection & Pollution Control Board,"Residential, Rural and other Areas",NA,NA,NA,258
271,February_1995,Himachal Pradesh,Damtal,Himachal Pradesh State Environment Proection & Pollution Control Board,"Residential, Rural and other Areas",NA,NA,NA,205
271,March_1995,Himachal Pradesh,Damtal,Himachal Pradesh State Environment Proection & Pollution Control Board,"Residential, Rural and other Areas",NA,5.4,NA,196
271,April_1995,Himachal Pradesh,Damtal,Himachal Pradesh State Environment Proection & Pollution Control Board,"Residential, Rural and other Areas",NA,4.5,NA,268
271,May_1995,Himachal Pradesh,Damtal,Himachal Pradesh State Environment Proection & Pollution Control Board,"Residential, Rural and other Areas",NA,4.7,NA,344
271,June_1995,Himachal Pradesh,Damtal,Himachal Pradesh State Environment Proection & Pollution Control Board,"Residential, Rural and other Areas",NA,4,NA,397
271,July_1995,Himachal Pradesh,Damtal,Himachal Pradesh State Environment Proection & Pollution Control Board,"Residential, Rural and other Areas",NA,3.5,NA,189
271,August_1995,Himachal Pradesh,Damtal,Himachal Pradesh State Environment Proection & Pollution Control Board,"Residential, Rural and other Areas",NA,4.6,NA,213
271,September_1995,Himachal Pradesh,Damtal,Himachal Pradesh State Environment Proection & Pollution Control Board,"Residential, Rural and other Areas",NA,5.7,NA,215
271,October_1995,Himachal Pradesh,Damtal,Himachal Pradesh State Environment Proection & Pollution Control Board,"Residential, Rural and other Areas",NA,4.6,NA,292
271,Annual_1995,Himachal Pradesh,Damtal,Himachal Pradesh State Environment Proection & Pollution Control Board,"Residential, Rural and other Areas",NA,4.6,NA,258
119,January_1995,Himachal Pradesh,Parwanoo,Himachal Pradesh  Pollution Control Boar,Industrial Area,NA,17,NA,204
119,February_1995,Himachal Pradesh,Parwanoo,Himachal Pradesh  Pollution Control Boar,Industrial Area,NA,9.3,NA,166
119,March_1995,Himachal Pradesh,Parwanoo,Himachal Pradesh  Pollution Control Boar,Industrial Area,NA,3.3,NA,173
119,April_1995,Himachal Pradesh,Parwanoo,Himachal Pradesh  Pollution Control Boar,Industrial Area,NA,7.6,NA,182
119,May_1995,Himachal Pradesh,Parwanoo,Himachal Pradesh  Pollution Control Boar,Industrial Area,NA,9,NA,286
119,June_1995,Himachal Pradesh,Parwanoo,Himachal Pradesh  Pollution Control Boar,Industrial Area,NA,7.2,NA,280
119,July_1995,Himachal Pradesh,Parwanoo,Himachal Pradesh  Pollution Control Boar,Industrial Area,NA,4.7,NA,199
119,August_1995,Himachal Pradesh,Parwanoo,Himachal Pradesh  Pollution Control Boar,Industrial Area,NA,5.1,NA,61
119,September_1995,Himachal Pradesh,Parwanoo,Himachal Pradesh  Pollution Control Boar,Industrial Area,NA,5.5,NA,115
119,October_1995,Himachal Pradesh,Parwanoo,Himachal Pradesh  Pollution Control Boar,Industrial Area,NA,6.6,NA,150
119,Annual_1995,Himachal Pradesh,Parwanoo,Himachal Pradesh  Pollution Control Boar,Industrial Area,NA,8.5,NA,188
132,January_1995,Himachal Pradesh,Parwanoo,Himachal Pradesh  Pollution Control Boar,"Residential, Rural and other Areas",NA,9.4,NA,160
132,February_1995,Himachal Pradesh,Parwanoo,Himachal Pradesh  Pollution Control Boar,"Residential, Rural and other Areas",NA,15.2,NA,256
132,March_1995,Himachal Pradesh,Parwanoo,Himachal Pradesh  Pollution Control Boar,"Residential, Rural and other Areas",NA,10.7,NA,254
132,April_1995,Himachal Pradesh,Parwanoo,Himachal Pradesh  Pollution Control Boar,"Residential, Rural and other Areas",NA,22.1,NA,221
132,May_1995,Himachal Pradesh,Parwanoo,Himachal Pradesh  Pollution Control Boar,"Residential, Rural and other Areas",NA,19,NA,334
132,June_1995,Himachal Pradesh,Parwanoo,Himachal Pradesh  Pollution Control Boar,"Residential, Rural and other Areas",NA,16.1,NA,353
132,July_1995,Himachal Pradesh,Parwanoo,Himachal Pradesh  Pollution Control Boar,"Residential, Rural and other Areas",NA,12.8,NA,218
132,August_1995,Himachal Pradesh,Parwanoo,Himachal Pradesh  Pollution Control Boar,"Residential, Rural and other Areas",NA,21.4,NA,171
132,September_1995,Himachal Pradesh,Parwanoo,Himachal Pradesh  Pollution Control Boar,"Residential, Rural and other Areas",NA,15.1,NA,277
132,October_1995,Himachal Pradesh,Parwanoo,Himachal Pradesh  Pollution Control Boar,"Residential, Rural and other Areas",NA,18.5,NA,430
132,Annual_1995,Himachal Pradesh,Parwanoo,Himachal Pradesh  Pollution Control Boar,"Residential, Rural and other Areas",NA,15.8,NA,270
117,January_1995,Himachal Pradesh,Paonta Sahib,Himachal Pradesh  Pollution Control Boar,Industrial Area,NA,7.6,NA,162
117,February_1995,Himachal Pradesh,Paonta Sahib,Himachal Pradesh  Pollution Control Boar,Industrial Area,NA,8.5,NA,174
117,March_1995,Himachal Pradesh,Paonta Sahib,Himachal Pradesh  Pollution Control Boar,Industrial Area,NA,8.6,NA,177
117,April_1995,Himachal Pradesh,Paonta Sahib,Himachal Pradesh  Pollution Control Boar,Industrial Area,NA,10.6,NA,171
117,May_1995,Himachal Pradesh,Paonta Sahib,Himachal Pradesh  Pollution Control Boar,Industrial Area,NA,10.1,NA,282
117,June_1995,Himachal Pradesh,Paonta Sahib,Himachal Pradesh  Pollution Control Boar,Industrial Area,NA,9.2,NA,253
117,July_1995,Himachal Pradesh,Paonta Sahib,Himachal Pradesh  Pollution Control Boar,Industrial Area,NA,8.2,NA,124
117,August_1995,Himachal Pradesh,Paonta Sahib,Himachal Pradesh  Pollution Control Boar,Industrial Area,NA,7.8,NA,70
117,September_1995,Himachal Pradesh,Paonta Sahib,Himachal Pradesh  Pollution Control Boar,Industrial Area,NA,6.2,NA,152
117,October_1995,Himachal Pradesh,Paonta Sahib,Himachal Pradesh  Pollution Control Boar,Industrial Area,NA,8,NA,183
117,Annual_1995,Himachal Pradesh,Paonta Sahib,Himachal Pradesh  Pollution Control Boar,Industrial Area,NA,8.5,NA,175
118,January_1995,Himachal Pradesh,Paonta Sahib,Himachal Pradesh  Pollution Control Boar,Industrial Area,NA,6.3,NA,312
118,February_1995,Himachal Pradesh,Paonta Sahib,Himachal Pradesh  Pollution Control Boar,Industrial Area,NA,7.4,NA,231
118,March_1995,Himachal Pradesh,Paonta Sahib,Himachal Pradesh  Pollution Control Boar,Industrial Area,NA,7.9,NA,323
118,April_1995,Himachal Pradesh,Paonta Sahib,Himachal Pradesh  Pollution Control Boar,Industrial Area,NA,8.2,NA,333
118,May_1995,Himachal Pradesh,Paonta Sahib,Himachal Pradesh  Pollution Control Boar,Industrial Area,NA,7.7,NA,434
118,June_1995,Himachal Pradesh,Paonta Sahib,Himachal Pradesh  Pollution Control Boar,Industrial Area,NA,7.9,NA,341
118,July_1995,Himachal Pradesh,Paonta Sahib,Himachal Pradesh  Pollution Control Boar,Industrial Area,4,7,NA,181
118,August_1995,Himachal Pradesh,Paonta Sahib,Himachal Pradesh  Pollution Control Boar,Industrial Area,NA,7.4,NA,127
118,September_1995,Himachal Pradesh,Paonta Sahib,Himachal Pradesh  Pollution Control Boar,Industrial Area,NA,5.9,NA,213
118,October_1995,Himachal Pradesh,Paonta Sahib,Himachal Pradesh  Pollution Control Boar,Industrial Area,NA,7.6,NA,261
118,Annual_1995,Himachal Pradesh,Paonta Sahib,Himachal Pradesh  Pollution Control Boar,Industrial Area,4,7.3,NA,276
34,January_1995,Himachal Pradesh,Shimla,Himachal Pradesh  Pollution Control Boar,Sensitive,4.7,14.2,NA,67
34,February_1995,Himachal Pradesh,Shimla,Himachal Pradesh  Pollution Control Boar,Sensitive,4.6,10.1,NA,71
34,March_1995,Himachal Pradesh,Shimla,Himachal Pradesh  Pollution Control Boar,Sensitive,4.8,10.1,NA,101
34,April_1995,Himachal Pradesh,Shimla,Himachal Pradesh  Pollution Control Boar,Sensitive,5.3,5.9,NA,90
34,May_1995,Himachal Pradesh,Shimla,Himachal Pradesh  Pollution Control Boar,Sensitive,1.5,8.5,NA,195
34,June_1995,Himachal Pradesh,Shimla,Himachal Pradesh  Pollution Control Boar,Sensitive,1.7,3.6,NA,208
34,July_1995,Himachal Pradesh,Shimla,Himachal Pradesh  Pollution Control Boar,Sensitive,3.5,11.3,NA,80
34,August_1995,Himachal Pradesh,Shimla,Himachal Pradesh  Pollution Control Boar,Sensitive,1.9,7.8,NA,53
34,September_1995,Himachal Pradesh,Shimla,Himachal Pradesh  Pollution Control Boar,Sensitive,2.7,8.2,NA,122
34,October_1995,Himachal Pradesh,Shimla,Himachal Pradesh  Pollution Control Boar,Sensitive,3.7,11,NA,185
34,Annual_1995,Himachal Pradesh,Shimla,Himachal Pradesh  Pollution Control Boar,Sensitive,2.9,9,NA,121
35,January_1995,Himachal Pradesh,Shimla,Himachal Pradesh  Pollution Control Boar,"Residential, Rural and other Areas",6.3,21.1,NA,161
35,February_1995,Himachal Pradesh,Shimla,Himachal Pradesh  Pollution Control Boar,"Residential, Rural and other Areas",8.3,13.2,NA,185
35,March_1995,Himachal Pradesh,Shimla,Himachal Pradesh  Pollution Control Boar,"Residential, Rural and other Areas",6.2,16.3,NA,181
35,April_1995,Himachal Pradesh,Shimla,Himachal Pradesh  Pollution Control Boar,"Residential, Rural and other Areas",5.5,7.8,NA,183
35,May_1995,Himachal Pradesh,Shimla,Himachal Pradesh  Pollution Control Boar,"Residential, Rural and other Areas",1.2,12.9,NA,216
35,June_1995,Himachal Pradesh,Shimla,Himachal Pradesh  Pollution Control Boar,"Residential, Rural and other Areas",2.8,11.3,NA,191
35,July_1995,Himachal Pradesh,Shimla,Himachal Pradesh  Pollution Control Boar,"Residential, Rural and other Areas",3.9,14.2,NA,133
35,August_1995,Himachal Pradesh,Shimla,Himachal Pradesh  Pollution Control Boar,"Residential, Rural and other Areas",2,9.1,NA,73
35,September_1995,Himachal Pradesh,Shimla,Himachal Pradesh  Pollution Control Boar,"Residential, Rural and other Areas",3.2,11.9,NA,154
35,October_1995,Himachal Pradesh,Shimla,Himachal Pradesh  Pollution Control Boar,"Residential, Rural and other Areas",5.3,17.2,NA,166
35,Annual_1995,Himachal Pradesh,Shimla,Himachal Pradesh  Pollution Control Boar,"Residential, Rural and other Areas",4,13.7,NA,163
