Stn Code,Sampling Date,State,City/Town/Village/Area,Agency,Type of Location,SO2,NO2,RSPM/PM10,SPM
249,February - M021994,Chhattisgarh,Korba,Chattisgarh Environment Conservation Board,"Residential, Rural and other Areas",9.4,8.5,NA,NA
249,March - M031994,Chhattisgarh,Korba,Chattisgarh Environment Conservation Board,"Residential, Rural and other Areas",12,11.3,NA,NA
249,May - M051994,Chhattisgarh,Korba,Chattisgarh Environment Conservation Board,"Residential, Rural and other Areas",9.3,10.5,NA,NA
249,June - M061994,Chhattisgarh,Korba,Chattisgarh Environment Conservation Board,"Residential, Rural and other Areas",5.3,5.7,NA,NA
249,November - M111994,Chhattisgarh,Korba,Chattisgarh Environment Conservation Board,"Residential, Rural and other Areas",6.3,5,NA,NA
