Stn Code,Sampling Date,State,City/Town/Village/Area,Location of Monitoring Station,Agency,Type of Location,SO2,NO2,RSPM/PM10,SPM
44,1/4/2012,Jharkhand,Dhanbad,R.O. Dhanbad,Jharkhand State Pollution Control Board,"Residential, Rural and other Areas",16,34,150,NA
44,1/7/2012,Jharkhand,Dhanbad,R.O. Dhanbad,Jharkhand State Pollution Control Board,"Residential, Rural and other Areas",29,40,156,NA
44,1/10/2012,Jharkhand,Dhanbad,R.O. Dhanbad,Jharkhand State Pollution Control Board,"Residential, Rural and other Areas",13,35,130,NA
44,13/01/2012,Jharkhand,Dhanbad,R.O. Dhanbad,Jharkhand State Pollution Control Board,"Residential, Rural and other Areas",27,40,128,NA
44,17/01/2012,Jharkhand,Dhanbad,R.O. Dhanbad,Jharkhand State Pollution Control Board,"Residential, Rural and other Areas",15,35,122,NA
44,19/01/2012,Jharkhand,Dhanbad,R.O. Dhanbad,Jharkhand State Pollution Control Board,"Residential, Rural and other Areas",14,36,121,NA
44,21/01/2012,Jharkhand,Dhanbad,R.O. Dhanbad,Jharkhand State Pollution Control Board,"Residential, Rural and other Areas",16,33,140,NA
44,25/01/2012,Jharkhand,Dhanbad,R.O. Dhanbad,Jharkhand State Pollution Control Board,"Residential, Rural and other Areas",15,37,139,NA
44,31/01/2012,Jharkhand,Dhanbad,R.O. Dhanbad,Jharkhand State Pollution Control Board,"Residential, Rural and other Areas",21,39,139,NA
44,2/3/2012,Jharkhand,Dhanbad,R.O. Dhanbad,Jharkhand State Pollution Control Board,"Residential, Rural and other Areas",13,31,133,NA
44,2/9/2012,Jharkhand,Dhanbad,R.O. Dhanbad,Jharkhand State Pollution Control Board,"Residential, Rural and other Areas",16,35,129,NA
44,2/11/2012,Jharkhand,Dhanbad,R.O. Dhanbad,Jharkhand State Pollution Control Board,"Residential, Rural and other Areas",20,32,134,NA
44,14/02/2012,Jharkhand,Dhanbad,R.O. Dhanbad,Jharkhand State Pollution Control Board,"Residential, Rural and other Areas",15,32,139,NA
44,16/02/2012,Jharkhand,Dhanbad,R.O. Dhanbad,Jharkhand State Pollution Control Board,"Residential, Rural and other Areas",16,32,137,NA
44,18/02/2012,Jharkhand,Dhanbad,R.O. Dhanbad,Jharkhand State Pollution Control Board,"Residential, Rural and other Areas",17,36,141,NA
44,23/02/2012,Jharkhand,Dhanbad,R.O. Dhanbad,Jharkhand State Pollution Control Board,"Residential, Rural and other Areas",23,40,134,NA
44,25/02/2012,Jharkhand,Dhanbad,R.O. Dhanbad,Jharkhand State Pollution Control Board,"Residential, Rural and other Areas",18,40,150,NA
44,28/02/2012,Jharkhand,Dhanbad,R.O. Dhanbad,Jharkhand State Pollution Control Board,"Residential, Rural and other Areas",18,40,167,NA
44,3/3/2012,Jharkhand,Dhanbad,R.O. Dhanbad,Jharkhand State Pollution Control Board,"Residential, Rural and other Areas",16,37,157,NA
44,3/6/2012,Jharkhand,Dhanbad,R.O. Dhanbad,Jharkhand State Pollution Control Board,"Residential, Rural and other Areas",19,46,165,NA
44,13/03/2012,Jharkhand,Dhanbad,R.O. Dhanbad,Jharkhand State Pollution Control Board,"Residential, Rural and other Areas",16,42,160,NA
44,15/03/2012,Jharkhand,Dhanbad,R.O. Dhanbad,Jharkhand State Pollution Control Board,"Residential, Rural and other Areas",16,38,151,NA
44,17/03/2012,Jharkhand,Dhanbad,R.O. Dhanbad,Jharkhand State Pollution Control Board,"Residential, Rural and other Areas",15,40,138,NA
44,20/03/2012,Jharkhand,Dhanbad,R.O. Dhanbad,Jharkhand State Pollution Control Board,"Residential, Rural and other Areas",15,38,162,NA
44,22/03/2012,Jharkhand,Dhanbad,R.O. Dhanbad,Jharkhand State Pollution Control Board,"Residential, Rural and other Areas",16,40,161,NA
44,24/03/2012,Jharkhand,Dhanbad,R.O. Dhanbad,Jharkhand State Pollution Control Board,"Residential, Rural and other Areas",15,35,157,NA
44,27/03/2012,Jharkhand,Dhanbad,R.O. Dhanbad,Jharkhand State Pollution Control Board,"Residential, Rural and other Areas",28,38,195,NA
44,30/03/2012,Jharkhand,Dhanbad,R.O. Dhanbad,Jharkhand State Pollution Control Board,"Residential, Rural and other Areas",17,40,173,NA
44,4/3/2012,Jharkhand,Dhanbad,R.O. Dhanbad,Jharkhand State Pollution Control Board,"Residential, Rural and other Areas",17,33,162,NA
44,4/10/2012,Jharkhand,Dhanbad,R.O. Dhanbad,Jharkhand State Pollution Control Board,"Residential, Rural and other Areas",16,43,150,NA
44,13/04/2012,Jharkhand,Dhanbad,R.O. Dhanbad,Jharkhand State Pollution Control Board,"Residential, Rural and other Areas",14,26,102,NA
44,17/04/2012,Jharkhand,Dhanbad,R.O. Dhanbad,Jharkhand State Pollution Control Board,"Residential, Rural and other Areas",15,40,98,NA
44,19/04/2012,Jharkhand,Dhanbad,R.O. Dhanbad,Jharkhand State Pollution Control Board,"Residential, Rural and other Areas",16,43,173,NA
44,21/04/2012,Jharkhand,Dhanbad,R.O. Dhanbad,Jharkhand State Pollution Control Board,"Residential, Rural and other Areas",12,42,166,NA
44,26/04/2012,Jharkhand,Dhanbad,R.O. Dhanbad,Jharkhand State Pollution Control Board,"Residential, Rural and other Areas",15,38,151,NA
44,28/04/2012,Jharkhand,Dhanbad,R.O. Dhanbad,Jharkhand State Pollution Control Board,"Residential, Rural and other Areas",13,38,151,NA
44,5/3/2012,Jharkhand,Dhanbad,R.O. Dhanbad,Jharkhand State Pollution Control Board,"Residential, Rural and other Areas",14,41,195,NA
44,5/5/2012,Jharkhand,Dhanbad,R.O. Dhanbad,Jharkhand State Pollution Control Board,"Residential, Rural and other Areas",15,39,188,NA
44,5/9/2012,Jharkhand,Dhanbad,R.O. Dhanbad,Jharkhand State Pollution Control Board,"Residential, Rural and other Areas",13,38,158,NA
44,5/12/2012,Jharkhand,Dhanbad,R.O. Dhanbad,Jharkhand State Pollution Control Board,"Residential, Rural and other Areas",16,41,184,NA
44,16/05/2012,Jharkhand,Dhanbad,R.O. Dhanbad,Jharkhand State Pollution Control Board,"Residential, Rural and other Areas",13,42,109,NA
44,19/05/2012,Jharkhand,Dhanbad,R.O. Dhanbad,Jharkhand State Pollution Control Board,"Residential, Rural and other Areas",15,41,126,NA
44,22/05/2012,Jharkhand,Dhanbad,R.O. Dhanbad,Jharkhand State Pollution Control Board,"Residential, Rural and other Areas",13,38,131,NA
44,25/05/2012,Jharkhand,Dhanbad,R.O. Dhanbad,Jharkhand State Pollution Control Board,"Residential, Rural and other Areas",14,44,176,NA
44,30/05/2012,Jharkhand,Dhanbad,R.O. Dhanbad,Jharkhand State Pollution Control Board,"Residential, Rural and other Areas",15,42,166,NA
44,6/2/2012,Jharkhand,Dhanbad,R.O. Dhanbad,Jharkhand State Pollution Control Board,"Residential, Rural and other Areas",14,41,161,NA
44,6/9/2012,Jharkhand,Dhanbad,R.O. Dhanbad,Jharkhand State Pollution Control Board,"Residential, Rural and other Areas",15,41,140,NA
44,13/06/2012,Jharkhand,Dhanbad,R.O. Dhanbad,Jharkhand State Pollution Control Board,"Residential, Rural and other Areas",15,41,177,NA
44,16/06/2012,Jharkhand,Dhanbad,R.O. Dhanbad,Jharkhand State Pollution Control Board,"Residential, Rural and other Areas",14,38,129,NA
44,20/06/2012,Jharkhand,Dhanbad,R.O. Dhanbad,Jharkhand State Pollution Control Board,"Residential, Rural and other Areas",16,45,152,NA
44,23/06/2012,Jharkhand,Dhanbad,R.O. Dhanbad,Jharkhand State Pollution Control Board,"Residential, Rural and other Areas",15,39,149,NA
44,26/06/2012,Jharkhand,Dhanbad,R.O. Dhanbad,Jharkhand State Pollution Control Board,"Residential, Rural and other Areas",15,42,128,NA
44,29/06/2012,Jharkhand,Dhanbad,R.O. Dhanbad,Jharkhand State Pollution Control Board,"Residential, Rural and other Areas",14,44,138,NA
44,7/4/2012,Jharkhand,Dhanbad,R.O. Dhanbad,Jharkhand State Pollution Control Board,"Residential, Rural and other Areas",15,44,110,NA
44,7/7/2012,Jharkhand,Dhanbad,R.O. Dhanbad,Jharkhand State Pollution Control Board,"Residential, Rural and other Areas",14,42,151,NA
44,7/10/2012,Jharkhand,Dhanbad,R.O. Dhanbad,Jharkhand State Pollution Control Board,"Residential, Rural and other Areas",13,42,220,NA
44,13/07/2012,Jharkhand,Dhanbad,R.O. Dhanbad,Jharkhand State Pollution Control Board,"Residential, Rural and other Areas",13,42,191,NA
44,17/07/2012,Jharkhand,Dhanbad,R.O. Dhanbad,Jharkhand State Pollution Control Board,"Residential, Rural and other Areas",12,35,247,NA
44,20/07/2012,Jharkhand,Dhanbad,R.O. Dhanbad,Jharkhand State Pollution Control Board,"Residential, Rural and other Areas",15,42,187,NA
44,24/07/2012,Jharkhand,Dhanbad,R.O. Dhanbad,Jharkhand State Pollution Control Board,"Residential, Rural and other Areas",11,40,201,NA
44,28/07/2012,Jharkhand,Dhanbad,R.O. Dhanbad,Jharkhand State Pollution Control Board,"Residential, Rural and other Areas",16,43,177,NA
44,31/07/2012,Jharkhand,Dhanbad,R.O. Dhanbad,Jharkhand State Pollution Control Board,"Residential, Rural and other Areas",15,37,162,NA
44,8/4/2012,Jharkhand,Dhanbad,R.O. Dhanbad,Jharkhand State Pollution Control Board,"Residential, Rural and other Areas",14,41,110,NA
44,8/7/2012,Jharkhand,Dhanbad,R.O. Dhanbad,Jharkhand State Pollution Control Board,"Residential, Rural and other Areas",16,43,163,NA
44,8/9/2012,Jharkhand,Dhanbad,R.O. Dhanbad,Jharkhand State Pollution Control Board,"Residential, Rural and other Areas",13,40,111,NA
44,14/08/2012,Jharkhand,Dhanbad,R.O. Dhanbad,Jharkhand State Pollution Control Board,"Residential, Rural and other Areas",13,40,96,NA
44,18/08/2012,Jharkhand,Dhanbad,R.O. Dhanbad,Jharkhand State Pollution Control Board,"Residential, Rural and other Areas",16,42,140,NA
44,22/08/2012,Jharkhand,Dhanbad,R.O. Dhanbad,Jharkhand State Pollution Control Board,"Residential, Rural and other Areas",17,41,84,NA
44,25/08/2012,Jharkhand,Dhanbad,R.O. Dhanbad,Jharkhand State Pollution Control Board,"Residential, Rural and other Areas",16,34,178,NA
44,28/08/2012,Jharkhand,Dhanbad,R.O. Dhanbad,Jharkhand State Pollution Control Board,"Residential, Rural and other Areas",16,41,194,NA
44,31/08/2012,Jharkhand,Dhanbad,R.O. Dhanbad,Jharkhand State Pollution Control Board,"Residential, Rural and other Areas",16,43,166,NA
44,9/4/2012,Jharkhand,Dhanbad,R.O. Dhanbad,Jharkhand State Pollution Control Board,"Residential, Rural and other Areas",16,41,135,NA
44,9/6/2012,Jharkhand,Dhanbad,R.O. Dhanbad,Jharkhand State Pollution Control Board,"Residential, Rural and other Areas",17,40,144,NA
44,9/8/2012,Jharkhand,Dhanbad,R.O. Dhanbad,Jharkhand State Pollution Control Board,"Residential, Rural and other Areas",12,39,92,NA
44,9/11/2012,Jharkhand,Dhanbad,R.O. Dhanbad,Jharkhand State Pollution Control Board,"Residential, Rural and other Areas",14,41,93,NA
44,25/09/2012,Jharkhand,Dhanbad,R.O. Dhanbad,Jharkhand State Pollution Control Board,"Residential, Rural and other Areas",15,40,91,NA
44,28/09/2012,Jharkhand,Dhanbad,R.O. Dhanbad,Jharkhand State Pollution Control Board,"Residential, Rural and other Areas",15,44,102,NA
44,10/5/2012,Jharkhand,Dhanbad,R.O. Dhanbad,Jharkhand State Pollution Control Board,"Residential, Rural and other Areas",16,43,154,NA
44,10/9/2012,Jharkhand,Dhanbad,R.O. Dhanbad,Jharkhand State Pollution Control Board,"Residential, Rural and other Areas",13,42,95,NA
44,10/11/2012,Jharkhand,Dhanbad,R.O. Dhanbad,Jharkhand State Pollution Control Board,"Residential, Rural and other Areas",14,42,63,NA
44,13/10/2012,Jharkhand,Dhanbad,R.O. Dhanbad,Jharkhand State Pollution Control Board,"Residential, Rural and other Areas",14,43,142,NA
44,18/10/2012,Jharkhand,Dhanbad,R.O. Dhanbad,Jharkhand State Pollution Control Board,"Residential, Rural and other Areas",15,40,114,NA
44,20/10/2012,Jharkhand,Dhanbad,R.O. Dhanbad,Jharkhand State Pollution Control Board,"Residential, Rural and other Areas",16,42,69,NA
44,26/10/2012,Jharkhand,Dhanbad,R.O. Dhanbad,Jharkhand State Pollution Control Board,"Residential, Rural and other Areas",13,32,72,NA
44,30/10/2012,Jharkhand,Dhanbad,R.O. Dhanbad,Jharkhand State Pollution Control Board,"Residential, Rural and other Areas",17,35,113,NA
44,11/3/2012,Jharkhand,Dhanbad,R.O. Dhanbad,Jharkhand State Pollution Control Board,"Residential, Rural and other Areas",13,38,96,NA
44,11/6/2012,Jharkhand,Dhanbad,R.O. Dhanbad,Jharkhand State Pollution Control Board,"Residential, Rural and other Areas",15,42,100,NA
44,11/8/2012,Jharkhand,Dhanbad,R.O. Dhanbad,Jharkhand State Pollution Control Board,"Residential, Rural and other Areas",16,38,118,NA
44,11/10/2012,Jharkhand,Dhanbad,R.O. Dhanbad,Jharkhand State Pollution Control Board,"Residential, Rural and other Areas",15,38,89,NA
44,17/11/2012,Jharkhand,Dhanbad,R.O. Dhanbad,Jharkhand State Pollution Control Board,"Residential, Rural and other Areas",14,39,117,NA
44,22/11/2012,Jharkhand,Dhanbad,R.O. Dhanbad,Jharkhand State Pollution Control Board,"Residential, Rural and other Areas",16,38,104,NA
44,24/11/2012,Jharkhand,Dhanbad,R.O. Dhanbad,Jharkhand State Pollution Control Board,"Residential, Rural and other Areas",12,37,103,NA
44,27/11/2012,Jharkhand,Dhanbad,R.O. Dhanbad,Jharkhand State Pollution Control Board,"Residential, Rural and other Areas",14,46,94,NA
44,30/11/2012,Jharkhand,Dhanbad,R.O. Dhanbad,Jharkhand State Pollution Control Board,"Residential, Rural and other Areas",15,39,105,NA
44,12/4/2012,Jharkhand,Dhanbad,R.O. Dhanbad,Jharkhand State Pollution Control Board,"Residential, Rural and other Areas",14,36,86,NA
44,12/7/2012,Jharkhand,Dhanbad,R.O. Dhanbad,Jharkhand State Pollution Control Board,"Residential, Rural and other Areas",15,44,94,NA
44,12/11/2012,Jharkhand,Dhanbad,R.O. Dhanbad,Jharkhand State Pollution Control Board,"Residential, Rural and other Areas",15,40,87,NA
44,14/12/2012,Jharkhand,Dhanbad,R.O. Dhanbad,Jharkhand State Pollution Control Board,"Residential, Rural and other Areas",14,38,98,NA
44,18/12/2012,Jharkhand,Dhanbad,R.O. Dhanbad,Jharkhand State Pollution Control Board,"Residential, Rural and other Areas",13,42,64,NA
44,21/12/2012,Jharkhand,Dhanbad,R.O. Dhanbad,Jharkhand State Pollution Control Board,"Residential, Rural and other Areas",15,40,68,NA
44,27/12/2012,Jharkhand,Dhanbad,R.O. Dhanbad,Jharkhand State Pollution Control Board,"Residential, Rural and other Areas",13,37,82,NA
44,29/12/2012,Jharkhand,Dhanbad,R.O. Dhanbad,Jharkhand State Pollution Control Board,"Residential, Rural and other Areas",21,42,64,NA
611,2/11/2012,Jharkhand,Dhanbad,"CGM Office, Kusunda, Dist- Dhanbad",Jharkhand State Pollution Control Board,Industrial Area,23,40,215,NA
611,14/02/2012,Jharkhand,Dhanbad,"CGM Office, Kusunda, Dist- Dhanbad",Jharkhand State Pollution Control Board,Industrial Area,19,37,206,NA
611,16/02/2012,Jharkhand,Dhanbad,"CGM Office, Kusunda, Dist- Dhanbad",Jharkhand State Pollution Control Board,Industrial Area,17,35,200,NA
611,18/02/2012,Jharkhand,Dhanbad,"CGM Office, Kusunda, Dist- Dhanbad",Jharkhand State Pollution Control Board,Industrial Area,22,47,224,NA
611,23/02/2012,Jharkhand,Dhanbad,"CGM Office, Kusunda, Dist- Dhanbad",Jharkhand State Pollution Control Board,Industrial Area,22,43,200,NA
611,25/02/2012,Jharkhand,Dhanbad,"CGM Office, Kusunda, Dist- Dhanbad",Jharkhand State Pollution Control Board,Industrial Area,18,36,190,NA
611,28/02/2012,Jharkhand,Dhanbad,"CGM Office, Kusunda, Dist- Dhanbad",Jharkhand State Pollution Control Board,Industrial Area,16,39,235,NA
611,3/3/2012,Jharkhand,Dhanbad,"CGM Office, Kusunda, Dist- Dhanbad",Jharkhand State Pollution Control Board,Industrial Area,17,39,226,NA
611,3/6/2012,Jharkhand,Dhanbad,"CGM Office, Kusunda, Dist- Dhanbad",Jharkhand State Pollution Control Board,Industrial Area,17,34,186,NA
611,13/03/2012,Jharkhand,Dhanbad,"CGM Office, Kusunda, Dist- Dhanbad",Jharkhand State Pollution Control Board,Industrial Area,29,41,217,NA
611,15/03/2012,Jharkhand,Dhanbad,"CGM Office, Kusunda, Dist- Dhanbad",Jharkhand State Pollution Control Board,Industrial Area,30,37,186,NA
611,17/03/2012,Jharkhand,Dhanbad,"CGM Office, Kusunda, Dist- Dhanbad",Jharkhand State Pollution Control Board,Industrial Area,22,38,199,NA
611,20/03/2012,Jharkhand,Dhanbad,"CGM Office, Kusunda, Dist- Dhanbad",Jharkhand State Pollution Control Board,Industrial Area,20,37,199,NA
611,22/03/2012,Jharkhand,Dhanbad,"CGM Office, Kusunda, Dist- Dhanbad",Jharkhand State Pollution Control Board,Industrial Area,16,39,222,NA
611,24/03/2012,Jharkhand,Dhanbad,"CGM Office, Kusunda, Dist- Dhanbad",Jharkhand State Pollution Control Board,Industrial Area,15,41,253,NA
611,27/03/2012,Jharkhand,Dhanbad,"CGM Office, Kusunda, Dist- Dhanbad",Jharkhand State Pollution Control Board,Industrial Area,23,33,196,NA
611,30/03/2012,Jharkhand,Dhanbad,"CGM Office, Kusunda, Dist- Dhanbad",Jharkhand State Pollution Control Board,Industrial Area,17,21,202,NA
611,4/3/2012,Jharkhand,Dhanbad,"CGM Office, Kusunda, Dist- Dhanbad",Jharkhand State Pollution Control Board,Industrial Area,15,31,252,NA
611,4/10/2012,Jharkhand,Dhanbad,"CGM Office, Kusunda, Dist- Dhanbad",Jharkhand State Pollution Control Board,Industrial Area,12,35,259,NA
611,13/04/2012,Jharkhand,Dhanbad,"CGM Office, Kusunda, Dist- Dhanbad",Jharkhand State Pollution Control Board,Industrial Area,13,35,199,NA
611,17/04/2012,Jharkhand,Dhanbad,"CGM Office, Kusunda, Dist- Dhanbad",Jharkhand State Pollution Control Board,Industrial Area,12,28,261,NA
611,19/04/2012,Jharkhand,Dhanbad,"CGM Office, Kusunda, Dist- Dhanbad",Jharkhand State Pollution Control Board,Industrial Area,NA,NA,244,NA
611,21/04/2012,Jharkhand,Dhanbad,"CGM Office, Kusunda, Dist- Dhanbad",Jharkhand State Pollution Control Board,Industrial Area,NA,38,196,NA
611,26/04/2012,Jharkhand,Dhanbad,"CGM Office, Kusunda, Dist- Dhanbad",Jharkhand State Pollution Control Board,Industrial Area,15,NA,243,NA
611,28/04/2012,Jharkhand,Dhanbad,"CGM Office, Kusunda, Dist- Dhanbad",Jharkhand State Pollution Control Board,Industrial Area,NA,NA,147,NA
611,5/3/2012,Jharkhand,Dhanbad,"CGM Office, Kusunda, Dist- Dhanbad",Jharkhand State Pollution Control Board,Industrial Area,19,43,273,NA
611,5/5/2012,Jharkhand,Dhanbad,"CGM Office, Kusunda, Dist- Dhanbad",Jharkhand State Pollution Control Board,Industrial Area,15,36,230,NA
611,5/9/2012,Jharkhand,Dhanbad,"CGM Office, Kusunda, Dist- Dhanbad",Jharkhand State Pollution Control Board,Industrial Area,18,46,208,NA
611,5/12/2012,Jharkhand,Dhanbad,"CGM Office, Kusunda, Dist- Dhanbad",Jharkhand State Pollution Control Board,Industrial Area,17,40,258,NA
611,16/05/2012,Jharkhand,Dhanbad,"CGM Office, Kusunda, Dist- Dhanbad",Jharkhand State Pollution Control Board,Industrial Area,16,41,254,NA
611,19/05/2012,Jharkhand,Dhanbad,"CGM Office, Kusunda, Dist- Dhanbad",Jharkhand State Pollution Control Board,Industrial Area,13,41,243,NA
611,22/05/2012,Jharkhand,Dhanbad,"CGM Office, Kusunda, Dist- Dhanbad",Jharkhand State Pollution Control Board,Industrial Area,16,43,263,NA
611,25/05/2012,Jharkhand,Dhanbad,"CGM Office, Kusunda, Dist- Dhanbad",Jharkhand State Pollution Control Board,Industrial Area,16,45,251,NA
611,30/05/2012,Jharkhand,Dhanbad,"CGM Office, Kusunda, Dist- Dhanbad",Jharkhand State Pollution Control Board,Industrial Area,16,42,241,NA
611,6/2/2012,Jharkhand,Dhanbad,"CGM Office, Kusunda, Dist- Dhanbad",Jharkhand State Pollution Control Board,Industrial Area,24,42,204,NA
611,6/9/2012,Jharkhand,Dhanbad,"CGM Office, Kusunda, Dist- Dhanbad",Jharkhand State Pollution Control Board,Industrial Area,16,41,244,NA
611,13/06/2012,Jharkhand,Dhanbad,"CGM Office, Kusunda, Dist- Dhanbad",Jharkhand State Pollution Control Board,Industrial Area,15,42,191,NA
611,16/06/2012,Jharkhand,Dhanbad,"CGM Office, Kusunda, Dist- Dhanbad",Jharkhand State Pollution Control Board,Industrial Area,17,41,254,NA
611,20/06/2012,Jharkhand,Dhanbad,"CGM Office, Kusunda, Dist- Dhanbad",Jharkhand State Pollution Control Board,Industrial Area,17,41,265,NA
611,26/06/2012,Jharkhand,Dhanbad,"CGM Office, Kusunda, Dist- Dhanbad",Jharkhand State Pollution Control Board,Industrial Area,17,42,193,NA
611,29/06/2012,Jharkhand,Dhanbad,"CGM Office, Kusunda, Dist- Dhanbad",Jharkhand State Pollution Control Board,Industrial Area,20,44,249,NA
611,7/4/2012,Jharkhand,Dhanbad,"CGM Office, Kusunda, Dist- Dhanbad",Jharkhand State Pollution Control Board,Industrial Area,19,42,206,NA
611,7/7/2012,Jharkhand,Dhanbad,"CGM Office, Kusunda, Dist- Dhanbad",Jharkhand State Pollution Control Board,Industrial Area,17,38,189,NA
611,7/10/2012,Jharkhand,Dhanbad,"CGM Office, Kusunda, Dist- Dhanbad",Jharkhand State Pollution Control Board,Industrial Area,17,38,175,NA
611,13/07/2012,Jharkhand,Dhanbad,"CGM Office, Kusunda, Dist- Dhanbad",Jharkhand State Pollution Control Board,Industrial Area,15,40,177,NA
611,17/07/2012,Jharkhand,Dhanbad,"CGM Office, Kusunda, Dist- Dhanbad",Jharkhand State Pollution Control Board,Industrial Area,18,44,182,NA
611,20/07/2012,Jharkhand,Dhanbad,"CGM Office, Kusunda, Dist- Dhanbad",Jharkhand State Pollution Control Board,Industrial Area,NA,NA,218,NA
611,24/07/2012,Jharkhand,Dhanbad,"CGM Office, Kusunda, Dist- Dhanbad",Jharkhand State Pollution Control Board,Industrial Area,13,42,187,NA
611,28/07/2012,Jharkhand,Dhanbad,"CGM Office, Kusunda, Dist- Dhanbad",Jharkhand State Pollution Control Board,Industrial Area,16,44,183,NA
611,31/07/2012,Jharkhand,Dhanbad,"CGM Office, Kusunda, Dist- Dhanbad",Jharkhand State Pollution Control Board,Industrial Area,20,44,177,NA
611,8/4/2012,Jharkhand,Dhanbad,"CGM Office, Kusunda, Dist- Dhanbad",Jharkhand State Pollution Control Board,Industrial Area,NA,NA,NA,NA
611,14/08/2012,Jharkhand,Dhanbad,"CGM Office, Kusunda, Dist- Dhanbad",Jharkhand State Pollution Control Board,Industrial Area,13,33,138,NA
611,18/08/2012,Jharkhand,Dhanbad,"CGM Office, Kusunda, Dist- Dhanbad",Jharkhand State Pollution Control Board,Industrial Area,16,38,169,NA
611,22/08/2012,Jharkhand,Dhanbad,"CGM Office, Kusunda, Dist- Dhanbad",Jharkhand State Pollution Control Board,Industrial Area,19,30,165,NA
611,25/08/2012,Jharkhand,Dhanbad,"CGM Office, Kusunda, Dist- Dhanbad",Jharkhand State Pollution Control Board,Industrial Area,16,40,158,NA
611,28/08/2012,Jharkhand,Dhanbad,"CGM Office, Kusunda, Dist- Dhanbad",Jharkhand State Pollution Control Board,Industrial Area,18,47,217,NA
611,31/08/2012,Jharkhand,Dhanbad,"CGM Office, Kusunda, Dist- Dhanbad",Jharkhand State Pollution Control Board,Industrial Area,16,42,230,NA
611,9/4/2012,Jharkhand,Dhanbad,"CGM Office, Kusunda, Dist- Dhanbad",Jharkhand State Pollution Control Board,Industrial Area,17,40,195,NA
611,9/6/2012,Jharkhand,Dhanbad,"CGM Office, Kusunda, Dist- Dhanbad",Jharkhand State Pollution Control Board,Industrial Area,18,39,105,NA
611,9/8/2012,Jharkhand,Dhanbad,"CGM Office, Kusunda, Dist- Dhanbad",Jharkhand State Pollution Control Board,Industrial Area,16,43,185,NA
611,9/11/2012,Jharkhand,Dhanbad,"CGM Office, Kusunda, Dist- Dhanbad",Jharkhand State Pollution Control Board,Industrial Area,17,37,196,NA
611,14/09/2012,Jharkhand,Dhanbad,"CGM Office, Kusunda, Dist- Dhanbad",Jharkhand State Pollution Control Board,Industrial Area,16,43,178,NA
611,21/09/2012,Jharkhand,Dhanbad,"CGM Office, Kusunda, Dist- Dhanbad",Jharkhand State Pollution Control Board,Industrial Area,18,44,163,NA
611,25/09/2012,Jharkhand,Dhanbad,"CGM Office, Kusunda, Dist- Dhanbad",Jharkhand State Pollution Control Board,Industrial Area,21,44,166,NA
611,28/09/2012,Jharkhand,Dhanbad,"CGM Office, Kusunda, Dist- Dhanbad",Jharkhand State Pollution Control Board,Industrial Area,17,42,172,NA
611,10/5/2012,Jharkhand,Dhanbad,"CGM Office, Kusunda, Dist- Dhanbad",Jharkhand State Pollution Control Board,Industrial Area,17,42,184,NA
611,10/9/2012,Jharkhand,Dhanbad,"CGM Office, Kusunda, Dist- Dhanbad",Jharkhand State Pollution Control Board,Industrial Area,16,45,219,NA
611,10/11/2012,Jharkhand,Dhanbad,"CGM Office, Kusunda, Dist- Dhanbad",Jharkhand State Pollution Control Board,Industrial Area,14,43,182,NA
611,13/10/2012,Jharkhand,Dhanbad,"CGM Office, Kusunda, Dist- Dhanbad",Jharkhand State Pollution Control Board,Industrial Area,19,45,170,NA
611,18/10/2012,Jharkhand,Dhanbad,"CGM Office, Kusunda, Dist- Dhanbad",Jharkhand State Pollution Control Board,Industrial Area,20,40,175,NA
611,20/10/2012,Jharkhand,Dhanbad,"CGM Office, Kusunda, Dist- Dhanbad",Jharkhand State Pollution Control Board,Industrial Area,19,42,207,NA
611,26/10/2012,Jharkhand,Dhanbad,"CGM Office, Kusunda, Dist- Dhanbad",Jharkhand State Pollution Control Board,Industrial Area,18,42,201,NA
611,30/10/2012,Jharkhand,Dhanbad,"CGM Office, Kusunda, Dist- Dhanbad",Jharkhand State Pollution Control Board,Industrial Area,21,41,205,NA
611,11/3/2012,Jharkhand,Dhanbad,"CGM Office, Kusunda, Dist- Dhanbad",Jharkhand State Pollution Control Board,Industrial Area,16,40,208,NA
611,11/6/2012,Jharkhand,Dhanbad,"CGM Office, Kusunda, Dist- Dhanbad",Jharkhand State Pollution Control Board,Industrial Area,16,37,190,NA
611,11/8/2012,Jharkhand,Dhanbad,"CGM Office, Kusunda, Dist- Dhanbad",Jharkhand State Pollution Control Board,Industrial Area,16,34,172,NA
611,11/10/2012,Jharkhand,Dhanbad,"CGM Office, Kusunda, Dist- Dhanbad",Jharkhand State Pollution Control Board,Industrial Area,16,41,195,NA
611,22/11/2012,Jharkhand,Dhanbad,"CGM Office, Kusunda, Dist- Dhanbad",Jharkhand State Pollution Control Board,Industrial Area,13,34,214,NA
611,24/11/2012,Jharkhand,Dhanbad,"CGM Office, Kusunda, Dist- Dhanbad",Jharkhand State Pollution Control Board,Industrial Area,15,39,214,NA
611,27/11/2012,Jharkhand,Dhanbad,"CGM Office, Kusunda, Dist- Dhanbad",Jharkhand State Pollution Control Board,Industrial Area,14,35,183,NA
611,30/11/2012,Jharkhand,Dhanbad,"CGM Office, Kusunda, Dist- Dhanbad",Jharkhand State Pollution Control Board,Industrial Area,15,41,203,NA
611,12/4/2012,Jharkhand,Dhanbad,"CGM Office, Kusunda, Dist- Dhanbad",Jharkhand State Pollution Control Board,Industrial Area,15,39,173,NA
611,12/7/2012,Jharkhand,Dhanbad,"CGM Office, Kusunda, Dist- Dhanbad",Jharkhand State Pollution Control Board,Industrial Area,23,43,182,NA
611,12/11/2012,Jharkhand,Dhanbad,"CGM Office, Kusunda, Dist- Dhanbad",Jharkhand State Pollution Control Board,Industrial Area,15,39,229,NA
611,14/12/2012,Jharkhand,Dhanbad,"CGM Office, Kusunda, Dist- Dhanbad",Jharkhand State Pollution Control Board,Industrial Area,19,37,213,NA
611,18/12/2012,Jharkhand,Dhanbad,"CGM Office, Kusunda, Dist- Dhanbad",Jharkhand State Pollution Control Board,Industrial Area,14,37,232,NA
611,21/12/2012,Jharkhand,Dhanbad,"CGM Office, Kusunda, Dist- Dhanbad",Jharkhand State Pollution Control Board,Industrial Area,17,42,217,NA
611,27/12/2012,Jharkhand,Dhanbad,"CGM Office, Kusunda, Dist- Dhanbad",Jharkhand State Pollution Control Board,Industrial Area,15,39,210,NA
611,29/12/2012,Jharkhand,Dhanbad,"CGM Office, Kusunda, Dist- Dhanbad",Jharkhand State Pollution Control Board,Industrial Area,24,37,208,NA
351,1/2/2012,Jharkhand,Jamshedpur,"Bistupur Vehical Testing Centre, Jamshedpur",Jharkhand State Pollution Control Board,Industrial Area,36,49,144,NA
351,1/6/2012,Jharkhand,Jamshedpur,"Bistupur Vehical Testing Centre, Jamshedpur",Jharkhand State Pollution Control Board,Industrial Area,43,48,127,NA
351,1/9/2012,Jharkhand,Jamshedpur,"Bistupur Vehical Testing Centre, Jamshedpur",Jharkhand State Pollution Control Board,Industrial Area,38,50,134,NA
351,1/12/2012,Jharkhand,Jamshedpur,"Bistupur Vehical Testing Centre, Jamshedpur",Jharkhand State Pollution Control Board,Industrial Area,39,50,160,NA
351,18/01/2012,Jharkhand,Jamshedpur,"Bistupur Vehical Testing Centre, Jamshedpur",Jharkhand State Pollution Control Board,Industrial Area,37,45,163,NA
351,21/01/2012,Jharkhand,Jamshedpur,"Bistupur Vehical Testing Centre, Jamshedpur",Jharkhand State Pollution Control Board,Industrial Area,42,47,165,NA
351,27/01/2012,Jharkhand,Jamshedpur,"Bistupur Vehical Testing Centre, Jamshedpur",Jharkhand State Pollution Control Board,Industrial Area,41,45,142,NA
351,31/01/2012,Jharkhand,Jamshedpur,"Bistupur Vehical Testing Centre, Jamshedpur",Jharkhand State Pollution Control Board,Industrial Area,40,46,156,NA
351,2/4/2012,Jharkhand,Jamshedpur,"Bistupur Vehical Testing Centre, Jamshedpur",Jharkhand State Pollution Control Board,Industrial Area,41,48,161,NA
351,2/8/2012,Jharkhand,Jamshedpur,"Bistupur Vehical Testing Centre, Jamshedpur",Jharkhand State Pollution Control Board,Industrial Area,41,50,168,NA
351,2/11/2012,Jharkhand,Jamshedpur,"Bistupur Vehical Testing Centre, Jamshedpur",Jharkhand State Pollution Control Board,Industrial Area,41,49,167,NA
351,15/02/2012,Jharkhand,Jamshedpur,"Bistupur Vehical Testing Centre, Jamshedpur",Jharkhand State Pollution Control Board,Industrial Area,40,48,142,NA
351,18/02/2012,Jharkhand,Jamshedpur,"Bistupur Vehical Testing Centre, Jamshedpur",Jharkhand State Pollution Control Board,Industrial Area,39,51,158,NA
351,23/02/2012,Jharkhand,Jamshedpur,"Bistupur Vehical Testing Centre, Jamshedpur",Jharkhand State Pollution Control Board,Industrial Area,39,53,173,NA
351,27/02/2012,Jharkhand,Jamshedpur,"Bistupur Vehical Testing Centre, Jamshedpur",Jharkhand State Pollution Control Board,Industrial Area,38,53,162,NA
351,29/02/2012,Jharkhand,Jamshedpur,"Bistupur Vehical Testing Centre, Jamshedpur",Jharkhand State Pollution Control Board,Industrial Area,41,57,164,NA
351,3/2/2012,Jharkhand,Jamshedpur,"Bistupur Vehical Testing Centre, Jamshedpur",Jharkhand State Pollution Control Board,Industrial Area,40,53,172,NA
351,3/10/2012,Jharkhand,Jamshedpur,"Bistupur Vehical Testing Centre, Jamshedpur",Jharkhand State Pollution Control Board,Industrial Area,41,54,165,NA
351,14/03/2012,Jharkhand,Jamshedpur,"Bistupur Vehical Testing Centre, Jamshedpur",Jharkhand State Pollution Control Board,Industrial Area,39,50,192,NA
351,17/03/2012,Jharkhand,Jamshedpur,"Bistupur Vehical Testing Centre, Jamshedpur",Jharkhand State Pollution Control Board,Industrial Area,39,54,177,NA
351,21/03/2012,Jharkhand,Jamshedpur,"Bistupur Vehical Testing Centre, Jamshedpur",Jharkhand State Pollution Control Board,Industrial Area,39,51,173,NA
351,24/03/2012,Jharkhand,Jamshedpur,"Bistupur Vehical Testing Centre, Jamshedpur",Jharkhand State Pollution Control Board,Industrial Area,40,51,163,NA
351,28/03/2012,Jharkhand,Jamshedpur,"Bistupur Vehical Testing Centre, Jamshedpur",Jharkhand State Pollution Control Board,Industrial Area,39,53,168,NA
351,31/03/2012,Jharkhand,Jamshedpur,"Bistupur Vehical Testing Centre, Jamshedpur",Jharkhand State Pollution Control Board,Industrial Area,38,52,168,NA
351,4/2/2012,Jharkhand,Jamshedpur,"Bistupur Vehical Testing Centre, Jamshedpur",Jharkhand State Pollution Control Board,Industrial Area,38,53,174,NA
351,4/7/2012,Jharkhand,Jamshedpur,"Bistupur Vehical Testing Centre, Jamshedpur",Jharkhand State Pollution Control Board,Industrial Area,39,52,169,NA
351,4/11/2012,Jharkhand,Jamshedpur,"Bistupur Vehical Testing Centre, Jamshedpur",Jharkhand State Pollution Control Board,Industrial Area,40,55,175,NA
351,13/04/2012,Jharkhand,Jamshedpur,"Bistupur Vehical Testing Centre, Jamshedpur",Jharkhand State Pollution Control Board,Industrial Area,41,54,178,NA
351,18/04/2012,Jharkhand,Jamshedpur,"Bistupur Vehical Testing Centre, Jamshedpur",Jharkhand State Pollution Control Board,Industrial Area,40,53,178,NA
351,21/04/2012,Jharkhand,Jamshedpur,"Bistupur Vehical Testing Centre, Jamshedpur",Jharkhand State Pollution Control Board,Industrial Area,43,54,175,NA
351,26/04/2012,Jharkhand,Jamshedpur,"Bistupur Vehical Testing Centre, Jamshedpur",Jharkhand State Pollution Control Board,Industrial Area,39,53,163,NA
351,30/04/2012,Jharkhand,Jamshedpur,"Bistupur Vehical Testing Centre, Jamshedpur",Jharkhand State Pollution Control Board,Industrial Area,41,53,187,NA
351,5/3/2012,Jharkhand,Jamshedpur,"Bistupur Vehical Testing Centre, Jamshedpur",Jharkhand State Pollution Control Board,Industrial Area,44,53,166,NA
351,5/7/2012,Jharkhand,Jamshedpur,"Bistupur Vehical Testing Centre, Jamshedpur",Jharkhand State Pollution Control Board,Industrial Area,40,54,172,NA
351,5/10/2012,Jharkhand,Jamshedpur,"Bistupur Vehical Testing Centre, Jamshedpur",Jharkhand State Pollution Control Board,Industrial Area,39,51,175,NA
351,14/05/2012,Jharkhand,Jamshedpur,"Bistupur Vehical Testing Centre, Jamshedpur",Jharkhand State Pollution Control Board,Industrial Area,41,53,175,NA
351,17/05/2012,Jharkhand,Jamshedpur,"Bistupur Vehical Testing Centre, Jamshedpur",Jharkhand State Pollution Control Board,Industrial Area,38,53,176,NA
351,21/05/2012,Jharkhand,Jamshedpur,"Bistupur Vehical Testing Centre, Jamshedpur",Jharkhand State Pollution Control Board,Industrial Area,41,51,177,NA
351,24/05/2012,Jharkhand,Jamshedpur,"Bistupur Vehical Testing Centre, Jamshedpur",Jharkhand State Pollution Control Board,Industrial Area,41,54,173,NA
351,28/05/2012,Jharkhand,Jamshedpur,"Bistupur Vehical Testing Centre, Jamshedpur",Jharkhand State Pollution Control Board,Industrial Area,41,54,170,NA
351,30/05/2012,Jharkhand,Jamshedpur,"Bistupur Vehical Testing Centre, Jamshedpur",Jharkhand State Pollution Control Board,Industrial Area,39,52,181,NA
351,6/4/2012,Jharkhand,Jamshedpur,"Bistupur Vehical Testing Centre, Jamshedpur",Jharkhand State Pollution Control Board,Industrial Area,35,50,183,NA
351,6/7/2012,Jharkhand,Jamshedpur,"Bistupur Vehical Testing Centre, Jamshedpur",Jharkhand State Pollution Control Board,Industrial Area,38,53,183,NA
351,6/11/2012,Jharkhand,Jamshedpur,"Bistupur Vehical Testing Centre, Jamshedpur",Jharkhand State Pollution Control Board,Industrial Area,41,54,175,NA
351,14/06/2012,Jharkhand,Jamshedpur,"Bistupur Vehical Testing Centre, Jamshedpur",Jharkhand State Pollution Control Board,Industrial Area,40,53,164,NA
351,18/06/2012,Jharkhand,Jamshedpur,"Bistupur Vehical Testing Centre, Jamshedpur",Jharkhand State Pollution Control Board,Industrial Area,38,52,155,NA
351,22/06/2012,Jharkhand,Jamshedpur,"Bistupur Vehical Testing Centre, Jamshedpur",Jharkhand State Pollution Control Board,Industrial Area,40,52,161,NA
351,25/06/2012,Jharkhand,Jamshedpur,"Bistupur Vehical Testing Centre, Jamshedpur",Jharkhand State Pollution Control Board,Industrial Area,40,54,171,NA
351,28/06/2012,Jharkhand,Jamshedpur,"Bistupur Vehical Testing Centre, Jamshedpur",Jharkhand State Pollution Control Board,Industrial Area,40,52,160,NA
351,7/2/2012,Jharkhand,Jamshedpur,"Bistupur Vehical Testing Centre, Jamshedpur",Jharkhand State Pollution Control Board,Industrial Area,38,48,145,NA
351,7/5/2012,Jharkhand,Jamshedpur,"Bistupur Vehical Testing Centre, Jamshedpur",Jharkhand State Pollution Control Board,Industrial Area,38,49,173,NA
351,7/9/2012,Jharkhand,Jamshedpur,"Bistupur Vehical Testing Centre, Jamshedpur",Jharkhand State Pollution Control Board,Industrial Area,38,49,157,NA
351,7/12/2012,Jharkhand,Jamshedpur,"Bistupur Vehical Testing Centre, Jamshedpur",Jharkhand State Pollution Control Board,Industrial Area,37,52,174,NA
351,16/07/2012,Jharkhand,Jamshedpur,"Bistupur Vehical Testing Centre, Jamshedpur",Jharkhand State Pollution Control Board,Industrial Area,38,51,162,NA
351,19/07/2012,Jharkhand,Jamshedpur,"Bistupur Vehical Testing Centre, Jamshedpur",Jharkhand State Pollution Control Board,Industrial Area,41,51,154,NA
351,23/07/2012,Jharkhand,Jamshedpur,"Bistupur Vehical Testing Centre, Jamshedpur",Jharkhand State Pollution Control Board,Industrial Area,36,49,146,NA
351,26/07/2012,Jharkhand,Jamshedpur,"Bistupur Vehical Testing Centre, Jamshedpur",Jharkhand State Pollution Control Board,Industrial Area,35,46,145,NA
351,30/07/2012,Jharkhand,Jamshedpur,"Bistupur Vehical Testing Centre, Jamshedpur",Jharkhand State Pollution Control Board,Industrial Area,34,47,125,NA
351,8/2/2012,Jharkhand,Jamshedpur,"Bistupur Vehical Testing Centre, Jamshedpur",Jharkhand State Pollution Control Board,Industrial Area,33,44,157,NA
351,8/6/2012,Jharkhand,Jamshedpur,"Bistupur Vehical Testing Centre, Jamshedpur",Jharkhand State Pollution Control Board,Industrial Area,34,44,144,NA
351,8/9/2012,Jharkhand,Jamshedpur,"Bistupur Vehical Testing Centre, Jamshedpur",Jharkhand State Pollution Control Board,Industrial Area,33,44,114,NA
351,23/08/2012,Jharkhand,Jamshedpur,"Bistupur Vehical Testing Centre, Jamshedpur",Jharkhand State Pollution Control Board,Industrial Area,33,49,144,NA
351,27/08/2012,Jharkhand,Jamshedpur,"Bistupur Vehical Testing Centre, Jamshedpur",Jharkhand State Pollution Control Board,Industrial Area,34,43,137,NA
351,30/08/2012,Jharkhand,Jamshedpur,"Bistupur Vehical Testing Centre, Jamshedpur",Jharkhand State Pollution Control Board,Industrial Area,33,43,147,NA
351,9/3/2012,Jharkhand,Jamshedpur,"Bistupur Vehical Testing Centre, Jamshedpur",Jharkhand State Pollution Control Board,Industrial Area,30,42,124,NA
351,9/6/2012,Jharkhand,Jamshedpur,"Bistupur Vehical Testing Centre, Jamshedpur",Jharkhand State Pollution Control Board,Industrial Area,27,38,101,NA
351,9/10/2012,Jharkhand,Jamshedpur,"Bistupur Vehical Testing Centre, Jamshedpur",Jharkhand State Pollution Control Board,Industrial Area,34,44,128,NA
351,13/09/2012,Jharkhand,Jamshedpur,"Bistupur Vehical Testing Centre, Jamshedpur",Jharkhand State Pollution Control Board,Industrial Area,27,38,104,NA
351,18/09/2012,Jharkhand,Jamshedpur,"Bistupur Vehical Testing Centre, Jamshedpur",Jharkhand State Pollution Control Board,Industrial Area,29,37,98,NA
351,22/09/2012,Jharkhand,Jamshedpur,"Bistupur Vehical Testing Centre, Jamshedpur",Jharkhand State Pollution Control Board,Industrial Area,29,39,99,NA
351,27/09/2012,Jharkhand,Jamshedpur,"Bistupur Vehical Testing Centre, Jamshedpur",Jharkhand State Pollution Control Board,Industrial Area,29,37,108,NA
351,29/09/2012,Jharkhand,Jamshedpur,"Bistupur Vehical Testing Centre, Jamshedpur",Jharkhand State Pollution Control Board,Industrial Area,30,39,88,NA
351,10/5/2012,Jharkhand,Jamshedpur,"Bistupur Vehical Testing Centre, Jamshedpur",Jharkhand State Pollution Control Board,Industrial Area,33,44,97,NA
351,10/8/2012,Jharkhand,Jamshedpur,"Bistupur Vehical Testing Centre, Jamshedpur",Jharkhand State Pollution Control Board,Industrial Area,30,41,88,NA
351,10/11/2012,Jharkhand,Jamshedpur,"Bistupur Vehical Testing Centre, Jamshedpur",Jharkhand State Pollution Control Board,Industrial Area,30,41,98,NA
351,15/10/2012,Jharkhand,Jamshedpur,"Bistupur Vehical Testing Centre, Jamshedpur",Jharkhand State Pollution Control Board,Industrial Area,30,41,94,NA
351,19/10/2012,Jharkhand,Jamshedpur,"Bistupur Vehical Testing Centre, Jamshedpur",Jharkhand State Pollution Control Board,Industrial Area,31,44,110,NA
351,25/10/2012,Jharkhand,Jamshedpur,"Bistupur Vehical Testing Centre, Jamshedpur",Jharkhand State Pollution Control Board,Industrial Area,32,43,103,NA
351,31/10/2012,Jharkhand,Jamshedpur,"Bistupur Vehical Testing Centre, Jamshedpur",Jharkhand State Pollution Control Board,Industrial Area,34,45,104,NA
351,11/1/2012,Jharkhand,Jamshedpur,"Bistupur Vehical Testing Centre, Jamshedpur",Jharkhand State Pollution Control Board,Industrial Area,37,42,102,NA
351,11/5/2012,Jharkhand,Jamshedpur,"Bistupur Vehical Testing Centre, Jamshedpur",Jharkhand State Pollution Control Board,Industrial Area,38,41,98,NA
351,11/7/2012,Jharkhand,Jamshedpur,"Bistupur Vehical Testing Centre, Jamshedpur",Jharkhand State Pollution Control Board,Industrial Area,31,45,149,NA
351,13/11/2012,Jharkhand,Jamshedpur,"Bistupur Vehical Testing Centre, Jamshedpur",Jharkhand State Pollution Control Board,Industrial Area,47,52,206,NA
351,21/11/2012,Jharkhand,Jamshedpur,"Bistupur Vehical Testing Centre, Jamshedpur",Jharkhand State Pollution Control Board,Industrial Area,39,52,127,NA
351,24/11/2012,Jharkhand,Jamshedpur,"Bistupur Vehical Testing Centre, Jamshedpur",Jharkhand State Pollution Control Board,Industrial Area,38,47,131,NA
351,29/11/2012,Jharkhand,Jamshedpur,"Bistupur Vehical Testing Centre, Jamshedpur",Jharkhand State Pollution Control Board,Industrial Area,37,47,120,NA
351,12/3/2012,Jharkhand,Jamshedpur,"Bistupur Vehical Testing Centre, Jamshedpur",Jharkhand State Pollution Control Board,Industrial Area,39,43,153,NA
351,12/6/2012,Jharkhand,Jamshedpur,"Bistupur Vehical Testing Centre, Jamshedpur",Jharkhand State Pollution Control Board,Industrial Area,38,46,146,NA
351,12/10/2012,Jharkhand,Jamshedpur,"Bistupur Vehical Testing Centre, Jamshedpur",Jharkhand State Pollution Control Board,Industrial Area,35,48,155,NA
351,13/12/2012,Jharkhand,Jamshedpur,"Bistupur Vehical Testing Centre, Jamshedpur",Jharkhand State Pollution Control Board,Industrial Area,37,47,138,NA
351,17/12/2012,Jharkhand,Jamshedpur,"Bistupur Vehical Testing Centre, Jamshedpur",Jharkhand State Pollution Control Board,Industrial Area,40,44,144,NA
351,20/12/2012,Jharkhand,Jamshedpur,"Bistupur Vehical Testing Centre, Jamshedpur",Jharkhand State Pollution Control Board,Industrial Area,37,50,154,NA
351,24/12/2012,Jharkhand,Jamshedpur,"Bistupur Vehical Testing Centre, Jamshedpur",Jharkhand State Pollution Control Board,Industrial Area,37,48,155,NA
351,31/12/2012,Jharkhand,Jamshedpur,"Bistupur Vehical Testing Centre, Jamshedpur",Jharkhand State Pollution Control Board,Industrial Area,36,41,136,NA
382,1/3/2012,Jharkhand,Jamshedpur,"Golmuri Vehicle Testing Centre, Jamshedpur",Jharkhand State Pollution Control Board,Industrial Area,36,47,159,NA
382,1/7/2012,Jharkhand,Jamshedpur,"Golmuri Vehicle Testing Centre, Jamshedpur",Jharkhand State Pollution Control Board,Industrial Area,38,48,111,NA
382,1/10/2012,Jharkhand,Jamshedpur,"Golmuri Vehicle Testing Centre, Jamshedpur",Jharkhand State Pollution Control Board,Industrial Area,39,50,151,NA
382,13/01/2012,Jharkhand,Jamshedpur,"Golmuri Vehicle Testing Centre, Jamshedpur",Jharkhand State Pollution Control Board,Industrial Area,39,51,144,NA
382,16/01/2012,Jharkhand,Jamshedpur,"Golmuri Vehicle Testing Centre, Jamshedpur",Jharkhand State Pollution Control Board,Industrial Area,37,48,156,NA
382,19/01/2012,Jharkhand,Jamshedpur,"Golmuri Vehicle Testing Centre, Jamshedpur",Jharkhand State Pollution Control Board,Industrial Area,39,49,161,NA
382,24/01/2012,Jharkhand,Jamshedpur,"Golmuri Vehicle Testing Centre, Jamshedpur",Jharkhand State Pollution Control Board,Industrial Area,40,54,174,NA
382,30/01/2012,Jharkhand,Jamshedpur,"Golmuri Vehicle Testing Centre, Jamshedpur",Jharkhand State Pollution Control Board,Industrial Area,40,48,170,NA
382,2/2/2012,Jharkhand,Jamshedpur,"Golmuri Vehicle Testing Centre, Jamshedpur",Jharkhand State Pollution Control Board,Industrial Area,43,50,159,NA
382,2/6/2012,Jharkhand,Jamshedpur,"Golmuri Vehicle Testing Centre, Jamshedpur",Jharkhand State Pollution Control Board,Industrial Area,42,49,166,NA
382,2/9/2012,Jharkhand,Jamshedpur,"Golmuri Vehicle Testing Centre, Jamshedpur",Jharkhand State Pollution Control Board,Industrial Area,45,57,166,NA
382,13/02/2012,Jharkhand,Jamshedpur,"Golmuri Vehicle Testing Centre, Jamshedpur",Jharkhand State Pollution Control Board,Industrial Area,39,48,168,NA
382,16/02/2012,Jharkhand,Jamshedpur,"Golmuri Vehicle Testing Centre, Jamshedpur",Jharkhand State Pollution Control Board,Industrial Area,39,54,165,NA
382,21/02/2012,Jharkhand,Jamshedpur,"Golmuri Vehicle Testing Centre, Jamshedpur",Jharkhand State Pollution Control Board,Industrial Area,42,56,169,NA
382,24/02/2012,Jharkhand,Jamshedpur,"Golmuri Vehicle Testing Centre, Jamshedpur",Jharkhand State Pollution Control Board,Industrial Area,39,55,171,NA
382,28/02/2012,Jharkhand,Jamshedpur,"Golmuri Vehicle Testing Centre, Jamshedpur",Jharkhand State Pollution Control Board,Industrial Area,38,50,166,NA
382,3/5/2012,Jharkhand,Jamshedpur,"Golmuri Vehicle Testing Centre, Jamshedpur",Jharkhand State Pollution Control Board,Industrial Area,38,53,170,NA
382,3/12/2012,Jharkhand,Jamshedpur,"Golmuri Vehicle Testing Centre, Jamshedpur",Jharkhand State Pollution Control Board,Industrial Area,38,52,170,NA
382,15/03/2012,Jharkhand,Jamshedpur,"Golmuri Vehicle Testing Centre, Jamshedpur",Jharkhand State Pollution Control Board,Industrial Area,42,54,176,NA
382,19/03/2012,Jharkhand,Jamshedpur,"Golmuri Vehicle Testing Centre, Jamshedpur",Jharkhand State Pollution Control Board,Industrial Area,38,50,167,NA
382,22/03/2012,Jharkhand,Jamshedpur,"Golmuri Vehicle Testing Centre, Jamshedpur",Jharkhand State Pollution Control Board,Industrial Area,38,51,174,NA
382,26/03/2012,Jharkhand,Jamshedpur,"Golmuri Vehicle Testing Centre, Jamshedpur",Jharkhand State Pollution Control Board,Industrial Area,39,51,164,NA
382,29/03/2012,Jharkhand,Jamshedpur,"Golmuri Vehicle Testing Centre, Jamshedpur",Jharkhand State Pollution Control Board,Industrial Area,39,51,171,NA
382,4/3/2012,Jharkhand,Jamshedpur,"Golmuri Vehicle Testing Centre, Jamshedpur",Jharkhand State Pollution Control Board,Industrial Area,40,52,163,NA
382,4/9/2012,Jharkhand,Jamshedpur,"Golmuri Vehicle Testing Centre, Jamshedpur",Jharkhand State Pollution Control Board,Industrial Area,37,51,169,NA
382,4/12/2012,Jharkhand,Jamshedpur,"Golmuri Vehicle Testing Centre, Jamshedpur",Jharkhand State Pollution Control Board,Industrial Area,41,51,171,NA
382,16/04/2012,Jharkhand,Jamshedpur,"Golmuri Vehicle Testing Centre, Jamshedpur",Jharkhand State Pollution Control Board,Industrial Area,43,56,175,NA
382,19/04/2012,Jharkhand,Jamshedpur,"Golmuri Vehicle Testing Centre, Jamshedpur",Jharkhand State Pollution Control Board,Industrial Area,40,55,177,NA
382,24/04/2012,Jharkhand,Jamshedpur,"Golmuri Vehicle Testing Centre, Jamshedpur",Jharkhand State Pollution Control Board,Industrial Area,39,54,171,NA
382,27/04/2012,Jharkhand,Jamshedpur,"Golmuri Vehicle Testing Centre, Jamshedpur",Jharkhand State Pollution Control Board,Industrial Area,41,53,185,NA
382,5/4/2012,Jharkhand,Jamshedpur,"Golmuri Vehicle Testing Centre, Jamshedpur",Jharkhand State Pollution Control Board,Industrial Area,41,55,175,NA
382,5/7/2012,Jharkhand,Jamshedpur,"Golmuri Vehicle Testing Centre, Jamshedpur",Jharkhand State Pollution Control Board,Industrial Area,40,54,172,NA
382,5/8/2012,Jharkhand,Jamshedpur,"Golmuri Vehicle Testing Centre, Jamshedpur",Jharkhand State Pollution Control Board,Industrial Area,38,51,173,NA
382,5/11/2012,Jharkhand,Jamshedpur,"Golmuri Vehicle Testing Centre, Jamshedpur",Jharkhand State Pollution Control Board,Industrial Area,39,54,175,NA
382,15/05/2012,Jharkhand,Jamshedpur,"Golmuri Vehicle Testing Centre, Jamshedpur",Jharkhand State Pollution Control Board,Industrial Area,44,53,169,NA
382,18/05/2012,Jharkhand,Jamshedpur,"Golmuri Vehicle Testing Centre, Jamshedpur",Jharkhand State Pollution Control Board,Industrial Area,40,51,184,NA
382,22/05/2012,Jharkhand,Jamshedpur,"Golmuri Vehicle Testing Centre, Jamshedpur",Jharkhand State Pollution Control Board,Industrial Area,41,55,185,NA
382,25/05/2012,Jharkhand,Jamshedpur,"Golmuri Vehicle Testing Centre, Jamshedpur",Jharkhand State Pollution Control Board,Industrial Area,38,52,174,NA
382,29/05/2012,Jharkhand,Jamshedpur,"Golmuri Vehicle Testing Centre, Jamshedpur",Jharkhand State Pollution Control Board,Industrial Area,39,51,176,NA
382,6/6/2012,Jharkhand,Jamshedpur,"Golmuri Vehicle Testing Centre, Jamshedpur",Jharkhand State Pollution Control Board,Industrial Area,40,52,187,NA
382,6/8/2012,Jharkhand,Jamshedpur,"Golmuri Vehicle Testing Centre, Jamshedpur",Jharkhand State Pollution Control Board,Industrial Area,38,51,176,NA
382,6/12/2012,Jharkhand,Jamshedpur,"Golmuri Vehicle Testing Centre, Jamshedpur",Jharkhand State Pollution Control Board,Industrial Area,41,55,171,NA
382,15/06/2012,Jharkhand,Jamshedpur,"Golmuri Vehicle Testing Centre, Jamshedpur",Jharkhand State Pollution Control Board,Industrial Area,42,54,176,NA
382,19/06/2012,Jharkhand,Jamshedpur,"Golmuri Vehicle Testing Centre, Jamshedpur",Jharkhand State Pollution Control Board,Industrial Area,38,49,174,NA
382,23/06/2012,Jharkhand,Jamshedpur,"Golmuri Vehicle Testing Centre, Jamshedpur",Jharkhand State Pollution Control Board,Industrial Area,38,52,177,NA
382,26/06/2012,Jharkhand,Jamshedpur,"Golmuri Vehicle Testing Centre, Jamshedpur",Jharkhand State Pollution Control Board,Industrial Area,43,53,172,NA
382,29/06/2012,Jharkhand,Jamshedpur,"Golmuri Vehicle Testing Centre, Jamshedpur",Jharkhand State Pollution Control Board,Industrial Area,38,50,173,NA
382,7/3/2012,Jharkhand,Jamshedpur,"Golmuri Vehicle Testing Centre, Jamshedpur",Jharkhand State Pollution Control Board,Industrial Area,40,52,169,NA
382,7/6/2012,Jharkhand,Jamshedpur,"Golmuri Vehicle Testing Centre, Jamshedpur",Jharkhand State Pollution Control Board,Industrial Area,38,50,173,NA
382,7/10/2012,Jharkhand,Jamshedpur,"Golmuri Vehicle Testing Centre, Jamshedpur",Jharkhand State Pollution Control Board,Industrial Area,37,53,166,NA
382,13/07/2012,Jharkhand,Jamshedpur,"Golmuri Vehicle Testing Centre, Jamshedpur",Jharkhand State Pollution Control Board,Industrial Area,39,53,166,NA
382,17/07/2012,Jharkhand,Jamshedpur,"Golmuri Vehicle Testing Centre, Jamshedpur",Jharkhand State Pollution Control Board,Industrial Area,41,46,157,NA
382,20/07/2012,Jharkhand,Jamshedpur,"Golmuri Vehicle Testing Centre, Jamshedpur",Jharkhand State Pollution Control Board,Industrial Area,38,49,124,NA
382,24/07/2012,Jharkhand,Jamshedpur,"Golmuri Vehicle Testing Centre, Jamshedpur",Jharkhand State Pollution Control Board,Industrial Area,39,54,134,NA
382,27/07/2012,Jharkhand,Jamshedpur,"Golmuri Vehicle Testing Centre, Jamshedpur",Jharkhand State Pollution Control Board,Industrial Area,34,46,141,NA
382,8/3/2012,Jharkhand,Jamshedpur,"Golmuri Vehicle Testing Centre, Jamshedpur",Jharkhand State Pollution Control Board,Industrial Area,32,45,139,NA
382,8/7/2012,Jharkhand,Jamshedpur,"Golmuri Vehicle Testing Centre, Jamshedpur",Jharkhand State Pollution Control Board,Industrial Area,35,44,141,NA
382,8/11/2012,Jharkhand,Jamshedpur,"Golmuri Vehicle Testing Centre, Jamshedpur",Jharkhand State Pollution Control Board,Industrial Area,33,41,109,NA
382,16/08/2012,Jharkhand,Jamshedpur,"Golmuri Vehicle Testing Centre, Jamshedpur",Jharkhand State Pollution Control Board,Industrial Area,35,46,112,NA
382,21/08/2012,Jharkhand,Jamshedpur,"Golmuri Vehicle Testing Centre, Jamshedpur",Jharkhand State Pollution Control Board,Industrial Area,34,46,136,NA
382,24/08/2012,Jharkhand,Jamshedpur,"Golmuri Vehicle Testing Centre, Jamshedpur",Jharkhand State Pollution Control Board,Industrial Area,34,47,146,NA
382,28/08/2012,Jharkhand,Jamshedpur,"Golmuri Vehicle Testing Centre, Jamshedpur",Jharkhand State Pollution Control Board,Industrial Area,33,39,139,NA
382,31/08/2012,Jharkhand,Jamshedpur,"Golmuri Vehicle Testing Centre, Jamshedpur",Jharkhand State Pollution Control Board,Industrial Area,33,45,131,NA
382,9/4/2012,Jharkhand,Jamshedpur,"Golmuri Vehicle Testing Centre, Jamshedpur",Jharkhand State Pollution Control Board,Industrial Area,29,41,115,NA
382,9/7/2012,Jharkhand,Jamshedpur,"Golmuri Vehicle Testing Centre, Jamshedpur",Jharkhand State Pollution Control Board,Industrial Area,26,36,106,NA
382,9/11/2012,Jharkhand,Jamshedpur,"Golmuri Vehicle Testing Centre, Jamshedpur",Jharkhand State Pollution Control Board,Industrial Area,29,42,106,NA
382,14/09/2012,Jharkhand,Jamshedpur,"Golmuri Vehicle Testing Centre, Jamshedpur",Jharkhand State Pollution Control Board,Industrial Area,29,39,110,NA
382,20/09/2012,Jharkhand,Jamshedpur,"Golmuri Vehicle Testing Centre, Jamshedpur",Jharkhand State Pollution Control Board,Industrial Area,26,35,113,NA
382,24/09/2012,Jharkhand,Jamshedpur,"Golmuri Vehicle Testing Centre, Jamshedpur",Jharkhand State Pollution Control Board,Industrial Area,29,37,87,NA
382,28/09/2012,Jharkhand,Jamshedpur,"Golmuri Vehicle Testing Centre, Jamshedpur",Jharkhand State Pollution Control Board,Industrial Area,27,40,96,NA
382,10/3/2012,Jharkhand,Jamshedpur,"Golmuri Vehicle Testing Centre, Jamshedpur",Jharkhand State Pollution Control Board,Industrial Area,29,38,88,NA
382,10/6/2012,Jharkhand,Jamshedpur,"Golmuri Vehicle Testing Centre, Jamshedpur",Jharkhand State Pollution Control Board,Industrial Area,28,41,95,NA
382,10/9/2012,Jharkhand,Jamshedpur,"Golmuri Vehicle Testing Centre, Jamshedpur",Jharkhand State Pollution Control Board,Industrial Area,30,43,108,NA
382,10/12/2012,Jharkhand,Jamshedpur,"Golmuri Vehicle Testing Centre, Jamshedpur",Jharkhand State Pollution Control Board,Industrial Area,31,43,95,NA
382,17/10/2012,Jharkhand,Jamshedpur,"Golmuri Vehicle Testing Centre, Jamshedpur",Jharkhand State Pollution Control Board,Industrial Area,33,45,108,NA
382,20/10/2012,Jharkhand,Jamshedpur,"Golmuri Vehicle Testing Centre, Jamshedpur",Jharkhand State Pollution Control Board,Industrial Area,34,47,129,NA
382,29/10/2012,Jharkhand,Jamshedpur,"Golmuri Vehicle Testing Centre, Jamshedpur",Jharkhand State Pollution Control Board,Industrial Area,33,44,115,NA
382,11/2/2012,Jharkhand,Jamshedpur,"Golmuri Vehicle Testing Centre, Jamshedpur",Jharkhand State Pollution Control Board,Industrial Area,36,47,92,NA
382,11/6/2012,Jharkhand,Jamshedpur,"Golmuri Vehicle Testing Centre, Jamshedpur",Jharkhand State Pollution Control Board,Industrial Area,35,46,83,NA
382,11/7/2012,Jharkhand,Jamshedpur,"Golmuri Vehicle Testing Centre, Jamshedpur",Jharkhand State Pollution Control Board,Industrial Area,30,42,149,NA
382,11/9/2012,Jharkhand,Jamshedpur,"Golmuri Vehicle Testing Centre, Jamshedpur",Jharkhand State Pollution Control Board,Industrial Area,30,45,90,NA
382,13/11/2012,Jharkhand,Jamshedpur,"Golmuri Vehicle Testing Centre, Jamshedpur",Jharkhand State Pollution Control Board,Industrial Area,40,52,232,NA
382,16/11/2012,Jharkhand,Jamshedpur,"Golmuri Vehicle Testing Centre, Jamshedpur",Jharkhand State Pollution Control Board,Industrial Area,37,47,112,NA
382,22/11/2012,Jharkhand,Jamshedpur,"Golmuri Vehicle Testing Centre, Jamshedpur",Jharkhand State Pollution Control Board,Industrial Area,38,46,127,NA
382,26/11/2012,Jharkhand,Jamshedpur,"Golmuri Vehicle Testing Centre, Jamshedpur",Jharkhand State Pollution Control Board,Industrial Area,39,49,131,NA
382,30/11/2012,Jharkhand,Jamshedpur,"Golmuri Vehicle Testing Centre, Jamshedpur",Jharkhand State Pollution Control Board,Industrial Area,37,45,127,NA
382,12/4/2012,Jharkhand,Jamshedpur,"Golmuri Vehicle Testing Centre, Jamshedpur",Jharkhand State Pollution Control Board,Industrial Area,37,49,138,NA
382,12/7/2012,Jharkhand,Jamshedpur,"Golmuri Vehicle Testing Centre, Jamshedpur",Jharkhand State Pollution Control Board,Industrial Area,39,52,148,NA
382,12/11/2012,Jharkhand,Jamshedpur,"Golmuri Vehicle Testing Centre, Jamshedpur",Jharkhand State Pollution Control Board,Industrial Area,36,48,132,NA
382,14/12/2012,Jharkhand,Jamshedpur,"Golmuri Vehicle Testing Centre, Jamshedpur",Jharkhand State Pollution Control Board,Industrial Area,36,54,147,NA
382,18/12/2012,Jharkhand,Jamshedpur,"Golmuri Vehicle Testing Centre, Jamshedpur",Jharkhand State Pollution Control Board,Industrial Area,36,49,141,NA
382,21/12/2012,Jharkhand,Jamshedpur,"Golmuri Vehicle Testing Centre, Jamshedpur",Jharkhand State Pollution Control Board,Industrial Area,38,47,142,NA
382,26/12/2012,Jharkhand,Jamshedpur,"Golmuri Vehicle Testing Centre, Jamshedpur",Jharkhand State Pollution Control Board,Industrial Area,36,50,149,NA
382,29/12/2012,Jharkhand,Jamshedpur,"Golmuri Vehicle Testing Centre, Jamshedpur",Jharkhand State Pollution Control Board,Industrial Area,34,48,148,NA
332,1/4/2012,Jharkhand,Jharia,"M.A.D.A., Jharia",Jharkhand State Pollution Control Board,Industrial Area,12,32,205,NA
332,1/7/2012,Jharkhand,Jharia,"M.A.D.A., Jharia",Jharkhand State Pollution Control Board,Industrial Area,26,35,201,NA
332,1/10/2012,Jharkhand,Jharia,"M.A.D.A., Jharia",Jharkhand State Pollution Control Board,Industrial Area,14,34,178,NA
332,13/01/2012,Jharkhand,Jharia,"M.A.D.A., Jharia",Jharkhand State Pollution Control Board,Industrial Area,14,33,204,NA
332,17/01/2012,Jharkhand,Jharia,"M.A.D.A., Jharia",Jharkhand State Pollution Control Board,Industrial Area,14,20,190,NA
332,19/01/2012,Jharkhand,Jharia,"M.A.D.A., Jharia",Jharkhand State Pollution Control Board,Industrial Area,16,37,198,NA
332,21/01/2012,Jharkhand,Jharia,"M.A.D.A., Jharia",Jharkhand State Pollution Control Board,Industrial Area,16,37,188,NA
332,25/01/2012,Jharkhand,Jharia,"M.A.D.A., Jharia",Jharkhand State Pollution Control Board,Industrial Area,12,32,200,NA
332,31/01/2012,Jharkhand,Jharia,"M.A.D.A., Jharia",Jharkhand State Pollution Control Board,Industrial Area,16,36,201,NA
332,2/3/2012,Jharkhand,Jharia,"M.A.D.A., Jharia",Jharkhand State Pollution Control Board,Industrial Area,16,35,241,NA
332,2/9/2012,Jharkhand,Jharia,"M.A.D.A., Jharia",Jharkhand State Pollution Control Board,Industrial Area,17,33,233,NA
332,14/02/2012,Jharkhand,Jharia,"M.A.D.A., Jharia",Jharkhand State Pollution Control Board,Industrial Area,19,38,239,NA
332,16/02/2012,Jharkhand,Jharia,"M.A.D.A., Jharia",Jharkhand State Pollution Control Board,Industrial Area,19,42,217,NA
332,18/02/2012,Jharkhand,Jharia,"M.A.D.A., Jharia",Jharkhand State Pollution Control Board,Industrial Area,25,44,228,NA
332,23/02/2012,Jharkhand,Jharia,"M.A.D.A., Jharia",Jharkhand State Pollution Control Board,Industrial Area,21,36,216,NA
332,25/02/2012,Jharkhand,Jharia,"M.A.D.A., Jharia",Jharkhand State Pollution Control Board,Industrial Area,18,41,239,NA
332,28/02/2012,Jharkhand,Jharia,"M.A.D.A., Jharia",Jharkhand State Pollution Control Board,Industrial Area,19,38,262,NA
332,3/3/2012,Jharkhand,Jharia,"M.A.D.A., Jharia",Jharkhand State Pollution Control Board,Industrial Area,NA,NA,154,NA
332,3/6/2012,Jharkhand,Jharia,"M.A.D.A., Jharia",Jharkhand State Pollution Control Board,Industrial Area,18,37,187,NA
332,13/03/2012,Jharkhand,Jharia,"M.A.D.A., Jharia",Jharkhand State Pollution Control Board,Industrial Area,16,39,206,NA
332,15/03/2012,Jharkhand,Jharia,"M.A.D.A., Jharia",Jharkhand State Pollution Control Board,Industrial Area,34,38,227,NA
332,17/03/2012,Jharkhand,Jharia,"M.A.D.A., Jharia",Jharkhand State Pollution Control Board,Industrial Area,17,41,196,NA
332,20/03/2012,Jharkhand,Jharia,"M.A.D.A., Jharia",Jharkhand State Pollution Control Board,Industrial Area,16,40,211,NA
332,22/03/2012,Jharkhand,Jharia,"M.A.D.A., Jharia",Jharkhand State Pollution Control Board,Industrial Area,15,40,235,NA
332,24/03/2012,Jharkhand,Jharia,"M.A.D.A., Jharia",Jharkhand State Pollution Control Board,Industrial Area,18,38,239,NA
332,27/03/2012,Jharkhand,Jharia,"M.A.D.A., Jharia",Jharkhand State Pollution Control Board,Industrial Area,16,41,252,NA
332,30/03/2012,Jharkhand,Jharia,"M.A.D.A., Jharia",Jharkhand State Pollution Control Board,Industrial Area,18,42,234,NA
332,4/3/2012,Jharkhand,Jharia,"M.A.D.A., Jharia",Jharkhand State Pollution Control Board,Industrial Area,28,41,223,NA
332,4/10/2012,Jharkhand,Jharia,"M.A.D.A., Jharia",Jharkhand State Pollution Control Board,Industrial Area,14,37,252,NA
332,13/04/2012,Jharkhand,Jharia,"M.A.D.A., Jharia",Jharkhand State Pollution Control Board,Industrial Area,19,46,241,NA
332,17/04/2012,Jharkhand,Jharia,"M.A.D.A., Jharia",Jharkhand State Pollution Control Board,Industrial Area,19,48,260,NA
332,19/04/2012,Jharkhand,Jharia,"M.A.D.A., Jharia",Jharkhand State Pollution Control Board,Industrial Area,19,45,235,NA
332,21/04/2012,Jharkhand,Jharia,"M.A.D.A., Jharia",Jharkhand State Pollution Control Board,Industrial Area,19,48,262,NA
332,26/04/2012,Jharkhand,Jharia,"M.A.D.A., Jharia",Jharkhand State Pollution Control Board,Industrial Area,17,43,236,NA
332,28/04/2012,Jharkhand,Jharia,"M.A.D.A., Jharia",Jharkhand State Pollution Control Board,Industrial Area,16,42,211,NA
332,5/3/2012,Jharkhand,Jharia,"M.A.D.A., Jharia",Jharkhand State Pollution Control Board,Industrial Area,14,40,250,NA
332,5/5/2012,Jharkhand,Jharia,"M.A.D.A., Jharia",Jharkhand State Pollution Control Board,Industrial Area,17,49,257,NA
332,5/9/2012,Jharkhand,Jharia,"M.A.D.A., Jharia",Jharkhand State Pollution Control Board,Industrial Area,17,46,208,NA
332,5/12/2012,Jharkhand,Jharia,"M.A.D.A., Jharia",Jharkhand State Pollution Control Board,Industrial Area,16,46,219,NA
332,16/05/2012,Jharkhand,Jharia,"M.A.D.A., Jharia",Jharkhand State Pollution Control Board,Industrial Area,14,43,242,NA
332,19/05/2012,Jharkhand,Jharia,"M.A.D.A., Jharia",Jharkhand State Pollution Control Board,Industrial Area,18,43,229,NA
332,22/05/2012,Jharkhand,Jharia,"M.A.D.A., Jharia",Jharkhand State Pollution Control Board,Industrial Area,15,38,254,NA
332,25/05/2012,Jharkhand,Jharia,"M.A.D.A., Jharia",Jharkhand State Pollution Control Board,Industrial Area,18,40,269,NA
332,30/05/2012,Jharkhand,Jharia,"M.A.D.A., Jharia",Jharkhand State Pollution Control Board,Industrial Area,15,40,255,NA
332,6/2/2012,Jharkhand,Jharia,"M.A.D.A., Jharia",Jharkhand State Pollution Control Board,Industrial Area,13,34,243,NA
332,6/9/2012,Jharkhand,Jharia,"M.A.D.A., Jharia",Jharkhand State Pollution Control Board,Industrial Area,14,36,247,NA
332,13/06/2012,Jharkhand,Jharia,"M.A.D.A., Jharia",Jharkhand State Pollution Control Board,Industrial Area,13,33,265,NA
332,16/06/2012,Jharkhand,Jharia,"M.A.D.A., Jharia",Jharkhand State Pollution Control Board,Industrial Area,15,37,241,NA
332,20/06/2012,Jharkhand,Jharia,"M.A.D.A., Jharia",Jharkhand State Pollution Control Board,Industrial Area,14,41,267,NA
332,23/06/2012,Jharkhand,Jharia,"M.A.D.A., Jharia",Jharkhand State Pollution Control Board,Industrial Area,14,35,218,NA
332,26/06/2012,Jharkhand,Jharia,"M.A.D.A., Jharia",Jharkhand State Pollution Control Board,Industrial Area,24,43,235,NA
332,29/06/2012,Jharkhand,Jharia,"M.A.D.A., Jharia",Jharkhand State Pollution Control Board,Industrial Area,16,45,208,NA
332,7/4/2012,Jharkhand,Jharia,"M.A.D.A., Jharia",Jharkhand State Pollution Control Board,Industrial Area,14,41,229,NA
332,7/7/2012,Jharkhand,Jharia,"M.A.D.A., Jharia",Jharkhand State Pollution Control Board,Industrial Area,19,43,189,NA
332,7/10/2012,Jharkhand,Jharia,"M.A.D.A., Jharia",Jharkhand State Pollution Control Board,Industrial Area,20,43,208,NA
332,13/07/2012,Jharkhand,Jharia,"M.A.D.A., Jharia",Jharkhand State Pollution Control Board,Industrial Area,20,38,243,NA
332,17/07/2012,Jharkhand,Jharia,"M.A.D.A., Jharia",Jharkhand State Pollution Control Board,Industrial Area,14,42,254,NA
332,20/07/2012,Jharkhand,Jharia,"M.A.D.A., Jharia",Jharkhand State Pollution Control Board,Industrial Area,16,45,208,NA
332,24/07/2012,Jharkhand,Jharia,"M.A.D.A., Jharia",Jharkhand State Pollution Control Board,Industrial Area,16,40,213,NA
332,28/07/2012,Jharkhand,Jharia,"M.A.D.A., Jharia",Jharkhand State Pollution Control Board,Industrial Area,NA,NA,120,NA
332,8/4/2012,Jharkhand,Jharia,"M.A.D.A., Jharia",Jharkhand State Pollution Control Board,Industrial Area,18,44,210,NA
332,14/08/2012,Jharkhand,Jharia,"M.A.D.A., Jharia",Jharkhand State Pollution Control Board,Industrial Area,12,38,214,NA
332,18/08/2012,Jharkhand,Jharia,"M.A.D.A., Jharia",Jharkhand State Pollution Control Board,Industrial Area,19,38,189,NA
332,22/08/2012,Jharkhand,Jharia,"M.A.D.A., Jharia",Jharkhand State Pollution Control Board,Industrial Area,17,40,180,NA
332,25/08/2012,Jharkhand,Jharia,"M.A.D.A., Jharia",Jharkhand State Pollution Control Board,Industrial Area,NA,NA,NA,NA
332,28/08/2012,Jharkhand,Jharia,"M.A.D.A., Jharia",Jharkhand State Pollution Control Board,Industrial Area,17,40,184,NA
332,31/08/2012,Jharkhand,Jharia,"M.A.D.A., Jharia",Jharkhand State Pollution Control Board,Industrial Area,18,44,230,NA
332,9/4/2012,Jharkhand,Jharia,"M.A.D.A., Jharia",Jharkhand State Pollution Control Board,Industrial Area,18,42,108,NA
332,9/6/2012,Jharkhand,Jharia,"M.A.D.A., Jharia",Jharkhand State Pollution Control Board,Industrial Area,16,41,116,NA
332,9/8/2012,Jharkhand,Jharia,"M.A.D.A., Jharia",Jharkhand State Pollution Control Board,Industrial Area,18,43,101,NA
332,9/11/2012,Jharkhand,Jharia,"M.A.D.A., Jharia",Jharkhand State Pollution Control Board,Industrial Area,15,41,136,NA
332,14/09/2012,Jharkhand,Jharia,"M.A.D.A., Jharia",Jharkhand State Pollution Control Board,Industrial Area,14,40,125,NA
332,21/09/2012,Jharkhand,Jharia,"M.A.D.A., Jharia",Jharkhand State Pollution Control Board,Industrial Area,17,44,161,NA
332,25/09/2012,Jharkhand,Jharia,"M.A.D.A., Jharia",Jharkhand State Pollution Control Board,Industrial Area,17,44,101,NA
332,28/09/2012,Jharkhand,Jharia,"M.A.D.A., Jharia",Jharkhand State Pollution Control Board,Industrial Area,16,43,156,NA
332,10/5/2012,Jharkhand,Jharia,"M.A.D.A., Jharia",Jharkhand State Pollution Control Board,Industrial Area,17,44,210,NA
332,10/9/2012,Jharkhand,Jharia,"M.A.D.A., Jharia",Jharkhand State Pollution Control Board,Industrial Area,17,44,201,NA
332,10/11/2012,Jharkhand,Jharia,"M.A.D.A., Jharia",Jharkhand State Pollution Control Board,Industrial Area,15,43,178,NA
332,13/10/2012,Jharkhand,Jharia,"M.A.D.A., Jharia",Jharkhand State Pollution Control Board,Industrial Area,16,43,190,NA
332,18/10/2012,Jharkhand,Jharia,"M.A.D.A., Jharia",Jharkhand State Pollution Control Board,Industrial Area,17,42,174,NA
332,20/10/2012,Jharkhand,Jharia,"M.A.D.A., Jharia",Jharkhand State Pollution Control Board,Industrial Area,17,42,238,NA
332,26/10/2012,Jharkhand,Jharia,"M.A.D.A., Jharia",Jharkhand State Pollution Control Board,Industrial Area,17,38,170,NA
332,30/10/2012,Jharkhand,Jharia,"M.A.D.A., Jharia",Jharkhand State Pollution Control Board,Industrial Area,14,41,215,NA
332,11/3/2012,Jharkhand,Jharia,"M.A.D.A., Jharia",Jharkhand State Pollution Control Board,Industrial Area,14,38,215,NA
332,11/6/2012,Jharkhand,Jharia,"M.A.D.A., Jharia",Jharkhand State Pollution Control Board,Industrial Area,15,34,250,NA
332,11/8/2012,Jharkhand,Jharia,"M.A.D.A., Jharia",Jharkhand State Pollution Control Board,Industrial Area,17,39,234,NA
332,11/10/2012,Jharkhand,Jharia,"M.A.D.A., Jharia",Jharkhand State Pollution Control Board,Industrial Area,17,39,213,NA
332,17/11/2012,Jharkhand,Jharia,"M.A.D.A., Jharia",Jharkhand State Pollution Control Board,Industrial Area,15,37,241,NA
332,22/11/2012,Jharkhand,Jharia,"M.A.D.A., Jharia",Jharkhand State Pollution Control Board,Industrial Area,16,37,203,NA
332,24/11/2012,Jharkhand,Jharia,"M.A.D.A., Jharia",Jharkhand State Pollution Control Board,Industrial Area,15,38,215,NA
332,27/11/2012,Jharkhand,Jharia,"M.A.D.A., Jharia",Jharkhand State Pollution Control Board,Industrial Area,15,38,248,NA
332,30/11/2012,Jharkhand,Jharia,"M.A.D.A., Jharia",Jharkhand State Pollution Control Board,Industrial Area,16,38,222,NA
332,12/4/2012,Jharkhand,Jharia,"M.A.D.A., Jharia",Jharkhand State Pollution Control Board,Industrial Area,17,42,205,NA
332,12/7/2012,Jharkhand,Jharia,"M.A.D.A., Jharia",Jharkhand State Pollution Control Board,Industrial Area,17,42,209,NA
332,12/11/2012,Jharkhand,Jharia,"M.A.D.A., Jharia",Jharkhand State Pollution Control Board,Industrial Area,16,39,198,NA
332,14/12/2012,Jharkhand,Jharia,"M.A.D.A., Jharia",Jharkhand State Pollution Control Board,Industrial Area,15,42,224,NA
332,18/12/2012,Jharkhand,Jharia,"M.A.D.A., Jharia",Jharkhand State Pollution Control Board,Industrial Area,16,39,201,NA
332,21/12/2012,Jharkhand,Jharia,"M.A.D.A., Jharia",Jharkhand State Pollution Control Board,Industrial Area,15,43,201,NA
332,27/12/2012,Jharkhand,Jharia,"M.A.D.A., Jharia",Jharkhand State Pollution Control Board,Industrial Area,24,39,229,NA
332,29/12/2012,Jharkhand,Jharia,"M.A.D.A., Jharia",Jharkhand State Pollution Control Board,Industrial Area,20,36,225,NA
402,1/2/2012,Jharkhand,Ranchi,"Albert Ekka Chowk, Main Road, Ranchi",Jharkhand State Pollution Control Board,"Residential, Rural and other Areas",17,32,233,NA
402,1/6/2012,Jharkhand,Ranchi,"Albert Ekka Chowk, Main Road, Ranchi",Jharkhand State Pollution Control Board,"Residential, Rural and other Areas",17,32,275,NA
402,1/9/2012,Jharkhand,Ranchi,"Albert Ekka Chowk, Main Road, Ranchi",Jharkhand State Pollution Control Board,"Residential, Rural and other Areas",17,32,230,NA
402,1/11/2012,Jharkhand,Ranchi,"Albert Ekka Chowk, Main Road, Ranchi",Jharkhand State Pollution Control Board,"Residential, Rural and other Areas",17,34,282,NA
402,16/01/2012,Jharkhand,Ranchi,"Albert Ekka Chowk, Main Road, Ranchi",Jharkhand State Pollution Control Board,"Residential, Rural and other Areas",17,35,239,NA
402,18/01/2012,Jharkhand,Ranchi,"Albert Ekka Chowk, Main Road, Ranchi",Jharkhand State Pollution Control Board,"Residential, Rural and other Areas",18,35,254,NA
402,20/01/2012,Jharkhand,Ranchi,"Albert Ekka Chowk, Main Road, Ranchi",Jharkhand State Pollution Control Board,"Residential, Rural and other Areas",18,34,199,NA
402,23/01/2012,Jharkhand,Ranchi,"Albert Ekka Chowk, Main Road, Ranchi",Jharkhand State Pollution Control Board,"Residential, Rural and other Areas",18,33,179,NA
402,27/01/2012,Jharkhand,Ranchi,"Albert Ekka Chowk, Main Road, Ranchi",Jharkhand State Pollution Control Board,"Residential, Rural and other Areas",17,32,213,NA
402,2/1/2012,Jharkhand,Ranchi,"Albert Ekka Chowk, Main Road, Ranchi",Jharkhand State Pollution Control Board,"Residential, Rural and other Areas",20,32,148,NA
402,2/4/2012,Jharkhand,Ranchi,"Albert Ekka Chowk, Main Road, Ranchi",Jharkhand State Pollution Control Board,"Residential, Rural and other Areas",19,34,193,NA
402,2/8/2012,Jharkhand,Ranchi,"Albert Ekka Chowk, Main Road, Ranchi",Jharkhand State Pollution Control Board,"Residential, Rural and other Areas",22,33,247,NA
402,2/11/2012,Jharkhand,Ranchi,"Albert Ekka Chowk, Main Road, Ranchi",Jharkhand State Pollution Control Board,"Residential, Rural and other Areas",20,32,180,NA
402,15/02/2012,Jharkhand,Ranchi,"Albert Ekka Chowk, Main Road, Ranchi",Jharkhand State Pollution Control Board,"Residential, Rural and other Areas",19,35,264,NA
402,3/1/2012,Jharkhand,Ranchi,"Albert Ekka Chowk, Main Road, Ranchi",Jharkhand State Pollution Control Board,"Residential, Rural and other Areas",16,32,189,NA
402,3/3/2012,Jharkhand,Ranchi,"Albert Ekka Chowk, Main Road, Ranchi",Jharkhand State Pollution Control Board,"Residential, Rural and other Areas",17,32,182,NA
402,3/6/2012,Jharkhand,Ranchi,"Albert Ekka Chowk, Main Road, Ranchi",Jharkhand State Pollution Control Board,"Residential, Rural and other Areas",18,33,144,NA
402,14/03/2012,Jharkhand,Ranchi,"Albert Ekka Chowk, Main Road, Ranchi",Jharkhand State Pollution Control Board,"Residential, Rural and other Areas",15,31,204,NA
402,16/03/2012,Jharkhand,Ranchi,"Albert Ekka Chowk, Main Road, Ranchi",Jharkhand State Pollution Control Board,"Residential, Rural and other Areas",17,32,153,NA
402,19/03/2012,Jharkhand,Ranchi,"Albert Ekka Chowk, Main Road, Ranchi",Jharkhand State Pollution Control Board,"Residential, Rural and other Areas",16,34,202,NA
402,22/03/2012,Jharkhand,Ranchi,"Albert Ekka Chowk, Main Road, Ranchi",Jharkhand State Pollution Control Board,"Residential, Rural and other Areas",15,34,184,NA
402,24/03/2012,Jharkhand,Ranchi,"Albert Ekka Chowk, Main Road, Ranchi",Jharkhand State Pollution Control Board,"Residential, Rural and other Areas",17,33,283,NA
402,28/03/2012,Jharkhand,Ranchi,"Albert Ekka Chowk, Main Road, Ranchi",Jharkhand State Pollution Control Board,"Residential, Rural and other Areas",18,32,215,NA
402,4/2/2012,Jharkhand,Ranchi,"Albert Ekka Chowk, Main Road, Ranchi",Jharkhand State Pollution Control Board,"Residential, Rural and other Areas",19,36,187,NA
402,4/4/2012,Jharkhand,Ranchi,"Albert Ekka Chowk, Main Road, Ranchi",Jharkhand State Pollution Control Board,"Residential, Rural and other Areas",19,36,223,NA
402,4/9/2012,Jharkhand,Ranchi,"Albert Ekka Chowk, Main Road, Ranchi",Jharkhand State Pollution Control Board,"Residential, Rural and other Areas",19,36,285,NA
402,4/12/2012,Jharkhand,Ranchi,"Albert Ekka Chowk, Main Road, Ranchi",Jharkhand State Pollution Control Board,"Residential, Rural and other Areas",18,35,225,NA
402,16/04/2012,Jharkhand,Ranchi,"Albert Ekka Chowk, Main Road, Ranchi",Jharkhand State Pollution Control Board,"Residential, Rural and other Areas",18,33,152,NA
402,19/04/2012,Jharkhand,Ranchi,"Albert Ekka Chowk, Main Road, Ranchi",Jharkhand State Pollution Control Board,"Residential, Rural and other Areas",19,33,191,NA
402,21/04/2012,Jharkhand,Ranchi,"Albert Ekka Chowk, Main Road, Ranchi",Jharkhand State Pollution Control Board,"Residential, Rural and other Areas",18,34,179,NA
402,25/04/2012,Jharkhand,Ranchi,"Albert Ekka Chowk, Main Road, Ranchi",Jharkhand State Pollution Control Board,"Residential, Rural and other Areas",17,37,208,NA
402,28/04/2012,Jharkhand,Ranchi,"Albert Ekka Chowk, Main Road, Ranchi",Jharkhand State Pollution Control Board,"Residential, Rural and other Areas",20,38,203,NA
402,5/2/2012,Jharkhand,Ranchi,"Albert Ekka Chowk, Main Road, Ranchi",Jharkhand State Pollution Control Board,"Residential, Rural and other Areas",17,35,298,NA
402,5/5/2012,Jharkhand,Ranchi,"Albert Ekka Chowk, Main Road, Ranchi",Jharkhand State Pollution Control Board,"Residential, Rural and other Areas",18,36,210,NA
402,5/9/2012,Jharkhand,Ranchi,"Albert Ekka Chowk, Main Road, Ranchi",Jharkhand State Pollution Control Board,"Residential, Rural and other Areas",20,34,162,NA
402,15/05/2012,Jharkhand,Ranchi,"Albert Ekka Chowk, Main Road, Ranchi",Jharkhand State Pollution Control Board,"Residential, Rural and other Areas",20,39,236,NA
402,18/05/2012,Jharkhand,Ranchi,"Albert Ekka Chowk, Main Road, Ranchi",Jharkhand State Pollution Control Board,"Residential, Rural and other Areas",18,38,260,NA
402,21/05/2012,Jharkhand,Ranchi,"Albert Ekka Chowk, Main Road, Ranchi",Jharkhand State Pollution Control Board,"Residential, Rural and other Areas",19,37,155,NA
402,25/05/2012,Jharkhand,Ranchi,"Albert Ekka Chowk, Main Road, Ranchi",Jharkhand State Pollution Control Board,"Residential, Rural and other Areas",21,36,155,NA
402,28/05/2012,Jharkhand,Ranchi,"Albert Ekka Chowk, Main Road, Ranchi",Jharkhand State Pollution Control Board,"Residential, Rural and other Areas",20,36,273,NA
402,6/1/2012,Jharkhand,Ranchi,"Albert Ekka Chowk, Main Road, Ranchi",Jharkhand State Pollution Control Board,"Residential, Rural and other Areas",20,38,247,NA
402,6/5/2012,Jharkhand,Ranchi,"Albert Ekka Chowk, Main Road, Ranchi",Jharkhand State Pollution Control Board,"Residential, Rural and other Areas",18,35,224,NA
402,6/8/2012,Jharkhand,Ranchi,"Albert Ekka Chowk, Main Road, Ranchi",Jharkhand State Pollution Control Board,"Residential, Rural and other Areas",19,37,211,NA
402,6/11/2012,Jharkhand,Ranchi,"Albert Ekka Chowk, Main Road, Ranchi",Jharkhand State Pollution Control Board,"Residential, Rural and other Areas",18,37,227,NA
402,15/06/2012,Jharkhand,Ranchi,"Albert Ekka Chowk, Main Road, Ranchi",Jharkhand State Pollution Control Board,"Residential, Rural and other Areas",18,35,185,NA
402,19/06/2012,Jharkhand,Ranchi,"Albert Ekka Chowk, Main Road, Ranchi",Jharkhand State Pollution Control Board,"Residential, Rural and other Areas",20,39,360,NA
402,22/06/2012,Jharkhand,Ranchi,"Albert Ekka Chowk, Main Road, Ranchi",Jharkhand State Pollution Control Board,"Residential, Rural and other Areas",16,33,116,NA
402,7/6/2012,Jharkhand,Ranchi,"Albert Ekka Chowk, Main Road, Ranchi",Jharkhand State Pollution Control Board,"Residential, Rural and other Areas",16,35,134,NA
402,7/9/2012,Jharkhand,Ranchi,"Albert Ekka Chowk, Main Road, Ranchi",Jharkhand State Pollution Control Board,"Residential, Rural and other Areas",16,35,214,NA
402,7/12/2012,Jharkhand,Ranchi,"Albert Ekka Chowk, Main Road, Ranchi",Jharkhand State Pollution Control Board,"Residential, Rural and other Areas",16,35,154,NA
402,16/07/2012,Jharkhand,Ranchi,"Albert Ekka Chowk, Main Road, Ranchi",Jharkhand State Pollution Control Board,"Residential, Rural and other Areas",15,36,185,NA
402,19/07/2012,Jharkhand,Ranchi,"Albert Ekka Chowk, Main Road, Ranchi",Jharkhand State Pollution Control Board,"Residential, Rural and other Areas",16,35,133,NA
402,23/07/2012,Jharkhand,Ranchi,"Albert Ekka Chowk, Main Road, Ranchi",Jharkhand State Pollution Control Board,"Residential, Rural and other Areas",16,34,150,NA
402,26/07/2012,Jharkhand,Ranchi,"Albert Ekka Chowk, Main Road, Ranchi",Jharkhand State Pollution Control Board,"Residential, Rural and other Areas",16,34,199,NA
402,30/07/2012,Jharkhand,Ranchi,"Albert Ekka Chowk, Main Road, Ranchi",Jharkhand State Pollution Control Board,"Residential, Rural and other Areas",16,36,181,NA
402,9/10/2012,Jharkhand,Ranchi,"Albert Ekka Chowk, Main Road, Ranchi",Jharkhand State Pollution Control Board,"Residential, Rural and other Areas",19,32,118,NA
402,13/09/2012,Jharkhand,Ranchi,"Albert Ekka Chowk, Main Road, Ranchi",Jharkhand State Pollution Control Board,"Residential, Rural and other Areas",19,31,201,NA
402,15/09/2012,Jharkhand,Ranchi,"Albert Ekka Chowk, Main Road, Ranchi",Jharkhand State Pollution Control Board,"Residential, Rural and other Areas",19,32,157,NA
402,18/09/2012,Jharkhand,Ranchi,"Albert Ekka Chowk, Main Road, Ranchi",Jharkhand State Pollution Control Board,"Residential, Rural and other Areas",20,32,140,NA
402,21/09/2012,Jharkhand,Ranchi,"Albert Ekka Chowk, Main Road, Ranchi",Jharkhand State Pollution Control Board,"Residential, Rural and other Areas",18,32,270,NA
402,25/09/2012,Jharkhand,Ranchi,"Albert Ekka Chowk, Main Road, Ranchi",Jharkhand State Pollution Control Board,"Residential, Rural and other Areas",19,31,125,NA
402,29/09/2012,Jharkhand,Ranchi,"Albert Ekka Chowk, Main Road, Ranchi",Jharkhand State Pollution Control Board,"Residential, Rural and other Areas",20,30,131,NA
402,19/10/2012,Jharkhand,Ranchi,"Albert Ekka Chowk, Main Road, Ranchi",Jharkhand State Pollution Control Board,"Residential, Rural and other Areas",17,36,294,NA
402,20/10/2012,Jharkhand,Ranchi,"Albert Ekka Chowk, Main Road, Ranchi",Jharkhand State Pollution Control Board,"Residential, Rural and other Areas",19,37,276,NA
402,21/10/2012,Jharkhand,Ranchi,"Albert Ekka Chowk, Main Road, Ranchi",Jharkhand State Pollution Control Board,"Residential, Rural and other Areas",16,33,201,NA
402,22/10/2012,Jharkhand,Ranchi,"Albert Ekka Chowk, Main Road, Ranchi",Jharkhand State Pollution Control Board,"Residential, Rural and other Areas",19,34,195,NA
402,23/10/2012,Jharkhand,Ranchi,"Albert Ekka Chowk, Main Road, Ranchi",Jharkhand State Pollution Control Board,"Residential, Rural and other Areas",19,36,184,NA
402,25/10/2012,Jharkhand,Ranchi,"Albert Ekka Chowk, Main Road, Ranchi",Jharkhand State Pollution Control Board,"Residential, Rural and other Areas",18,35,239,NA
402,27/10/2012,Jharkhand,Ranchi,"Albert Ekka Chowk, Main Road, Ranchi",Jharkhand State Pollution Control Board,"Residential, Rural and other Areas",19,36,294,NA
402,28/10/2012,Jharkhand,Ranchi,"Albert Ekka Chowk, Main Road, Ranchi",Jharkhand State Pollution Control Board,"Residential, Rural and other Areas",19,37,231,NA
402,30/10/2012,Jharkhand,Ranchi,"Albert Ekka Chowk, Main Road, Ranchi",Jharkhand State Pollution Control Board,"Residential, Rural and other Areas",19,37,259,NA
402,11/3/2012,Jharkhand,Ranchi,"Albert Ekka Chowk, Main Road, Ranchi",Jharkhand State Pollution Control Board,"Residential, Rural and other Areas",16,33,93,NA
402,11/6/2012,Jharkhand,Ranchi,"Albert Ekka Chowk, Main Road, Ranchi",Jharkhand State Pollution Control Board,"Residential, Rural and other Areas",18,34,125,NA
402,11/7/2012,Jharkhand,Ranchi,"Albert Ekka Chowk, Main Road, Ranchi",Jharkhand State Pollution Control Board,"Residential, Rural and other Areas",19,36,144,NA
402,11/8/2012,Jharkhand,Ranchi,"Albert Ekka Chowk, Main Road, Ranchi",Jharkhand State Pollution Control Board,"Residential, Rural and other Areas",20,35,255,NA
402,13/11/2012,Jharkhand,Ranchi,"Albert Ekka Chowk, Main Road, Ranchi",Jharkhand State Pollution Control Board,"Residential, Rural and other Areas",39,51,388,NA
402,16/11/2012,Jharkhand,Ranchi,"Albert Ekka Chowk, Main Road, Ranchi",Jharkhand State Pollution Control Board,"Residential, Rural and other Areas",21,39,128,NA
402,21/11/2012,Jharkhand,Ranchi,"Albert Ekka Chowk, Main Road, Ranchi",Jharkhand State Pollution Control Board,"Residential, Rural and other Areas",20,35,233,NA
402,24/11/2012,Jharkhand,Ranchi,"Albert Ekka Chowk, Main Road, Ranchi",Jharkhand State Pollution Control Board,"Residential, Rural and other Areas",19,34,209,NA
402,26/11/2012,Jharkhand,Ranchi,"Albert Ekka Chowk, Main Road, Ranchi",Jharkhand State Pollution Control Board,"Residential, Rural and other Areas",18,33,217,NA
402,29/11/2012,Jharkhand,Ranchi,"Albert Ekka Chowk, Main Road, Ranchi",Jharkhand State Pollution Control Board,"Residential, Rural and other Areas",18,32,225,NA
402,12/1/2012,Jharkhand,Ranchi,"Albert Ekka Chowk, Main Road, Ranchi",Jharkhand State Pollution Control Board,"Residential, Rural and other Areas",20,35,174,NA
402,12/8/2012,Jharkhand,Ranchi,"Albert Ekka Chowk, Main Road, Ranchi",Jharkhand State Pollution Control Board,"Residential, Rural and other Areas",20,35,166,NA
402,12/9/2012,Jharkhand,Ranchi,"Albert Ekka Chowk, Main Road, Ranchi",Jharkhand State Pollution Control Board,"Residential, Rural and other Areas",21,35,155,NA
402,12/10/2012,Jharkhand,Ranchi,"Albert Ekka Chowk, Main Road, Ranchi",Jharkhand State Pollution Control Board,"Residential, Rural and other Areas",19,35,220,NA
402,12/11/2012,Jharkhand,Ranchi,"Albert Ekka Chowk, Main Road, Ranchi",Jharkhand State Pollution Control Board,"Residential, Rural and other Areas",19,35,160,NA
402,14/12/2012,Jharkhand,Ranchi,"Albert Ekka Chowk, Main Road, Ranchi",Jharkhand State Pollution Control Board,"Residential, Rural and other Areas",18,34,197,NA
402,18/12/2012,Jharkhand,Ranchi,"Albert Ekka Chowk, Main Road, Ranchi",Jharkhand State Pollution Control Board,"Residential, Rural and other Areas",19,36,134,NA
402,22/12/2012,Jharkhand,Ranchi,"Albert Ekka Chowk, Main Road, Ranchi",Jharkhand State Pollution Control Board,"Residential, Rural and other Areas",20,35,147,NA
402,26/12/2012,Jharkhand,Ranchi,"Albert Ekka Chowk, Main Road, Ranchi",Jharkhand State Pollution Control Board,"Residential, Rural and other Areas",19,32,168,NA
402,29/12/2012,Jharkhand,Ranchi,"Albert Ekka Chowk, Main Road, Ranchi",Jharkhand State Pollution Control Board,"Residential, Rural and other Areas",19,35,143,NA
46,21/01/2012,Jharkhand,Sindri,"BIT, Sindri",Jharkhand State Pollution Control Board,Industrial Area,16,36,139,NA
46,25/01/2012,Jharkhand,Sindri,"BIT, Sindri",Jharkhand State Pollution Control Board,Industrial Area,16,37,134,NA
46,31/01/2012,Jharkhand,Sindri,"BIT, Sindri",Jharkhand State Pollution Control Board,Industrial Area,15,33,140,NA
46,2/3/2012,Jharkhand,Sindri,"BIT, Sindri",Jharkhand State Pollution Control Board,Industrial Area,20,38,212,NA
46,2/9/2012,Jharkhand,Sindri,"BIT, Sindri",Jharkhand State Pollution Control Board,Industrial Area,20,35,218,NA
46,2/11/2012,Jharkhand,Sindri,"BIT, Sindri",Jharkhand State Pollution Control Board,Industrial Area,18,35,201,NA
46,14/02/2012,Jharkhand,Sindri,"BIT, Sindri",Jharkhand State Pollution Control Board,Industrial Area,17,34,205,NA
46,16/02/2012,Jharkhand,Sindri,"BIT, Sindri",Jharkhand State Pollution Control Board,Industrial Area,30,32,185,NA
46,18/02/2012,Jharkhand,Sindri,"BIT, Sindri",Jharkhand State Pollution Control Board,Industrial Area,20,39,213,NA
46,23/02/2012,Jharkhand,Sindri,"BIT, Sindri",Jharkhand State Pollution Control Board,Industrial Area,20,43,209,NA
46,25/02/2012,Jharkhand,Sindri,"BIT, Sindri",Jharkhand State Pollution Control Board,Industrial Area,19,40,196,NA
46,28/02/2012,Jharkhand,Sindri,"BIT, Sindri",Jharkhand State Pollution Control Board,Industrial Area,19,38,209,NA
46,3/3/2012,Jharkhand,Sindri,"BIT, Sindri",Jharkhand State Pollution Control Board,Industrial Area,16,42,171,NA
46,3/6/2012,Jharkhand,Sindri,"BIT, Sindri",Jharkhand State Pollution Control Board,Industrial Area,20,37,180,NA
46,13/03/2012,Jharkhand,Sindri,"BIT, Sindri",Jharkhand State Pollution Control Board,Industrial Area,21,46,207,NA
46,15/03/2012,Jharkhand,Sindri,"BIT, Sindri",Jharkhand State Pollution Control Board,Industrial Area,NA,NA,NA,NA
46,17/03/2012,Jharkhand,Sindri,"BIT, Sindri",Jharkhand State Pollution Control Board,Industrial Area,18,41,207,NA
46,20/03/2012,Jharkhand,Sindri,"BIT, Sindri",Jharkhand State Pollution Control Board,Industrial Area,20,35,229,NA
46,22/03/2012,Jharkhand,Sindri,"BIT, Sindri",Jharkhand State Pollution Control Board,Industrial Area,25,37,221,NA
46,24/03/2012,Jharkhand,Sindri,"BIT, Sindri",Jharkhand State Pollution Control Board,Industrial Area,18,43,230,NA
46,27/03/2012,Jharkhand,Sindri,"BIT, Sindri",Jharkhand State Pollution Control Board,Industrial Area,18,41,239,NA
46,30/03/2012,Jharkhand,Sindri,"BIT, Sindri",Jharkhand State Pollution Control Board,Industrial Area,19,38,217,NA
46,4/3/2012,Jharkhand,Sindri,"BIT, Sindri",Jharkhand State Pollution Control Board,Industrial Area,11,28,203,NA
46,4/10/2012,Jharkhand,Sindri,"BIT, Sindri",Jharkhand State Pollution Control Board,Industrial Area,14,36,249,NA
46,13/04/2012,Jharkhand,Sindri,"BIT, Sindri",Jharkhand State Pollution Control Board,Industrial Area,14,34,273,NA
46,17/04/2012,Jharkhand,Sindri,"BIT, Sindri",Jharkhand State Pollution Control Board,Industrial Area,14,46,247,NA
46,19/04/2012,Jharkhand,Sindri,"BIT, Sindri",Jharkhand State Pollution Control Board,Industrial Area,15,41,269,NA
46,21/04/2012,Jharkhand,Sindri,"BIT, Sindri",Jharkhand State Pollution Control Board,Industrial Area,NA,NA,167,NA
46,26/04/2012,Jharkhand,Sindri,"BIT, Sindri",Jharkhand State Pollution Control Board,Industrial Area,12,33,263,NA
46,28/04/2012,Jharkhand,Sindri,"BIT, Sindri",Jharkhand State Pollution Control Board,Industrial Area,NA,NA,261,NA
46,5/3/2012,Jharkhand,Sindri,"BIT, Sindri",Jharkhand State Pollution Control Board,Industrial Area,13,44,229,NA
46,5/5/2012,Jharkhand,Sindri,"BIT, Sindri",Jharkhand State Pollution Control Board,Industrial Area,18,43,247,NA
46,5/9/2012,Jharkhand,Sindri,"BIT, Sindri",Jharkhand State Pollution Control Board,Industrial Area,18,45,216,NA
46,5/12/2012,Jharkhand,Sindri,"BIT, Sindri",Jharkhand State Pollution Control Board,Industrial Area,16,41,219,NA
46,16/05/2012,Jharkhand,Sindri,"BIT, Sindri",Jharkhand State Pollution Control Board,Industrial Area,13,43,219,NA
46,19/05/2012,Jharkhand,Sindri,"BIT, Sindri",Jharkhand State Pollution Control Board,Industrial Area,18,46,221,NA
46,22/05/2012,Jharkhand,Sindri,"BIT, Sindri",Jharkhand State Pollution Control Board,Industrial Area,17,44,223,NA
46,25/05/2012,Jharkhand,Sindri,"BIT, Sindri",Jharkhand State Pollution Control Board,Industrial Area,18,42,199,NA
46,30/05/2012,Jharkhand,Sindri,"BIT, Sindri",Jharkhand State Pollution Control Board,Industrial Area,16,40,235,NA
46,6/2/2012,Jharkhand,Sindri,"BIT, Sindri",Jharkhand State Pollution Control Board,Industrial Area,14,40,143,NA
46,6/9/2012,Jharkhand,Sindri,"BIT, Sindri",Jharkhand State Pollution Control Board,Industrial Area,13,40,137,NA
46,13/06/2012,Jharkhand,Sindri,"BIT, Sindri",Jharkhand State Pollution Control Board,Industrial Area,16,46,104,NA
46,16/06/2012,Jharkhand,Sindri,"BIT, Sindri",Jharkhand State Pollution Control Board,Industrial Area,15,43,158,NA
46,20/06/2012,Jharkhand,Sindri,"BIT, Sindri",Jharkhand State Pollution Control Board,Industrial Area,17,35,167,NA
46,23/06/2012,Jharkhand,Sindri,"BIT, Sindri",Jharkhand State Pollution Control Board,Industrial Area,18,40,127,NA
46,26/06/2012,Jharkhand,Sindri,"BIT, Sindri",Jharkhand State Pollution Control Board,Industrial Area,19,40,148,NA
46,29/06/2012,Jharkhand,Sindri,"BIT, Sindri",Jharkhand State Pollution Control Board,Industrial Area,14,40,153,NA
46,7/4/2012,Jharkhand,Sindri,"BIT, Sindri",Jharkhand State Pollution Control Board,Industrial Area,14,42,148,NA
46,7/7/2012,Jharkhand,Sindri,"BIT, Sindri",Jharkhand State Pollution Control Board,Industrial Area,13,44,124,NA
46,7/10/2012,Jharkhand,Sindri,"BIT, Sindri",Jharkhand State Pollution Control Board,Industrial Area,18,43,176,NA
46,13/07/2012,Jharkhand,Sindri,"BIT, Sindri",Jharkhand State Pollution Control Board,Industrial Area,15,45,117,NA
46,17/07/2012,Jharkhand,Sindri,"BIT, Sindri",Jharkhand State Pollution Control Board,Industrial Area,17,44,89,NA
46,20/07/2012,Jharkhand,Sindri,"BIT, Sindri",Jharkhand State Pollution Control Board,Industrial Area,17,39,97,NA
46,24/07/2012,Jharkhand,Sindri,"BIT, Sindri",Jharkhand State Pollution Control Board,Industrial Area,15,39,94,NA
46,28/07/2012,Jharkhand,Sindri,"BIT, Sindri",Jharkhand State Pollution Control Board,Industrial Area,15,43,88,NA
46,31/07/2012,Jharkhand,Sindri,"BIT, Sindri",Jharkhand State Pollution Control Board,Industrial Area,15,44,85,NA
46,8/4/2012,Jharkhand,Sindri,"BIT, Sindri",Jharkhand State Pollution Control Board,Industrial Area,16,39,178,NA
46,14/08/2012,Jharkhand,Sindri,"BIT, Sindri",Jharkhand State Pollution Control Board,Industrial Area,11,35,141,NA
46,18/08/2012,Jharkhand,Sindri,"BIT, Sindri",Jharkhand State Pollution Control Board,Industrial Area,14,34,132,NA
46,22/08/2012,Jharkhand,Sindri,"BIT, Sindri",Jharkhand State Pollution Control Board,Industrial Area,17,44,141,NA
46,25/08/2012,Jharkhand,Sindri,"BIT, Sindri",Jharkhand State Pollution Control Board,Industrial Area,17,43,104,NA
46,28/08/2012,Jharkhand,Sindri,"BIT, Sindri",Jharkhand State Pollution Control Board,Industrial Area,17,44,104,NA
46,31/08/2012,Jharkhand,Sindri,"BIT, Sindri",Jharkhand State Pollution Control Board,Industrial Area,17,43,98,NA
46,9/4/2012,Jharkhand,Sindri,"BIT, Sindri",Jharkhand State Pollution Control Board,Industrial Area,19,42,150,NA
46,9/6/2012,Jharkhand,Sindri,"BIT, Sindri",Jharkhand State Pollution Control Board,Industrial Area,16,40,140,NA
46,9/8/2012,Jharkhand,Sindri,"BIT, Sindri",Jharkhand State Pollution Control Board,Industrial Area,18,39,161,NA
46,9/11/2012,Jharkhand,Sindri,"BIT, Sindri",Jharkhand State Pollution Control Board,Industrial Area,16,36,158,NA
46,14/09/2012,Jharkhand,Sindri,"BIT, Sindri",Jharkhand State Pollution Control Board,Industrial Area,16,40,152,NA
46,21/09/2012,Jharkhand,Sindri,"BIT, Sindri",Jharkhand State Pollution Control Board,Industrial Area,16,40,151,NA
46,25/09/2012,Jharkhand,Sindri,"BIT, Sindri",Jharkhand State Pollution Control Board,Industrial Area,18,43,161,NA
46,28/09/2012,Jharkhand,Sindri,"BIT, Sindri",Jharkhand State Pollution Control Board,Industrial Area,20,43,139,NA
46,10/5/2012,Jharkhand,Sindri,"BIT, Sindri",Jharkhand State Pollution Control Board,Industrial Area,18,37,174,NA
46,10/9/2012,Jharkhand,Sindri,"BIT, Sindri",Jharkhand State Pollution Control Board,Industrial Area,15,39,165,NA
46,10/11/2012,Jharkhand,Sindri,"BIT, Sindri",Jharkhand State Pollution Control Board,Industrial Area,18,42,155,NA
46,13/10/2012,Jharkhand,Sindri,"BIT, Sindri",Jharkhand State Pollution Control Board,Industrial Area,15,38,173,NA
46,18/10/2012,Jharkhand,Sindri,"BIT, Sindri",Jharkhand State Pollution Control Board,Industrial Area,18,42,179,NA
46,20/10/2012,Jharkhand,Sindri,"BIT, Sindri",Jharkhand State Pollution Control Board,Industrial Area,18,40,152,NA
46,26/10/2012,Jharkhand,Sindri,"BIT, Sindri",Jharkhand State Pollution Control Board,Industrial Area,17,39,159,NA
46,30/10/2012,Jharkhand,Sindri,"BIT, Sindri",Jharkhand State Pollution Control Board,Industrial Area,16,36,129,NA
46,11/6/2012,Jharkhand,Sindri,"BIT, Sindri",Jharkhand State Pollution Control Board,Industrial Area,17,36,192,NA
46,11/8/2012,Jharkhand,Sindri,"BIT, Sindri",Jharkhand State Pollution Control Board,Industrial Area,17,39,160,NA
46,11/10/2012,Jharkhand,Sindri,"BIT, Sindri",Jharkhand State Pollution Control Board,Industrial Area,15,40,85,NA
46,17/11/2012,Jharkhand,Sindri,"BIT, Sindri",Jharkhand State Pollution Control Board,Industrial Area,14,36,93,NA
46,22/11/2012,Jharkhand,Sindri,"BIT, Sindri",Jharkhand State Pollution Control Board,Industrial Area,16,40,139,NA
46,24/11/2012,Jharkhand,Sindri,"BIT, Sindri",Jharkhand State Pollution Control Board,Industrial Area,15,39,157,NA
46,30/11/2012,Jharkhand,Sindri,"BIT, Sindri",Jharkhand State Pollution Control Board,Industrial Area,15,38,123,NA
46,12/4/2012,Jharkhand,Sindri,"BIT, Sindri",Jharkhand State Pollution Control Board,Industrial Area,16,40,150,NA
46,12/7/2012,Jharkhand,Sindri,"BIT, Sindri",Jharkhand State Pollution Control Board,Industrial Area,15,41,163,NA
46,12/11/2012,Jharkhand,Sindri,"BIT, Sindri",Jharkhand State Pollution Control Board,Industrial Area,17,37,212,NA
46,14/12/2012,Jharkhand,Sindri,"BIT, Sindri",Jharkhand State Pollution Control Board,Industrial Area,13,37,167,NA
46,18/12/2012,Jharkhand,Sindri,"BIT, Sindri",Jharkhand State Pollution Control Board,Industrial Area,16,43,159,NA
46,21/12/2012,Jharkhand,Sindri,"BIT, Sindri",Jharkhand State Pollution Control Board,Industrial Area,15,39,141,NA
46,27/12/2012,Jharkhand,Sindri,"BIT, Sindri",Jharkhand State Pollution Control Board,Industrial Area,23,42,138,NA
46,29/12/2012,Jharkhand,Sindri,"BIT, Sindri",Jharkhand State Pollution Control Board,Industrial Area,NA,NA,61,NA
