Stn Code,Sampling Date,State,City/Town/Village/Area,Location of Monitoring Station,Agency,Type of Location,SO2,NO2,RSPM/PM10,SPM
106,1/2/2012,Chandigarh,Chandigarh,"Modern Foods, Industrial Area, Chandigarh",Chandigarh Pollution Control Committee,Industrial Area,NA,NA,NA,NA
106,1/6/2012,Chandigarh,Chandigarh,"Modern Foods, Industrial Area, Chandigarh",Chandigarh Pollution Control Committee,Industrial Area,2,22.3,260,NA
106,1/11/2012,Chandigarh,Chandigarh,"Modern Foods, Industrial Area, Chandigarh",Chandigarh Pollution Control Committee,Industrial Area,2,33.6,184,NA
106,13/01/2012,Chandigarh,Chandigarh,"Modern Foods, Industrial Area, Chandigarh",Chandigarh Pollution Control Committee,Industrial Area,2,42.8,59,NA
106,18/01/2012,Chandigarh,Chandigarh,"Modern Foods, Industrial Area, Chandigarh",Chandigarh Pollution Control Committee,Industrial Area,2,25.2,101,NA
106,23/01/2012,Chandigarh,Chandigarh,"Modern Foods, Industrial Area, Chandigarh",Chandigarh Pollution Control Committee,Industrial Area,NA,NA,59,NA
106,25/01/2012,Chandigarh,Chandigarh,"Modern Foods, Industrial Area, Chandigarh",Chandigarh Pollution Control Committee,Industrial Area,2,32.5,112,NA
106,27/01/2012,Chandigarh,Chandigarh,"Modern Foods, Industrial Area, Chandigarh",Chandigarh Pollution Control Committee,Industrial Area,2,27.2,72,NA
106,31/01/2012,Chandigarh,Chandigarh,"Modern Foods, Industrial Area, Chandigarh",Chandigarh Pollution Control Committee,Industrial Area,NA,NA,97,NA
106,2/1/2012,Chandigarh,Chandigarh,"Modern Foods, Industrial Area, Chandigarh",Chandigarh Pollution Control Committee,Industrial Area,2,26.2,128,NA
106,2/3/2012,Chandigarh,Chandigarh,"Modern Foods, Industrial Area, Chandigarh",Chandigarh Pollution Control Committee,Industrial Area,NA,NA,306,NA
106,2/8/2012,Chandigarh,Chandigarh,"Modern Foods, Industrial Area, Chandigarh",Chandigarh Pollution Control Committee,Industrial Area,2,43.3,83,NA
106,2/10/2012,Chandigarh,Chandigarh,"Modern Foods, Industrial Area, Chandigarh",Chandigarh Pollution Control Committee,Industrial Area,2,16.6,111,NA
106,13/02/2012,Chandigarh,Chandigarh,"Modern Foods, Industrial Area, Chandigarh",Chandigarh Pollution Control Committee,Industrial Area,2,51.8,76,NA
106,15/02/2012,Chandigarh,Chandigarh,"Modern Foods, Industrial Area, Chandigarh",Chandigarh Pollution Control Committee,Industrial Area,2,20.8,80,NA
106,17/02/2012,Chandigarh,Chandigarh,"Modern Foods, Industrial Area, Chandigarh",Chandigarh Pollution Control Committee,Industrial Area,2,14.2,154,NA
106,22/02/2012,Chandigarh,Chandigarh,"Modern Foods, Industrial Area, Chandigarh",Chandigarh Pollution Control Committee,Industrial Area,2,30,164,NA
106,24/02/2012,Chandigarh,Chandigarh,"Modern Foods, Industrial Area, Chandigarh",Chandigarh Pollution Control Committee,Industrial Area,NA,NA,204,NA
106,27/02/2012,Chandigarh,Chandigarh,"Modern Foods, Industrial Area, Chandigarh",Chandigarh Pollution Control Committee,Industrial Area,2,17.5,128,NA
106,3/5/2012,Chandigarh,Chandigarh,"Modern Foods, Industrial Area, Chandigarh",Chandigarh Pollution Control Committee,Industrial Area,2,9.2,211,NA
106,3/7/2012,Chandigarh,Chandigarh,"Modern Foods, Industrial Area, Chandigarh",Chandigarh Pollution Control Committee,Industrial Area,2,7.2,109,NA
106,3/9/2012,Chandigarh,Chandigarh,"Modern Foods, Industrial Area, Chandigarh",Chandigarh Pollution Control Committee,Industrial Area,2,13.2,94,NA
106,3/12/2012,Chandigarh,Chandigarh,"Modern Foods, Industrial Area, Chandigarh",Chandigarh Pollution Control Committee,Industrial Area,2,15.3,159,NA
106,14/03/2012,Chandigarh,Chandigarh,"Modern Foods, Industrial Area, Chandigarh",Chandigarh Pollution Control Committee,Industrial Area,2,14.7,133,NA
106,16/03/2012,Chandigarh,Chandigarh,"Modern Foods, Industrial Area, Chandigarh",Chandigarh Pollution Control Committee,Industrial Area,2,22.5,129,NA
106,19/03/2012,Chandigarh,Chandigarh,"Modern Foods, Industrial Area, Chandigarh",Chandigarh Pollution Control Committee,Industrial Area,2,19.2,163,NA
106,23/03/2012,Chandigarh,Chandigarh,"Modern Foods, Industrial Area, Chandigarh",Chandigarh Pollution Control Committee,Industrial Area,2,18,221,NA
106,26/03/2012,Chandigarh,Chandigarh,"Modern Foods, Industrial Area, Chandigarh",Chandigarh Pollution Control Committee,Industrial Area,2,13.7,161,NA
106,28/03/2012,Chandigarh,Chandigarh,"Modern Foods, Industrial Area, Chandigarh",Chandigarh Pollution Control Committee,Industrial Area,2,26.7,109,NA
106,30/03/2012,Chandigarh,Chandigarh,"Modern Foods, Industrial Area, Chandigarh",Chandigarh Pollution Control Committee,Industrial Area,2,18.3,104,NA
106,4/2/2012,Chandigarh,Chandigarh,"Modern Foods, Industrial Area, Chandigarh",Chandigarh Pollution Control Committee,Industrial Area,2,16.6,177,NA
106,4/4/2012,Chandigarh,Chandigarh,"Modern Foods, Industrial Area, Chandigarh",Chandigarh Pollution Control Committee,Industrial Area,2,13.7,111,NA
106,4/6/2012,Chandigarh,Chandigarh,"Modern Foods, Industrial Area, Chandigarh",Chandigarh Pollution Control Committee,Industrial Area,2,18.7,196,NA
106,4/9/2012,Chandigarh,Chandigarh,"Modern Foods, Industrial Area, Chandigarh",Chandigarh Pollution Control Committee,Industrial Area,2,25.8,100,NA
106,4/11/2012,Chandigarh,Chandigarh,"Modern Foods, Industrial Area, Chandigarh",Chandigarh Pollution Control Committee,Industrial Area,2,15.5,120,NA
106,13/04/2012,Chandigarh,Chandigarh,"Modern Foods, Industrial Area, Chandigarh",Chandigarh Pollution Control Committee,Industrial Area,2,40.7,130,NA
106,18/04/2012,Chandigarh,Chandigarh,"Modern Foods, Industrial Area, Chandigarh",Chandigarh Pollution Control Committee,Industrial Area,2,41.5,165,NA
106,20/04/2012,Chandigarh,Chandigarh,"Modern Foods, Industrial Area, Chandigarh",Chandigarh Pollution Control Committee,Industrial Area,2,17.5,109,NA
106,23/04/2012,Chandigarh,Chandigarh,"Modern Foods, Industrial Area, Chandigarh",Chandigarh Pollution Control Committee,Industrial Area,2,31.8,163,NA
106,25/04/2012,Chandigarh,Chandigarh,"Modern Foods, Industrial Area, Chandigarh",Chandigarh Pollution Control Committee,Industrial Area,2,24.7,110,NA
106,27/04/2012,Chandigarh,Chandigarh,"Modern Foods, Industrial Area, Chandigarh",Chandigarh Pollution Control Committee,Industrial Area,2,17,107,NA
106,30/04/2012,Chandigarh,Chandigarh,"Modern Foods, Industrial Area, Chandigarh",Chandigarh Pollution Control Committee,Industrial Area,2,26.8,80,NA
106,5/2/2012,Chandigarh,Chandigarh,"Modern Foods, Industrial Area, Chandigarh",Chandigarh Pollution Control Committee,Industrial Area,2,23.3,79,NA
106,5/4/2012,Chandigarh,Chandigarh,"Modern Foods, Industrial Area, Chandigarh",Chandigarh Pollution Control Committee,Industrial Area,2,20.7,115,NA
106,5/7/2012,Chandigarh,Chandigarh,"Modern Foods, Industrial Area, Chandigarh",Chandigarh Pollution Control Committee,Industrial Area,2,23.7,110,NA
106,5/9/2012,Chandigarh,Chandigarh,"Modern Foods, Industrial Area, Chandigarh",Chandigarh Pollution Control Committee,Industrial Area,2,22.3,131,NA
106,5/11/2012,Chandigarh,Chandigarh,"Modern Foods, Industrial Area, Chandigarh",Chandigarh Pollution Control Committee,Industrial Area,2,34.8,218,NA
106,14/05/2012,Chandigarh,Chandigarh,"Modern Foods, Industrial Area, Chandigarh",Chandigarh Pollution Control Committee,Industrial Area,2,28.7,130,NA
106,16/05/2012,Chandigarh,Chandigarh,"Modern Foods, Industrial Area, Chandigarh",Chandigarh Pollution Control Committee,Industrial Area,2,37.4,138,NA
106,18/05/2012,Chandigarh,Chandigarh,"Modern Foods, Industrial Area, Chandigarh",Chandigarh Pollution Control Committee,Industrial Area,2,29.7,379,NA
106,21/05/2012,Chandigarh,Chandigarh,"Modern Foods, Industrial Area, Chandigarh",Chandigarh Pollution Control Committee,Industrial Area,2,28.3,328,NA
106,23/05/2012,Chandigarh,Chandigarh,"Modern Foods, Industrial Area, Chandigarh",Chandigarh Pollution Control Committee,Industrial Area,2,23.2,129,NA
106,25/05/2012,Chandigarh,Chandigarh,"Modern Foods, Industrial Area, Chandigarh",Chandigarh Pollution Control Committee,Industrial Area,2,39.3,169,NA
106,28/05/2012,Chandigarh,Chandigarh,"Modern Foods, Industrial Area, Chandigarh",Chandigarh Pollution Control Committee,Industrial Area,2,28,168,NA
106,30/05/2012,Chandigarh,Chandigarh,"Modern Foods, Industrial Area, Chandigarh",Chandigarh Pollution Control Committee,Industrial Area,2,34.8,144,NA
106,6/1/2012,Chandigarh,Chandigarh,"Modern Foods, Industrial Area, Chandigarh",Chandigarh Pollution Control Committee,Industrial Area,2,19.5,181,NA
106,6/4/2012,Chandigarh,Chandigarh,"Modern Foods, Industrial Area, Chandigarh",Chandigarh Pollution Control Committee,Industrial Area,2,19.3,170,NA
106,6/6/2012,Chandigarh,Chandigarh,"Modern Foods, Industrial Area, Chandigarh",Chandigarh Pollution Control Committee,Industrial Area,2,16,103,NA
106,6/8/2012,Chandigarh,Chandigarh,"Modern Foods, Industrial Area, Chandigarh",Chandigarh Pollution Control Committee,Industrial Area,2,11.5,99,NA
106,6/11/2012,Chandigarh,Chandigarh,"Modern Foods, Industrial Area, Chandigarh",Chandigarh Pollution Control Committee,Industrial Area,2,24.2,110,NA
106,13/06/2012,Chandigarh,Chandigarh,"Modern Foods, Industrial Area, Chandigarh",Chandigarh Pollution Control Committee,Industrial Area,2,15.3,191,NA
106,15/06/2012,Chandigarh,Chandigarh,"Modern Foods, Industrial Area, Chandigarh",Chandigarh Pollution Control Committee,Industrial Area,2,13.7,118,NA
106,18/06/2012,Chandigarh,Chandigarh,"Modern Foods, Industrial Area, Chandigarh",Chandigarh Pollution Control Committee,Industrial Area,2,19.5,179,NA
106,20/06/2012,Chandigarh,Chandigarh,"Modern Foods, Industrial Area, Chandigarh",Chandigarh Pollution Control Committee,Industrial Area,2,14.8,191,NA
106,22/06/2012,Chandigarh,Chandigarh,"Modern Foods, Industrial Area, Chandigarh",Chandigarh Pollution Control Committee,Industrial Area,2,16.3,189,NA
106,25/06/2012,Chandigarh,Chandigarh,"Modern Foods, Industrial Area, Chandigarh",Chandigarh Pollution Control Committee,Industrial Area,2,17.8,140,NA
106,27/06/2012,Chandigarh,Chandigarh,"Modern Foods, Industrial Area, Chandigarh",Chandigarh Pollution Control Committee,Industrial Area,2,19.7,109,NA
106,29/06/2012,Chandigarh,Chandigarh,"Modern Foods, Industrial Area, Chandigarh",Chandigarh Pollution Control Committee,Industrial Area,2,12.8,240,NA
106,7/2/2012,Chandigarh,Chandigarh,"Modern Foods, Industrial Area, Chandigarh",Chandigarh Pollution Control Committee,Industrial Area,2,11.7,83,NA
106,7/4/2012,Chandigarh,Chandigarh,"Modern Foods, Industrial Area, Chandigarh",Chandigarh Pollution Control Committee,Industrial Area,2,10.5,96,NA
106,7/6/2012,Chandigarh,Chandigarh,"Modern Foods, Industrial Area, Chandigarh",Chandigarh Pollution Control Committee,Industrial Area,NA,NA,NA,NA
106,7/9/2012,Chandigarh,Chandigarh,"Modern Foods, Industrial Area, Chandigarh",Chandigarh Pollution Control Committee,Industrial Area,2,19.2,97,NA
106,7/11/2012,Chandigarh,Chandigarh,"Modern Foods, Industrial Area, Chandigarh",Chandigarh Pollution Control Committee,Industrial Area,2,10.2,77,NA
106,13/07/2012,Chandigarh,Chandigarh,"Modern Foods, Industrial Area, Chandigarh",Chandigarh Pollution Control Committee,Industrial Area,2,20.3,102,NA
106,16/07/2012,Chandigarh,Chandigarh,"Modern Foods, Industrial Area, Chandigarh",Chandigarh Pollution Control Committee,Industrial Area,2,19.5,110,NA
106,18/07/2012,Chandigarh,Chandigarh,"Modern Foods, Industrial Area, Chandigarh",Chandigarh Pollution Control Committee,Industrial Area,2,23,97,NA
106,20/07/2012,Chandigarh,Chandigarh,"Modern Foods, Industrial Area, Chandigarh",Chandigarh Pollution Control Committee,Industrial Area,2,11.1,90,NA
106,25/07/2012,Chandigarh,Chandigarh,"Modern Foods, Industrial Area, Chandigarh",Chandigarh Pollution Control Committee,Industrial Area,2,21.2,53,NA
106,27/07/2012,Chandigarh,Chandigarh,"Modern Foods, Industrial Area, Chandigarh",Chandigarh Pollution Control Committee,Industrial Area,2,22.8,95,NA
106,30/07/2012,Chandigarh,Chandigarh,"Modern Foods, Industrial Area, Chandigarh",Chandigarh Pollution Control Committee,Industrial Area,2,11.6,45,NA
106,8/1/2012,Chandigarh,Chandigarh,"Modern Foods, Industrial Area, Chandigarh",Chandigarh Pollution Control Committee,Industrial Area,2,17.3,78,NA
106,8/3/2012,Chandigarh,Chandigarh,"Modern Foods, Industrial Area, Chandigarh",Chandigarh Pollution Control Committee,Industrial Area,NA,NA,102,NA
106,8/6/2012,Chandigarh,Chandigarh,"Modern Foods, Industrial Area, Chandigarh",Chandigarh Pollution Control Committee,Industrial Area,2,23,119,NA
106,8/8/2012,Chandigarh,Chandigarh,"Modern Foods, Industrial Area, Chandigarh",Chandigarh Pollution Control Committee,Industrial Area,2,20,130,NA
106,8/10/2012,Chandigarh,Chandigarh,"Modern Foods, Industrial Area, Chandigarh",Chandigarh Pollution Control Committee,Industrial Area,2,12,46,NA
106,13/08/2012,Chandigarh,Chandigarh,"Modern Foods, Industrial Area, Chandigarh",Chandigarh Pollution Control Committee,Industrial Area,2,21,80,NA
106,17/08/2012,Chandigarh,Chandigarh,"Modern Foods, Industrial Area, Chandigarh",Chandigarh Pollution Control Committee,Industrial Area,2,28.5,86,NA
106,20/08/2012,Chandigarh,Chandigarh,"Modern Foods, Industrial Area, Chandigarh",Chandigarh Pollution Control Committee,Industrial Area,2,16.5,57,NA
106,22/08/2012,Chandigarh,Chandigarh,"Modern Foods, Industrial Area, Chandigarh",Chandigarh Pollution Control Committee,Industrial Area,2,29.6,78,NA
106,24/08/2012,Chandigarh,Chandigarh,"Modern Foods, Industrial Area, Chandigarh",Chandigarh Pollution Control Committee,Industrial Area,2,21.2,76,NA
106,29/08/2012,Chandigarh,Chandigarh,"Modern Foods, Industrial Area, Chandigarh",Chandigarh Pollution Control Committee,Industrial Area,2,20.5,102,NA
106,31/08/2012,Chandigarh,Chandigarh,"Modern Foods, Industrial Area, Chandigarh",Chandigarh Pollution Control Committee,Industrial Area,2,17.8,70,NA
106,9/3/2012,Chandigarh,Chandigarh,"Modern Foods, Industrial Area, Chandigarh",Chandigarh Pollution Control Committee,Industrial Area,2,34.7,69,NA
106,9/5/2012,Chandigarh,Chandigarh,"Modern Foods, Industrial Area, Chandigarh",Chandigarh Pollution Control Committee,Industrial Area,2,23,55,NA
106,9/7/2012,Chandigarh,Chandigarh,"Modern Foods, Industrial Area, Chandigarh",Chandigarh Pollution Control Committee,Industrial Area,2,19,61,NA
106,9/10/2012,Chandigarh,Chandigarh,"Modern Foods, Industrial Area, Chandigarh",Chandigarh Pollution Control Committee,Industrial Area,2,32.3,75,NA
106,9/12/2012,Chandigarh,Chandigarh,"Modern Foods, Industrial Area, Chandigarh",Chandigarh Pollution Control Committee,Industrial Area,2,28.8,113,NA
106,14/09/2012,Chandigarh,Chandigarh,"Modern Foods, Industrial Area, Chandigarh",Chandigarh Pollution Control Committee,Industrial Area,2,23.7,79,NA
106,17/09/2012,Chandigarh,Chandigarh,"Modern Foods, Industrial Area, Chandigarh",Chandigarh Pollution Control Committee,Industrial Area,2,13.4,57,NA
106,19/09/2012,Chandigarh,Chandigarh,"Modern Foods, Industrial Area, Chandigarh",Chandigarh Pollution Control Committee,Industrial Area,2,20,64,NA
106,15/10/2012,Chandigarh,Chandigarh,"Modern Foods, Industrial Area, Chandigarh",Chandigarh Pollution Control Committee,Industrial Area,NA,NA,247,NA
106,17/10/2012,Chandigarh,Chandigarh,"Modern Foods, Industrial Area, Chandigarh",Chandigarh Pollution Control Committee,Industrial Area,NA,NA,112,NA
106,19/10/2012,Chandigarh,Chandigarh,"Modern Foods, Industrial Area, Chandigarh",Chandigarh Pollution Control Committee,Industrial Area,NA,NA,115,NA
106,22/10/2012,Chandigarh,Chandigarh,"Modern Foods, Industrial Area, Chandigarh",Chandigarh Pollution Control Committee,Industrial Area,NA,NA,113,NA
106,24/10/2012,Chandigarh,Chandigarh,"Modern Foods, Industrial Area, Chandigarh",Chandigarh Pollution Control Committee,Industrial Area,NA,NA,95,NA
106,26/10/2012,Chandigarh,Chandigarh,"Modern Foods, Industrial Area, Chandigarh",Chandigarh Pollution Control Committee,Industrial Area,NA,NA,137,NA
106,29/10/2012,Chandigarh,Chandigarh,"Modern Foods, Industrial Area, Chandigarh",Chandigarh Pollution Control Committee,Industrial Area,NA,NA,163,NA
106,11/2/2012,Chandigarh,Chandigarh,"Modern Foods, Industrial Area, Chandigarh",Chandigarh Pollution Control Committee,Industrial Area,NA,NA,175,NA
106,11/5/2012,Chandigarh,Chandigarh,"Modern Foods, Industrial Area, Chandigarh",Chandigarh Pollution Control Committee,Industrial Area,NA,NA,NA,NA
106,11/9/2012,Chandigarh,Chandigarh,"Modern Foods, Industrial Area, Chandigarh",Chandigarh Pollution Control Committee,Industrial Area,NA,NA,141,NA
106,16/11/2012,Chandigarh,Chandigarh,"Modern Foods, Industrial Area, Chandigarh",Chandigarh Pollution Control Committee,Industrial Area,NA,NA,137,NA
106,19/11/2012,Chandigarh,Chandigarh,"Modern Foods, Industrial Area, Chandigarh",Chandigarh Pollution Control Committee,Industrial Area,NA,NA,132,NA
106,21/11/2012,Chandigarh,Chandigarh,"Modern Foods, Industrial Area, Chandigarh",Chandigarh Pollution Control Committee,Industrial Area,NA,NA,180,NA
106,23/11/2012,Chandigarh,Chandigarh,"Modern Foods, Industrial Area, Chandigarh",Chandigarh Pollution Control Committee,Industrial Area,NA,NA,165,NA
106,26/11/2012,Chandigarh,Chandigarh,"Modern Foods, Industrial Area, Chandigarh",Chandigarh Pollution Control Committee,Industrial Area,NA,NA,114,NA
106,28/11/2012,Chandigarh,Chandigarh,"Modern Foods, Industrial Area, Chandigarh",Chandigarh Pollution Control Committee,Industrial Area,NA,NA,164,NA
106,30/11/2012,Chandigarh,Chandigarh,"Modern Foods, Industrial Area, Chandigarh",Chandigarh Pollution Control Committee,Industrial Area,NA,NA,103,NA
106,12/3/2012,Chandigarh,Chandigarh,"Modern Foods, Industrial Area, Chandigarh",Chandigarh Pollution Control Committee,Industrial Area,NA,NA,161,NA
106,12/5/2012,Chandigarh,Chandigarh,"Modern Foods, Industrial Area, Chandigarh",Chandigarh Pollution Control Committee,Industrial Area,NA,NA,153,NA
106,12/7/2012,Chandigarh,Chandigarh,"Modern Foods, Industrial Area, Chandigarh",Chandigarh Pollution Control Committee,Industrial Area,NA,NA,163,NA
106,12/10/2012,Chandigarh,Chandigarh,"Modern Foods, Industrial Area, Chandigarh",Chandigarh Pollution Control Committee,Industrial Area,NA,NA,163,NA
106,12/12/2012,Chandigarh,Chandigarh,"Modern Foods, Industrial Area, Chandigarh",Chandigarh Pollution Control Committee,Industrial Area,NA,NA,201,NA
106,14/12/2012,Chandigarh,Chandigarh,"Modern Foods, Industrial Area, Chandigarh",Chandigarh Pollution Control Committee,Industrial Area,NA,NA,165,NA
106,17/12/2012,Chandigarh,Chandigarh,"Modern Foods, Industrial Area, Chandigarh",Chandigarh Pollution Control Committee,Industrial Area,NA,NA,127,NA
106,19/12/2012,Chandigarh,Chandigarh,"Modern Foods, Industrial Area, Chandigarh",Chandigarh Pollution Control Committee,Industrial Area,NA,NA,100,NA
106,21/12/2012,Chandigarh,Chandigarh,"Modern Foods, Industrial Area, Chandigarh",Chandigarh Pollution Control Committee,Industrial Area,NA,NA,125,NA
106,24/12/2012,Chandigarh,Chandigarh,"Modern Foods, Industrial Area, Chandigarh",Chandigarh Pollution Control Committee,Industrial Area,NA,NA,240,NA
106,26/12/2012,Chandigarh,Chandigarh,"Modern Foods, Industrial Area, Chandigarh",Chandigarh Pollution Control Committee,Industrial Area,NA,NA,244,NA
106,28/12/2012,Chandigarh,Chandigarh,"Modern Foods, Industrial Area, Chandigarh",Chandigarh Pollution Control Committee,Industrial Area,NA,NA,204,NA
106,31/12/2012,Chandigarh,Chandigarh,"Modern Foods, Industrial Area, Chandigarh",Chandigarh Pollution Control Committee,Industrial Area,NA,NA,150,NA
464,1/3/2012,Chandigarh,Chandigarh,"Kaimbwala Village, Chandigarh",Chandigarh Pollution Control Committee,"Residential, Rural and other Areas",2,34.5,107,NA
464,1/5/2012,Chandigarh,Chandigarh,"Kaimbwala Village, Chandigarh",Chandigarh Pollution Control Committee,"Residential, Rural and other Areas",2,22.8,93,NA
464,1/7/2012,Chandigarh,Chandigarh,"Kaimbwala Village, Chandigarh",Chandigarh Pollution Control Committee,"Residential, Rural and other Areas",2,13.7,57,NA
464,1/10/2012,Chandigarh,Chandigarh,"Kaimbwala Village, Chandigarh",Chandigarh Pollution Control Committee,"Residential, Rural and other Areas",2,29.2,133,NA
464,1/12/2012,Chandigarh,Chandigarh,"Kaimbwala Village, Chandigarh",Chandigarh Pollution Control Committee,"Residential, Rural and other Areas",2,10.8,46,NA
464,14/01/2012,Chandigarh,Chandigarh,"Kaimbwala Village, Chandigarh",Chandigarh Pollution Control Committee,"Residential, Rural and other Areas",2,16.7,112,NA
464,17/01/2012,Chandigarh,Chandigarh,"Kaimbwala Village, Chandigarh",Chandigarh Pollution Control Committee,"Residential, Rural and other Areas",NA,NA,111,NA
464,19/01/2012,Chandigarh,Chandigarh,"Kaimbwala Village, Chandigarh",Chandigarh Pollution Control Committee,"Residential, Rural and other Areas",2,27.8,56,NA
464,28/01/2012,Chandigarh,Chandigarh,"Kaimbwala Village, Chandigarh",Chandigarh Pollution Control Committee,"Residential, Rural and other Areas",2,28.6,105,NA
464,2/2/2012,Chandigarh,Chandigarh,"Kaimbwala Village, Chandigarh",Chandigarh Pollution Control Committee,"Residential, Rural and other Areas",2,13.2,111,NA
464,2/4/2012,Chandigarh,Chandigarh,"Kaimbwala Village, Chandigarh",Chandigarh Pollution Control Committee,"Residential, Rural and other Areas",2,9.5,242,NA
464,2/7/2012,Chandigarh,Chandigarh,"Kaimbwala Village, Chandigarh",Chandigarh Pollution Control Committee,"Residential, Rural and other Areas",2,29.5,120,NA
464,2/9/2012,Chandigarh,Chandigarh,"Kaimbwala Village, Chandigarh",Chandigarh Pollution Control Committee,"Residential, Rural and other Areas",2,15.5,83,NA
464,14/02/2012,Chandigarh,Chandigarh,"Kaimbwala Village, Chandigarh",Chandigarh Pollution Control Committee,"Residential, Rural and other Areas",2,16.7,81,NA
464,16/02/2012,Chandigarh,Chandigarh,"Kaimbwala Village, Chandigarh",Chandigarh Pollution Control Committee,"Residential, Rural and other Areas",2,11,55,NA
464,18/02/2012,Chandigarh,Chandigarh,"Kaimbwala Village, Chandigarh",Chandigarh Pollution Control Committee,"Residential, Rural and other Areas",2,17.7,143,NA
464,21/02/2012,Chandigarh,Chandigarh,"Kaimbwala Village, Chandigarh",Chandigarh Pollution Control Committee,"Residential, Rural and other Areas",2,16.8,185,NA
464,23/02/2012,Chandigarh,Chandigarh,"Kaimbwala Village, Chandigarh",Chandigarh Pollution Control Committee,"Residential, Rural and other Areas",2,6,173,NA
464,25/02/2012,Chandigarh,Chandigarh,"Kaimbwala Village, Chandigarh",Chandigarh Pollution Control Committee,"Residential, Rural and other Areas",2,13.9,130,NA
464,28/02/2012,Chandigarh,Chandigarh,"Kaimbwala Village, Chandigarh",Chandigarh Pollution Control Committee,"Residential, Rural and other Areas",2,15.4,141,NA
464,3/1/2012,Chandigarh,Chandigarh,"Kaimbwala Village, Chandigarh",Chandigarh Pollution Control Committee,"Residential, Rural and other Areas",2,18.7,106,NA
464,3/3/2012,Chandigarh,Chandigarh,"Kaimbwala Village, Chandigarh",Chandigarh Pollution Control Committee,"Residential, Rural and other Areas",2,6.7,129,NA
464,3/6/2012,Chandigarh,Chandigarh,"Kaimbwala Village, Chandigarh",Chandigarh Pollution Control Committee,"Residential, Rural and other Areas",2,10.3,146,NA
464,3/10/2012,Chandigarh,Chandigarh,"Kaimbwala Village, Chandigarh",Chandigarh Pollution Control Committee,"Residential, Rural and other Areas",2,15.7,107,NA
464,13/03/2012,Chandigarh,Chandigarh,"Kaimbwala Village, Chandigarh",Chandigarh Pollution Control Committee,"Residential, Rural and other Areas",2,15.8,67,NA
464,15/03/2012,Chandigarh,Chandigarh,"Kaimbwala Village, Chandigarh",Chandigarh Pollution Control Committee,"Residential, Rural and other Areas",2,23.8,169,NA
464,17/03/2012,Chandigarh,Chandigarh,"Kaimbwala Village, Chandigarh",Chandigarh Pollution Control Committee,"Residential, Rural and other Areas",2,20.7,115,NA
464,24/03/2012,Chandigarh,Chandigarh,"Kaimbwala Village, Chandigarh",Chandigarh Pollution Control Committee,"Residential, Rural and other Areas",2,18.8,206,NA
464,27/03/2012,Chandigarh,Chandigarh,"Kaimbwala Village, Chandigarh",Chandigarh Pollution Control Committee,"Residential, Rural and other Areas",2,17.5,154,NA
464,4/3/2012,Chandigarh,Chandigarh,"Kaimbwala Village, Chandigarh",Chandigarh Pollution Control Committee,"Residential, Rural and other Areas",2,18.5,120,NA
464,4/5/2012,Chandigarh,Chandigarh,"Kaimbwala Village, Chandigarh",Chandigarh Pollution Control Committee,"Residential, Rural and other Areas",2,13.2,203,NA
464,4/7/2012,Chandigarh,Chandigarh,"Kaimbwala Village, Chandigarh",Chandigarh Pollution Control Committee,"Residential, Rural and other Areas",2,17.2,120,NA
464,4/10/2012,Chandigarh,Chandigarh,"Kaimbwala Village, Chandigarh",Chandigarh Pollution Control Committee,"Residential, Rural and other Areas",2,19.5,195,NA
464,4/12/2012,Chandigarh,Chandigarh,"Kaimbwala Village, Chandigarh",Chandigarh Pollution Control Committee,"Residential, Rural and other Areas",2,19,48,NA
464,14/04/2012,Chandigarh,Chandigarh,"Kaimbwala Village, Chandigarh",Chandigarh Pollution Control Committee,"Residential, Rural and other Areas",2,29.3,72,NA
464,17/04/2012,Chandigarh,Chandigarh,"Kaimbwala Village, Chandigarh",Chandigarh Pollution Control Committee,"Residential, Rural and other Areas",2,29.5,84,NA
464,19/04/2012,Chandigarh,Chandigarh,"Kaimbwala Village, Chandigarh",Chandigarh Pollution Control Committee,"Residential, Rural and other Areas",2,21.2,136,NA
464,21/04/2012,Chandigarh,Chandigarh,"Kaimbwala Village, Chandigarh",Chandigarh Pollution Control Committee,"Residential, Rural and other Areas",2,12.6,202,NA
464,24/04/2012,Chandigarh,Chandigarh,"Kaimbwala Village, Chandigarh",Chandigarh Pollution Control Committee,"Residential, Rural and other Areas",2,12.1,100,NA
464,26/04/2012,Chandigarh,Chandigarh,"Kaimbwala Village, Chandigarh",Chandigarh Pollution Control Committee,"Residential, Rural and other Areas",2,21.2,98,NA
464,28/04/2012,Chandigarh,Chandigarh,"Kaimbwala Village, Chandigarh",Chandigarh Pollution Control Committee,"Residential, Rural and other Areas",2,16.2,85,NA
464,5/1/2012,Chandigarh,Chandigarh,"Kaimbwala Village, Chandigarh",Chandigarh Pollution Control Committee,"Residential, Rural and other Areas",2,15.5,82,NA
464,5/3/2012,Chandigarh,Chandigarh,"Kaimbwala Village, Chandigarh",Chandigarh Pollution Control Committee,"Residential, Rural and other Areas",2,12,82,NA
464,5/5/2012,Chandigarh,Chandigarh,"Kaimbwala Village, Chandigarh",Chandigarh Pollution Control Committee,"Residential, Rural and other Areas",2,10.9,138,NA
464,5/8/2012,Chandigarh,Chandigarh,"Kaimbwala Village, Chandigarh",Chandigarh Pollution Control Committee,"Residential, Rural and other Areas",2,11.3,224,NA
464,5/10/2012,Chandigarh,Chandigarh,"Kaimbwala Village, Chandigarh",Chandigarh Pollution Control Committee,"Residential, Rural and other Areas",2,12.5,160,NA
464,5/12/2012,Chandigarh,Chandigarh,"Kaimbwala Village, Chandigarh",Chandigarh Pollution Control Committee,"Residential, Rural and other Areas",2,24.3,220,NA
464,15/05/2012,Chandigarh,Chandigarh,"Kaimbwala Village, Chandigarh",Chandigarh Pollution Control Committee,"Residential, Rural and other Areas",2,29.8,147,NA
464,19/05/2012,Chandigarh,Chandigarh,"Kaimbwala Village, Chandigarh",Chandigarh Pollution Control Committee,"Residential, Rural and other Areas",2,26.8,233,NA
464,22/05/2012,Chandigarh,Chandigarh,"Kaimbwala Village, Chandigarh",Chandigarh Pollution Control Committee,"Residential, Rural and other Areas",2,24,131,NA
464,24/05/2012,Chandigarh,Chandigarh,"Kaimbwala Village, Chandigarh",Chandigarh Pollution Control Committee,"Residential, Rural and other Areas",2,25,163,NA
464,26/05/2012,Chandigarh,Chandigarh,"Kaimbwala Village, Chandigarh",Chandigarh Pollution Control Committee,"Residential, Rural and other Areas",2,31.3,160,NA
464,29/05/2012,Chandigarh,Chandigarh,"Kaimbwala Village, Chandigarh",Chandigarh Pollution Control Committee,"Residential, Rural and other Areas",2,23.5,250,NA
464,31/05/2012,Chandigarh,Chandigarh,"Kaimbwala Village, Chandigarh",Chandigarh Pollution Control Committee,"Residential, Rural and other Areas",2,21.2,191,NA
464,6/2/2012,Chandigarh,Chandigarh,"Kaimbwala Village, Chandigarh",Chandigarh Pollution Control Committee,"Residential, Rural and other Areas",2,12.8,195,NA
464,6/5/2012,Chandigarh,Chandigarh,"Kaimbwala Village, Chandigarh",Chandigarh Pollution Control Committee,"Residential, Rural and other Areas",2,15,181,NA
464,6/7/2012,Chandigarh,Chandigarh,"Kaimbwala Village, Chandigarh",Chandigarh Pollution Control Committee,"Residential, Rural and other Areas",2,25.7,241,NA
464,6/9/2012,Chandigarh,Chandigarh,"Kaimbwala Village, Chandigarh",Chandigarh Pollution Control Committee,"Residential, Rural and other Areas",2,13.8,140,NA
464,6/12/2012,Chandigarh,Chandigarh,"Kaimbwala Village, Chandigarh",Chandigarh Pollution Control Committee,"Residential, Rural and other Areas",2,15.5,219,NA
464,14/06/2012,Chandigarh,Chandigarh,"Kaimbwala Village, Chandigarh",Chandigarh Pollution Control Committee,"Residential, Rural and other Areas",2,10.5,183,NA
464,16/06/2012,Chandigarh,Chandigarh,"Kaimbwala Village, Chandigarh",Chandigarh Pollution Control Committee,"Residential, Rural and other Areas",2,11.6,247,NA
464,19/06/2012,Chandigarh,Chandigarh,"Kaimbwala Village, Chandigarh",Chandigarh Pollution Control Committee,"Residential, Rural and other Areas",2,6.2,153,NA
464,21/06/2012,Chandigarh,Chandigarh,"Kaimbwala Village, Chandigarh",Chandigarh Pollution Control Committee,"Residential, Rural and other Areas",2,10.7,187,NA
464,23/06/2012,Chandigarh,Chandigarh,"Kaimbwala Village, Chandigarh",Chandigarh Pollution Control Committee,"Residential, Rural and other Areas",2,5.3,139,NA
464,26/06/2012,Chandigarh,Chandigarh,"Kaimbwala Village, Chandigarh",Chandigarh Pollution Control Committee,"Residential, Rural and other Areas",2,12.7,167,NA
464,28/06/2012,Chandigarh,Chandigarh,"Kaimbwala Village, Chandigarh",Chandigarh Pollution Control Committee,"Residential, Rural and other Areas",2,13.2,192,NA
464,30/06/2012,Chandigarh,Chandigarh,"Kaimbwala Village, Chandigarh",Chandigarh Pollution Control Committee,"Residential, Rural and other Areas",2,11.3,131,NA
464,7/3/2012,Chandigarh,Chandigarh,"Kaimbwala Village, Chandigarh",Chandigarh Pollution Control Committee,"Residential, Rural and other Areas",2,5.3,88,NA
464,7/5/2012,Chandigarh,Chandigarh,"Kaimbwala Village, Chandigarh",Chandigarh Pollution Control Committee,"Residential, Rural and other Areas",2,14.2,114,NA
464,7/7/2012,Chandigarh,Chandigarh,"Kaimbwala Village, Chandigarh",Chandigarh Pollution Control Committee,"Residential, Rural and other Areas",2,10.3,39,NA
464,7/10/2012,Chandigarh,Chandigarh,"Kaimbwala Village, Chandigarh",Chandigarh Pollution Control Committee,"Residential, Rural and other Areas",2,12.3,63,NA
464,7/12/2012,Chandigarh,Chandigarh,"Kaimbwala Village, Chandigarh",Chandigarh Pollution Control Committee,"Residential, Rural and other Areas",2,14.3,64,NA
464,14/07/2012,Chandigarh,Chandigarh,"Kaimbwala Village, Chandigarh",Chandigarh Pollution Control Committee,"Residential, Rural and other Areas",2,7.7,74,NA
464,17/07/2012,Chandigarh,Chandigarh,"Kaimbwala Village, Chandigarh",Chandigarh Pollution Control Committee,"Residential, Rural and other Areas",2,15.5,116,NA
464,19/07/2012,Chandigarh,Chandigarh,"Kaimbwala Village, Chandigarh",Chandigarh Pollution Control Committee,"Residential, Rural and other Areas",2,13.8,98,NA
464,21/07/2012,Chandigarh,Chandigarh,"Kaimbwala Village, Chandigarh",Chandigarh Pollution Control Committee,"Residential, Rural and other Areas",2,8.5,97,NA
464,24/07/2012,Chandigarh,Chandigarh,"Kaimbwala Village, Chandigarh",Chandigarh Pollution Control Committee,"Residential, Rural and other Areas",2,24.5,83,NA
464,26/07/2012,Chandigarh,Chandigarh,"Kaimbwala Village, Chandigarh",Chandigarh Pollution Control Committee,"Residential, Rural and other Areas",2,13.8,46,NA
464,28/07/2012,Chandigarh,Chandigarh,"Kaimbwala Village, Chandigarh",Chandigarh Pollution Control Committee,"Residential, Rural and other Areas",2,16.5,33,NA
464,31/07/2012,Chandigarh,Chandigarh,"Kaimbwala Village, Chandigarh",Chandigarh Pollution Control Committee,"Residential, Rural and other Areas",2,10.7,32,NA
464,8/2/2012,Chandigarh,Chandigarh,"Kaimbwala Village, Chandigarh",Chandigarh Pollution Control Committee,"Residential, Rural and other Areas",2,18.5,70,NA
464,8/4/2012,Chandigarh,Chandigarh,"Kaimbwala Village, Chandigarh",Chandigarh Pollution Control Committee,"Residential, Rural and other Areas",NA,NA,79,NA
464,8/7/2012,Chandigarh,Chandigarh,"Kaimbwala Village, Chandigarh",Chandigarh Pollution Control Committee,"Residential, Rural and other Areas",2,13.2,68,NA
464,8/9/2012,Chandigarh,Chandigarh,"Kaimbwala Village, Chandigarh",Chandigarh Pollution Control Committee,"Residential, Rural and other Areas",2,7.6,94,NA
464,8/11/2012,Chandigarh,Chandigarh,"Kaimbwala Village, Chandigarh",Chandigarh Pollution Control Committee,"Residential, Rural and other Areas",2,8.6,39,NA
464,14/08/2012,Chandigarh,Chandigarh,"Kaimbwala Village, Chandigarh",Chandigarh Pollution Control Committee,"Residential, Rural and other Areas",2,18.3,28,NA
464,16/08/2012,Chandigarh,Chandigarh,"Kaimbwala Village, Chandigarh",Chandigarh Pollution Control Committee,"Residential, Rural and other Areas",2,16.8,53,NA
464,21/08/2012,Chandigarh,Chandigarh,"Kaimbwala Village, Chandigarh",Chandigarh Pollution Control Committee,"Residential, Rural and other Areas",2,14.3,49,NA
464,23/08/2012,Chandigarh,Chandigarh,"Kaimbwala Village, Chandigarh",Chandigarh Pollution Control Committee,"Residential, Rural and other Areas",2,14.8,43,NA
464,25/08/2012,Chandigarh,Chandigarh,"Kaimbwala Village, Chandigarh",Chandigarh Pollution Control Committee,"Residential, Rural and other Areas",2,16.8,42,NA
464,28/08/2012,Chandigarh,Chandigarh,"Kaimbwala Village, Chandigarh",Chandigarh Pollution Control Committee,"Residential, Rural and other Areas",2,13,46,NA
464,30/08/2012,Chandigarh,Chandigarh,"Kaimbwala Village, Chandigarh",Chandigarh Pollution Control Committee,"Residential, Rural and other Areas",2,11.5,49,NA
464,9/1/2012,Chandigarh,Chandigarh,"Kaimbwala Village, Chandigarh",Chandigarh Pollution Control Committee,"Residential, Rural and other Areas",2,14,71,NA
464,9/4/2012,Chandigarh,Chandigarh,"Kaimbwala Village, Chandigarh",Chandigarh Pollution Control Committee,"Residential, Rural and other Areas",2,24.5,30,NA
464,9/6/2012,Chandigarh,Chandigarh,"Kaimbwala Village, Chandigarh",Chandigarh Pollution Control Committee,"Residential, Rural and other Areas",2,28.2,77,NA
464,9/8/2012,Chandigarh,Chandigarh,"Kaimbwala Village, Chandigarh",Chandigarh Pollution Control Committee,"Residential, Rural and other Areas",2,30.8,102,NA
464,9/11/2012,Chandigarh,Chandigarh,"Kaimbwala Village, Chandigarh",Chandigarh Pollution Control Committee,"Residential, Rural and other Areas",2,19.3,66,NA
464,13/09/2012,Chandigarh,Chandigarh,"Kaimbwala Village, Chandigarh",Chandigarh Pollution Control Committee,"Residential, Rural and other Areas",2,13.3,97,NA
464,15/09/2012,Chandigarh,Chandigarh,"Kaimbwala Village, Chandigarh",Chandigarh Pollution Control Committee,"Residential, Rural and other Areas",2,16.5,66,NA
464,18/09/2012,Chandigarh,Chandigarh,"Kaimbwala Village, Chandigarh",Chandigarh Pollution Control Committee,"Residential, Rural and other Areas",2,39.8,38,NA
464,16/10/2012,Chandigarh,Chandigarh,"Kaimbwala Village, Chandigarh",Chandigarh Pollution Control Committee,"Residential, Rural and other Areas",NA,NA,63,NA
464,18/10/2012,Chandigarh,Chandigarh,"Kaimbwala Village, Chandigarh",Chandigarh Pollution Control Committee,"Residential, Rural and other Areas",NA,NA,54,NA
464,20/10/2012,Chandigarh,Chandigarh,"Kaimbwala Village, Chandigarh",Chandigarh Pollution Control Committee,"Residential, Rural and other Areas",NA,NA,104,NA
464,23/10/2012,Chandigarh,Chandigarh,"Kaimbwala Village, Chandigarh",Chandigarh Pollution Control Committee,"Residential, Rural and other Areas",NA,NA,75,NA
464,25/10/2012,Chandigarh,Chandigarh,"Kaimbwala Village, Chandigarh",Chandigarh Pollution Control Committee,"Residential, Rural and other Areas",NA,NA,52,NA
464,27/10/2012,Chandigarh,Chandigarh,"Kaimbwala Village, Chandigarh",Chandigarh Pollution Control Committee,"Residential, Rural and other Areas",NA,NA,99,NA
464,30/10/2012,Chandigarh,Chandigarh,"Kaimbwala Village, Chandigarh",Chandigarh Pollution Control Committee,"Residential, Rural and other Areas",NA,NA,158,NA
464,11/1/2012,Chandigarh,Chandigarh,"Kaimbwala Village, Chandigarh",Chandigarh Pollution Control Committee,"Residential, Rural and other Areas",NA,NA,122,NA
464,11/3/2012,Chandigarh,Chandigarh,"Kaimbwala Village, Chandigarh",Chandigarh Pollution Control Committee,"Residential, Rural and other Areas",NA,NA,111,NA
464,11/8/2012,Chandigarh,Chandigarh,"Kaimbwala Village, Chandigarh",Chandigarh Pollution Control Committee,"Residential, Rural and other Areas",NA,NA,127,NA
464,11/10/2012,Chandigarh,Chandigarh,"Kaimbwala Village, Chandigarh",Chandigarh Pollution Control Committee,"Residential, Rural and other Areas",NA,NA,149,NA
464,15/11/2012,Chandigarh,Chandigarh,"Kaimbwala Village, Chandigarh",Chandigarh Pollution Control Committee,"Residential, Rural and other Areas",NA,NA,107,NA
464,17/11/2012,Chandigarh,Chandigarh,"Kaimbwala Village, Chandigarh",Chandigarh Pollution Control Committee,"Residential, Rural and other Areas",NA,NA,66,NA
464,20/11/2012,Chandigarh,Chandigarh,"Kaimbwala Village, Chandigarh",Chandigarh Pollution Control Committee,"Residential, Rural and other Areas",NA,NA,133,NA
464,22/11/2012,Chandigarh,Chandigarh,"Kaimbwala Village, Chandigarh",Chandigarh Pollution Control Committee,"Residential, Rural and other Areas",NA,NA,143,NA
464,24/11/2012,Chandigarh,Chandigarh,"Kaimbwala Village, Chandigarh",Chandigarh Pollution Control Committee,"Residential, Rural and other Areas",NA,NA,137,NA
464,27/11/2012,Chandigarh,Chandigarh,"Kaimbwala Village, Chandigarh",Chandigarh Pollution Control Committee,"Residential, Rural and other Areas",NA,NA,119,NA
464,29/11/2012,Chandigarh,Chandigarh,"Kaimbwala Village, Chandigarh",Chandigarh Pollution Control Committee,"Residential, Rural and other Areas",NA,NA,110,NA
464,12/1/2012,Chandigarh,Chandigarh,"Kaimbwala Village, Chandigarh",Chandigarh Pollution Control Committee,"Residential, Rural and other Areas",NA,NA,119,NA
464,12/4/2012,Chandigarh,Chandigarh,"Kaimbwala Village, Chandigarh",Chandigarh Pollution Control Committee,"Residential, Rural and other Areas",NA,NA,141,NA
464,12/6/2012,Chandigarh,Chandigarh,"Kaimbwala Village, Chandigarh",Chandigarh Pollution Control Committee,"Residential, Rural and other Areas",NA,NA,145,NA
464,12/8/2012,Chandigarh,Chandigarh,"Kaimbwala Village, Chandigarh",Chandigarh Pollution Control Committee,"Residential, Rural and other Areas",NA,NA,140,NA
464,12/11/2012,Chandigarh,Chandigarh,"Kaimbwala Village, Chandigarh",Chandigarh Pollution Control Committee,"Residential, Rural and other Areas",NA,NA,59,NA
464,13/12/2012,Chandigarh,Chandigarh,"Kaimbwala Village, Chandigarh",Chandigarh Pollution Control Committee,"Residential, Rural and other Areas",NA,NA,99,NA
464,15/12/2012,Chandigarh,Chandigarh,"Kaimbwala Village, Chandigarh",Chandigarh Pollution Control Committee,"Residential, Rural and other Areas",NA,NA,83,NA
464,18/12/2012,Chandigarh,Chandigarh,"Kaimbwala Village, Chandigarh",Chandigarh Pollution Control Committee,"Residential, Rural and other Areas",NA,NA,134,NA
464,20/12/2012,Chandigarh,Chandigarh,"Kaimbwala Village, Chandigarh",Chandigarh Pollution Control Committee,"Residential, Rural and other Areas",NA,NA,121,NA
464,22/12/2012,Chandigarh,Chandigarh,"Kaimbwala Village, Chandigarh",Chandigarh Pollution Control Committee,"Residential, Rural and other Areas",NA,NA,238,NA
464,25/12/2012,Chandigarh,Chandigarh,"Kaimbwala Village, Chandigarh",Chandigarh Pollution Control Committee,"Residential, Rural and other Areas",NA,NA,183,NA
464,27/12/2012,Chandigarh,Chandigarh,"Kaimbwala Village, Chandigarh",Chandigarh Pollution Control Committee,"Residential, Rural and other Areas",NA,NA,170,NA
464,29/12/2012,Chandigarh,Chandigarh,"Kaimbwala Village, Chandigarh",Chandigarh Pollution Control Committee,"Residential, Rural and other Areas",NA,NA,213,NA
264,1/1/2012,Chandigarh,Chandigarh,"Punjab Engineering College, Sector-12, Chandigarh",Chandigarh Pollution Control Committee,"Residential, Rural and other Areas",2,23.3,59,NA
264,1/2/2012,Chandigarh,Chandigarh,"Punjab Engineering College, Sector-12, Chandigarh",Chandigarh Pollution Control Committee,"Residential, Rural and other Areas",2,14.1,54,NA
264,1/4/2012,Chandigarh,Chandigarh,"Punjab Engineering College, Sector-12, Chandigarh",Chandigarh Pollution Control Committee,"Residential, Rural and other Areas",2,21.2,63,NA
264,1/6/2012,Chandigarh,Chandigarh,"Punjab Engineering College, Sector-12, Chandigarh",Chandigarh Pollution Control Committee,"Residential, Rural and other Areas",2,14.8,68,NA
264,1/8/2012,Chandigarh,Chandigarh,"Punjab Engineering College, Sector-12, Chandigarh",Chandigarh Pollution Control Committee,"Residential, Rural and other Areas",2,27.3,103,NA
264,1/9/2012,Chandigarh,Chandigarh,"Punjab Engineering College, Sector-12, Chandigarh",Chandigarh Pollution Control Committee,"Residential, Rural and other Areas",2,27.3,103,NA
264,1/11/2012,Chandigarh,Chandigarh,"Punjab Engineering College, Sector-12, Chandigarh",Chandigarh Pollution Control Committee,"Residential, Rural and other Areas",2,37,122,NA
264,13/01/2012,Chandigarh,Chandigarh,"Punjab Engineering College, Sector-12, Chandigarh",Chandigarh Pollution Control Committee,"Residential, Rural and other Areas",2,24.2,94,NA
264,20/01/2012,Chandigarh,Chandigarh,"Punjab Engineering College, Sector-12, Chandigarh",Chandigarh Pollution Control Committee,"Residential, Rural and other Areas",NA,NA,34,NA
264,23/01/2012,Chandigarh,Chandigarh,"Punjab Engineering College, Sector-12, Chandigarh",Chandigarh Pollution Control Committee,"Residential, Rural and other Areas",NA,NA,55,NA
264,25/01/2012,Chandigarh,Chandigarh,"Punjab Engineering College, Sector-12, Chandigarh",Chandigarh Pollution Control Committee,"Residential, Rural and other Areas",2,18.2,72,NA
264,27/01/2012,Chandigarh,Chandigarh,"Punjab Engineering College, Sector-12, Chandigarh",Chandigarh Pollution Control Committee,"Residential, Rural and other Areas",2,22.3,98,NA
264,30/01/2012,Chandigarh,Chandigarh,"Punjab Engineering College, Sector-12, Chandigarh",Chandigarh Pollution Control Committee,"Residential, Rural and other Areas",2,19.1,49,NA
264,2/1/2012,Chandigarh,Chandigarh,"Punjab Engineering College, Sector-12, Chandigarh",Chandigarh Pollution Control Committee,"Residential, Rural and other Areas",2,11.3,118,NA
264,2/3/2012,Chandigarh,Chandigarh,"Punjab Engineering College, Sector-12, Chandigarh",Chandigarh Pollution Control Committee,"Residential, Rural and other Areas",2,21.3,144,NA
264,2/6/2012,Chandigarh,Chandigarh,"Punjab Engineering College, Sector-12, Chandigarh",Chandigarh Pollution Control Committee,"Residential, Rural and other Areas",2,18.5,130,NA
264,2/8/2012,Chandigarh,Chandigarh,"Punjab Engineering College, Sector-12, Chandigarh",Chandigarh Pollution Control Committee,"Residential, Rural and other Areas",2,34,72,NA
264,2/10/2012,Chandigarh,Chandigarh,"Punjab Engineering College, Sector-12, Chandigarh",Chandigarh Pollution Control Committee,"Residential, Rural and other Areas",2,12.8,90,NA
264,13/02/2012,Chandigarh,Chandigarh,"Punjab Engineering College, Sector-12, Chandigarh",Chandigarh Pollution Control Committee,"Residential, Rural and other Areas",2,29.8,69,NA
264,15/02/2012,Chandigarh,Chandigarh,"Punjab Engineering College, Sector-12, Chandigarh",Chandigarh Pollution Control Committee,"Residential, Rural and other Areas",2,6.5,74,NA
264,17/02/2012,Chandigarh,Chandigarh,"Punjab Engineering College, Sector-12, Chandigarh",Chandigarh Pollution Control Committee,"Residential, Rural and other Areas",2,15.1,81,NA
264,20/02/2012,Chandigarh,Chandigarh,"Punjab Engineering College, Sector-12, Chandigarh",Chandigarh Pollution Control Committee,"Residential, Rural and other Areas",2,11.8,142,NA
264,22/02/2012,Chandigarh,Chandigarh,"Punjab Engineering College, Sector-12, Chandigarh",Chandigarh Pollution Control Committee,"Residential, Rural and other Areas",2,19.7,159,NA
264,24/02/2012,Chandigarh,Chandigarh,"Punjab Engineering College, Sector-12, Chandigarh",Chandigarh Pollution Control Committee,"Residential, Rural and other Areas",2,20.7,105,NA
264,27/02/2012,Chandigarh,Chandigarh,"Punjab Engineering College, Sector-12, Chandigarh",Chandigarh Pollution Control Committee,"Residential, Rural and other Areas",2,13.8,94,NA
264,29/02/2012,Chandigarh,Chandigarh,"Punjab Engineering College, Sector-12, Chandigarh",Chandigarh Pollution Control Committee,"Residential, Rural and other Areas",2,5.6,110,NA
264,3/2/2012,Chandigarh,Chandigarh,"Punjab Engineering College, Sector-12, Chandigarh",Chandigarh Pollution Control Committee,"Residential, Rural and other Areas",2,9.3,104,NA
264,3/5/2012,Chandigarh,Chandigarh,"Punjab Engineering College, Sector-12, Chandigarh",Chandigarh Pollution Control Committee,"Residential, Rural and other Areas",2,17.3,222,NA
264,3/7/2012,Chandigarh,Chandigarh,"Punjab Engineering College, Sector-12, Chandigarh",Chandigarh Pollution Control Committee,"Residential, Rural and other Areas",2,19.3,103,NA
264,3/9/2012,Chandigarh,Chandigarh,"Punjab Engineering College, Sector-12, Chandigarh",Chandigarh Pollution Control Committee,"Residential, Rural and other Areas",2,13.5,103,NA
264,3/12/2012,Chandigarh,Chandigarh,"Punjab Engineering College, Sector-12, Chandigarh",Chandigarh Pollution Control Committee,"Residential, Rural and other Areas",2,8.1,258,NA
264,14/03/2012,Chandigarh,Chandigarh,"Punjab Engineering College, Sector-12, Chandigarh",Chandigarh Pollution Control Committee,"Residential, Rural and other Areas",2,15.7,67,NA
264,16/03/2012,Chandigarh,Chandigarh,"Punjab Engineering College, Sector-12, Chandigarh",Chandigarh Pollution Control Committee,"Residential, Rural and other Areas",2,24,81,NA
264,19/03/2012,Chandigarh,Chandigarh,"Punjab Engineering College, Sector-12, Chandigarh",Chandigarh Pollution Control Committee,"Residential, Rural and other Areas",2,23,168,NA
264,23/03/2012,Chandigarh,Chandigarh,"Punjab Engineering College, Sector-12, Chandigarh",Chandigarh Pollution Control Committee,"Residential, Rural and other Areas",2,20.2,193,NA
264,26/03/2012,Chandigarh,Chandigarh,"Punjab Engineering College, Sector-12, Chandigarh",Chandigarh Pollution Control Committee,"Residential, Rural and other Areas",2,13.6,108,NA
264,28/03/2012,Chandigarh,Chandigarh,"Punjab Engineering College, Sector-12, Chandigarh",Chandigarh Pollution Control Committee,"Residential, Rural and other Areas",2,22.7,104,NA
264,30/03/2012,Chandigarh,Chandigarh,"Punjab Engineering College, Sector-12, Chandigarh",Chandigarh Pollution Control Committee,"Residential, Rural and other Areas",2,16.5,100,NA
264,4/2/2012,Chandigarh,Chandigarh,"Punjab Engineering College, Sector-12, Chandigarh",Chandigarh Pollution Control Committee,"Residential, Rural and other Areas",2,18,151,NA
264,4/4/2012,Chandigarh,Chandigarh,"Punjab Engineering College, Sector-12, Chandigarh",Chandigarh Pollution Control Committee,"Residential, Rural and other Areas",2,13.3,182,NA
264,4/6/2012,Chandigarh,Chandigarh,"Punjab Engineering College, Sector-12, Chandigarh",Chandigarh Pollution Control Committee,"Residential, Rural and other Areas",2,14.5,70,NA
264,4/9/2012,Chandigarh,Chandigarh,"Punjab Engineering College, Sector-12, Chandigarh",Chandigarh Pollution Control Committee,"Residential, Rural and other Areas",2,17.7,137,NA
264,4/11/2012,Chandigarh,Chandigarh,"Punjab Engineering College, Sector-12, Chandigarh",Chandigarh Pollution Control Committee,"Residential, Rural and other Areas",2,14.7,85,NA
264,13/04/2012,Chandigarh,Chandigarh,"Punjab Engineering College, Sector-12, Chandigarh",Chandigarh Pollution Control Committee,"Residential, Rural and other Areas",2,35.3,62,NA
264,16/04/2012,Chandigarh,Chandigarh,"Punjab Engineering College, Sector-12, Chandigarh",Chandigarh Pollution Control Committee,"Residential, Rural and other Areas",2,13.7,64,NA
264,18/04/2012,Chandigarh,Chandigarh,"Punjab Engineering College, Sector-12, Chandigarh",Chandigarh Pollution Control Committee,"Residential, Rural and other Areas",2,21.2,134,NA
264,20/04/2012,Chandigarh,Chandigarh,"Punjab Engineering College, Sector-12, Chandigarh",Chandigarh Pollution Control Committee,"Residential, Rural and other Areas",2,16.2,117,NA
264,23/04/2012,Chandigarh,Chandigarh,"Punjab Engineering College, Sector-12, Chandigarh",Chandigarh Pollution Control Committee,"Residential, Rural and other Areas",2,17.7,69,NA
264,25/04/2012,Chandigarh,Chandigarh,"Punjab Engineering College, Sector-12, Chandigarh",Chandigarh Pollution Control Committee,"Residential, Rural and other Areas",2,18.8,82,NA
264,27/04/2012,Chandigarh,Chandigarh,"Punjab Engineering College, Sector-12, Chandigarh",Chandigarh Pollution Control Committee,"Residential, Rural and other Areas",2,15.5,55,NA
264,30/04/2012,Chandigarh,Chandigarh,"Punjab Engineering College, Sector-12, Chandigarh",Chandigarh Pollution Control Committee,"Residential, Rural and other Areas",2,15.6,45,NA
264,5/2/2012,Chandigarh,Chandigarh,"Punjab Engineering College, Sector-12, Chandigarh",Chandigarh Pollution Control Committee,"Residential, Rural and other Areas",2,15.8,88,NA
264,5/4/2012,Chandigarh,Chandigarh,"Punjab Engineering College, Sector-12, Chandigarh",Chandigarh Pollution Control Committee,"Residential, Rural and other Areas",2,19.8,62,NA
264,5/7/2012,Chandigarh,Chandigarh,"Punjab Engineering College, Sector-12, Chandigarh",Chandigarh Pollution Control Committee,"Residential, Rural and other Areas",2,20.7,107,NA
264,5/9/2012,Chandigarh,Chandigarh,"Punjab Engineering College, Sector-12, Chandigarh",Chandigarh Pollution Control Committee,"Residential, Rural and other Areas",2,20.3,75,NA
264,5/11/2012,Chandigarh,Chandigarh,"Punjab Engineering College, Sector-12, Chandigarh",Chandigarh Pollution Control Committee,"Residential, Rural and other Areas",2,44.5,127,NA
264,14/05/2012,Chandigarh,Chandigarh,"Punjab Engineering College, Sector-12, Chandigarh",Chandigarh Pollution Control Committee,"Residential, Rural and other Areas",2,24.8,125,NA
264,16/05/2012,Chandigarh,Chandigarh,"Punjab Engineering College, Sector-12, Chandigarh",Chandigarh Pollution Control Committee,"Residential, Rural and other Areas",2,30.8,130,NA
264,18/05/2012,Chandigarh,Chandigarh,"Punjab Engineering College, Sector-12, Chandigarh",Chandigarh Pollution Control Committee,"Residential, Rural and other Areas",2,21.8,215,NA
264,21/05/2012,Chandigarh,Chandigarh,"Punjab Engineering College, Sector-12, Chandigarh",Chandigarh Pollution Control Committee,"Residential, Rural and other Areas",2,26.7,82,NA
264,23/05/2012,Chandigarh,Chandigarh,"Punjab Engineering College, Sector-12, Chandigarh",Chandigarh Pollution Control Committee,"Residential, Rural and other Areas",2,23.5,86,NA
264,25/05/2012,Chandigarh,Chandigarh,"Punjab Engineering College, Sector-12, Chandigarh",Chandigarh Pollution Control Committee,"Residential, Rural and other Areas",2,33.7,93,NA
264,28/05/2012,Chandigarh,Chandigarh,"Punjab Engineering College, Sector-12, Chandigarh",Chandigarh Pollution Control Committee,"Residential, Rural and other Areas",2,25.2,150,NA
264,30/05/2012,Chandigarh,Chandigarh,"Punjab Engineering College, Sector-12, Chandigarh",Chandigarh Pollution Control Committee,"Residential, Rural and other Areas",2,23.3,127,NA
264,6/1/2012,Chandigarh,Chandigarh,"Punjab Engineering College, Sector-12, Chandigarh",Chandigarh Pollution Control Committee,"Residential, Rural and other Areas",2,25.2,211,NA
264,6/4/2012,Chandigarh,Chandigarh,"Punjab Engineering College, Sector-12, Chandigarh",Chandigarh Pollution Control Committee,"Residential, Rural and other Areas",2,15.8,157,NA
264,6/6/2012,Chandigarh,Chandigarh,"Punjab Engineering College, Sector-12, Chandigarh",Chandigarh Pollution Control Committee,"Residential, Rural and other Areas",2,15.7,66,NA
264,6/8/2012,Chandigarh,Chandigarh,"Punjab Engineering College, Sector-12, Chandigarh",Chandigarh Pollution Control Committee,"Residential, Rural and other Areas",2,13.4,70,NA
264,6/11/2012,Chandigarh,Chandigarh,"Punjab Engineering College, Sector-12, Chandigarh",Chandigarh Pollution Control Committee,"Residential, Rural and other Areas",2,19,99,NA
264,13/06/2012,Chandigarh,Chandigarh,"Punjab Engineering College, Sector-12, Chandigarh",Chandigarh Pollution Control Committee,"Residential, Rural and other Areas",2,14,120,NA
264,15/06/2012,Chandigarh,Chandigarh,"Punjab Engineering College, Sector-12, Chandigarh",Chandigarh Pollution Control Committee,"Residential, Rural and other Areas",2,7.7,143,NA
264,18/06/2012,Chandigarh,Chandigarh,"Punjab Engineering College, Sector-12, Chandigarh",Chandigarh Pollution Control Committee,"Residential, Rural and other Areas",2,16.8,191,NA
264,20/06/2012,Chandigarh,Chandigarh,"Punjab Engineering College, Sector-12, Chandigarh",Chandigarh Pollution Control Committee,"Residential, Rural and other Areas",2,15,153,NA
264,22/06/2012,Chandigarh,Chandigarh,"Punjab Engineering College, Sector-12, Chandigarh",Chandigarh Pollution Control Committee,"Residential, Rural and other Areas",2,9.8,159,NA
264,25/06/2012,Chandigarh,Chandigarh,"Punjab Engineering College, Sector-12, Chandigarh",Chandigarh Pollution Control Committee,"Residential, Rural and other Areas",2,18.3,101,NA
264,29/06/2012,Chandigarh,Chandigarh,"Punjab Engineering College, Sector-12, Chandigarh",Chandigarh Pollution Control Committee,"Residential, Rural and other Areas",2,11.2,127,NA
264,7/2/2012,Chandigarh,Chandigarh,"Punjab Engineering College, Sector-12, Chandigarh",Chandigarh Pollution Control Committee,"Residential, Rural and other Areas",2,11,130,NA
264,7/4/2012,Chandigarh,Chandigarh,"Punjab Engineering College, Sector-12, Chandigarh",Chandigarh Pollution Control Committee,"Residential, Rural and other Areas",2,7.8,96,NA
264,7/6/2012,Chandigarh,Chandigarh,"Punjab Engineering College, Sector-12, Chandigarh",Chandigarh Pollution Control Committee,"Residential, Rural and other Areas",NA,NA,58,NA
264,7/9/2012,Chandigarh,Chandigarh,"Punjab Engineering College, Sector-12, Chandigarh",Chandigarh Pollution Control Committee,"Residential, Rural and other Areas",2,16,55,NA
264,7/11/2012,Chandigarh,Chandigarh,"Punjab Engineering College, Sector-12, Chandigarh",Chandigarh Pollution Control Committee,"Residential, Rural and other Areas",2,6.2,48,NA
264,13/07/2012,Chandigarh,Chandigarh,"Punjab Engineering College, Sector-12, Chandigarh",Chandigarh Pollution Control Committee,"Residential, Rural and other Areas",2,15.8,77,NA
264,16/07/2012,Chandigarh,Chandigarh,"Punjab Engineering College, Sector-12, Chandigarh",Chandigarh Pollution Control Committee,"Residential, Rural and other Areas",2,17.3,110,NA
264,18/07/2012,Chandigarh,Chandigarh,"Punjab Engineering College, Sector-12, Chandigarh",Chandigarh Pollution Control Committee,"Residential, Rural and other Areas",2,20.5,91,NA
264,20/07/2012,Chandigarh,Chandigarh,"Punjab Engineering College, Sector-12, Chandigarh",Chandigarh Pollution Control Committee,"Residential, Rural and other Areas",2,7.4,76,NA
264,23/07/2012,Chandigarh,Chandigarh,"Punjab Engineering College, Sector-12, Chandigarh",Chandigarh Pollution Control Committee,"Residential, Rural and other Areas",2,8.2,80,NA
264,25/07/2012,Chandigarh,Chandigarh,"Punjab Engineering College, Sector-12, Chandigarh",Chandigarh Pollution Control Committee,"Residential, Rural and other Areas",2,14.3,32,NA
264,27/07/2012,Chandigarh,Chandigarh,"Punjab Engineering College, Sector-12, Chandigarh",Chandigarh Pollution Control Committee,"Residential, Rural and other Areas",2,22.8,50,NA
264,30/07/2012,Chandigarh,Chandigarh,"Punjab Engineering College, Sector-12, Chandigarh",Chandigarh Pollution Control Committee,"Residential, Rural and other Areas",2,10.7,25,NA
264,8/1/2012,Chandigarh,Chandigarh,"Punjab Engineering College, Sector-12, Chandigarh",Chandigarh Pollution Control Committee,"Residential, Rural and other Areas",2,15.5,47,NA
264,8/3/2012,Chandigarh,Chandigarh,"Punjab Engineering College, Sector-12, Chandigarh",Chandigarh Pollution Control Committee,"Residential, Rural and other Areas",NA,NA,87,NA
264,8/8/2012,Chandigarh,Chandigarh,"Punjab Engineering College, Sector-12, Chandigarh",Chandigarh Pollution Control Committee,"Residential, Rural and other Areas",2,19.5,96,NA
264,8/10/2012,Chandigarh,Chandigarh,"Punjab Engineering College, Sector-12, Chandigarh",Chandigarh Pollution Control Committee,"Residential, Rural and other Areas",2,8.2,28,NA
264,13/08/2012,Chandigarh,Chandigarh,"Punjab Engineering College, Sector-12, Chandigarh",Chandigarh Pollution Control Committee,"Residential, Rural and other Areas",2,16,42,NA
264,17/08/2012,Chandigarh,Chandigarh,"Punjab Engineering College, Sector-12, Chandigarh",Chandigarh Pollution Control Committee,"Residential, Rural and other Areas",2,40.8,34,NA
264,20/08/2012,Chandigarh,Chandigarh,"Punjab Engineering College, Sector-12, Chandigarh",Chandigarh Pollution Control Committee,"Residential, Rural and other Areas",2,19,61,NA
264,22/08/2012,Chandigarh,Chandigarh,"Punjab Engineering College, Sector-12, Chandigarh",Chandigarh Pollution Control Committee,"Residential, Rural and other Areas",2,30.8,35,NA
264,24/08/2012,Chandigarh,Chandigarh,"Punjab Engineering College, Sector-12, Chandigarh",Chandigarh Pollution Control Committee,"Residential, Rural and other Areas",2,17.8,47,NA
264,27/08/2012,Chandigarh,Chandigarh,"Punjab Engineering College, Sector-12, Chandigarh",Chandigarh Pollution Control Committee,"Residential, Rural and other Areas",2,28.7,32,NA
264,29/08/2012,Chandigarh,Chandigarh,"Punjab Engineering College, Sector-12, Chandigarh",Chandigarh Pollution Control Committee,"Residential, Rural and other Areas",2,14.8,52,NA
264,31/08/2012,Chandigarh,Chandigarh,"Punjab Engineering College, Sector-12, Chandigarh",Chandigarh Pollution Control Committee,"Residential, Rural and other Areas",2,19.2,49,NA
264,9/3/2012,Chandigarh,Chandigarh,"Punjab Engineering College, Sector-12, Chandigarh",Chandigarh Pollution Control Committee,"Residential, Rural and other Areas",2,34.2,32,NA
264,9/7/2012,Chandigarh,Chandigarh,"Punjab Engineering College, Sector-12, Chandigarh",Chandigarh Pollution Control Committee,"Residential, Rural and other Areas",2,25.8,27,NA
264,9/10/2012,Chandigarh,Chandigarh,"Punjab Engineering College, Sector-12, Chandigarh",Chandigarh Pollution Control Committee,"Residential, Rural and other Areas",2,30.5,46,NA
264,9/12/2012,Chandigarh,Chandigarh,"Punjab Engineering College, Sector-12, Chandigarh",Chandigarh Pollution Control Committee,"Residential, Rural and other Areas",2,32.2,62,NA
264,14/09/2012,Chandigarh,Chandigarh,"Punjab Engineering College, Sector-12, Chandigarh",Chandigarh Pollution Control Committee,"Residential, Rural and other Areas",2,23.2,37,NA
264,17/09/2012,Chandigarh,Chandigarh,"Punjab Engineering College, Sector-12, Chandigarh",Chandigarh Pollution Control Committee,"Residential, Rural and other Areas",2,14.4,26,NA
264,19/09/2012,Chandigarh,Chandigarh,"Punjab Engineering College, Sector-12, Chandigarh",Chandigarh Pollution Control Committee,"Residential, Rural and other Areas",2,16.5,40,NA
264,15/10/2012,Chandigarh,Chandigarh,"Punjab Engineering College, Sector-12, Chandigarh",Chandigarh Pollution Control Committee,"Residential, Rural and other Areas",NA,NA,71,NA
264,17/10/2012,Chandigarh,Chandigarh,"Punjab Engineering College, Sector-12, Chandigarh",Chandigarh Pollution Control Committee,"Residential, Rural and other Areas",NA,NA,49,NA
264,19/10/2012,Chandigarh,Chandigarh,"Punjab Engineering College, Sector-12, Chandigarh",Chandigarh Pollution Control Committee,"Residential, Rural and other Areas",NA,NA,58,NA
264,22/10/2012,Chandigarh,Chandigarh,"Punjab Engineering College, Sector-12, Chandigarh",Chandigarh Pollution Control Committee,"Residential, Rural and other Areas",NA,NA,64,NA
264,24/10/2012,Chandigarh,Chandigarh,"Punjab Engineering College, Sector-12, Chandigarh",Chandigarh Pollution Control Committee,"Residential, Rural and other Areas",NA,NA,75,NA
264,26/10/2012,Chandigarh,Chandigarh,"Punjab Engineering College, Sector-12, Chandigarh",Chandigarh Pollution Control Committee,"Residential, Rural and other Areas",NA,NA,74,NA
264,29/10/2012,Chandigarh,Chandigarh,"Punjab Engineering College, Sector-12, Chandigarh",Chandigarh Pollution Control Committee,"Residential, Rural and other Areas",NA,NA,109,NA
264,31/10/2012,Chandigarh,Chandigarh,"Punjab Engineering College, Sector-12, Chandigarh",Chandigarh Pollution Control Committee,"Residential, Rural and other Areas",NA,NA,97,NA
264,11/2/2012,Chandigarh,Chandigarh,"Punjab Engineering College, Sector-12, Chandigarh",Chandigarh Pollution Control Committee,"Residential, Rural and other Areas",NA,NA,106,NA
264,11/5/2012,Chandigarh,Chandigarh,"Punjab Engineering College, Sector-12, Chandigarh",Chandigarh Pollution Control Committee,"Residential, Rural and other Areas",NA,NA,122,NA
264,11/7/2012,Chandigarh,Chandigarh,"Punjab Engineering College, Sector-12, Chandigarh",Chandigarh Pollution Control Committee,"Residential, Rural and other Areas",NA,NA,115,NA
264,11/9/2012,Chandigarh,Chandigarh,"Punjab Engineering College, Sector-12, Chandigarh",Chandigarh Pollution Control Committee,"Residential, Rural and other Areas",NA,NA,96,NA
264,15/11/2012,Chandigarh,Chandigarh,"Punjab Engineering College, Sector-12, Chandigarh",Chandigarh Pollution Control Committee,"Residential, Rural and other Areas",NA,NA,150,NA
264,16/11/2012,Chandigarh,Chandigarh,"Punjab Engineering College, Sector-12, Chandigarh",Chandigarh Pollution Control Committee,"Residential, Rural and other Areas",NA,NA,150,NA
264,19/11/2012,Chandigarh,Chandigarh,"Punjab Engineering College, Sector-12, Chandigarh",Chandigarh Pollution Control Committee,"Residential, Rural and other Areas",NA,NA,93,NA
264,21/11/2012,Chandigarh,Chandigarh,"Punjab Engineering College, Sector-12, Chandigarh",Chandigarh Pollution Control Committee,"Residential, Rural and other Areas",NA,NA,96,NA
264,23/11/2012,Chandigarh,Chandigarh,"Punjab Engineering College, Sector-12, Chandigarh",Chandigarh Pollution Control Committee,"Residential, Rural and other Areas",NA,NA,102,NA
264,26/11/2012,Chandigarh,Chandigarh,"Punjab Engineering College, Sector-12, Chandigarh",Chandigarh Pollution Control Committee,"Residential, Rural and other Areas",NA,NA,60,NA
264,28/11/2012,Chandigarh,Chandigarh,"Punjab Engineering College, Sector-12, Chandigarh",Chandigarh Pollution Control Committee,"Residential, Rural and other Areas",NA,NA,91,NA
264,30/11/2012,Chandigarh,Chandigarh,"Punjab Engineering College, Sector-12, Chandigarh",Chandigarh Pollution Control Committee,"Residential, Rural and other Areas",NA,NA,48,NA
264,12/3/2012,Chandigarh,Chandigarh,"Punjab Engineering College, Sector-12, Chandigarh",Chandigarh Pollution Control Committee,"Residential, Rural and other Areas",NA,NA,128,NA
264,12/5/2012,Chandigarh,Chandigarh,"Punjab Engineering College, Sector-12, Chandigarh",Chandigarh Pollution Control Committee,"Residential, Rural and other Areas",NA,NA,104,NA
264,12/7/2012,Chandigarh,Chandigarh,"Punjab Engineering College, Sector-12, Chandigarh",Chandigarh Pollution Control Committee,"Residential, Rural and other Areas",NA,NA,109,NA
264,12/10/2012,Chandigarh,Chandigarh,"Punjab Engineering College, Sector-12, Chandigarh",Chandigarh Pollution Control Committee,"Residential, Rural and other Areas",NA,NA,89,NA
264,12/12/2012,Chandigarh,Chandigarh,"Punjab Engineering College, Sector-12, Chandigarh",Chandigarh Pollution Control Committee,"Residential, Rural and other Areas",NA,NA,120,NA
264,14/12/2012,Chandigarh,Chandigarh,"Punjab Engineering College, Sector-12, Chandigarh",Chandigarh Pollution Control Committee,"Residential, Rural and other Areas",NA,NA,84,NA
264,17/12/2012,Chandigarh,Chandigarh,"Punjab Engineering College, Sector-12, Chandigarh",Chandigarh Pollution Control Committee,"Residential, Rural and other Areas",NA,NA,105,NA
264,19/12/2012,Chandigarh,Chandigarh,"Punjab Engineering College, Sector-12, Chandigarh",Chandigarh Pollution Control Committee,"Residential, Rural and other Areas",NA,NA,95,NA
264,21/12/2012,Chandigarh,Chandigarh,"Punjab Engineering College, Sector-12, Chandigarh",Chandigarh Pollution Control Committee,"Residential, Rural and other Areas",NA,NA,129,NA
264,24/12/2012,Chandigarh,Chandigarh,"Punjab Engineering College, Sector-12, Chandigarh",Chandigarh Pollution Control Committee,"Residential, Rural and other Areas",NA,NA,140,NA
264,26/12/2012,Chandigarh,Chandigarh,"Punjab Engineering College, Sector-12, Chandigarh",Chandigarh Pollution Control Committee,"Residential, Rural and other Areas",NA,NA,167,NA
264,28/12/2012,Chandigarh,Chandigarh,"Punjab Engineering College, Sector-12, Chandigarh",Chandigarh Pollution Control Committee,"Residential, Rural and other Areas",NA,NA,109,NA
264,31/12/2012,Chandigarh,Chandigarh,"Punjab Engineering College, Sector-12, Chandigarh",Chandigarh Pollution Control Committee,"Residential, Rural and other Areas",NA,NA,209,NA
263,1/3/2012,Chandigarh,Chandigarh,"Sector-17 C, Chandigarh",Chandigarh Pollution Control Committee,"Residential, Rural and other Areas",2,19.3,339,NA
263,1/5/2012,Chandigarh,Chandigarh,"Sector-17 C, Chandigarh",Chandigarh Pollution Control Committee,"Residential, Rural and other Areas",2,22.5,200,NA
263,1/7/2012,Chandigarh,Chandigarh,"Sector-17 C, Chandigarh",Chandigarh Pollution Control Committee,"Residential, Rural and other Areas",2,18.2,95,NA
263,1/10/2012,Chandigarh,Chandigarh,"Sector-17 C, Chandigarh",Chandigarh Pollution Control Committee,"Residential, Rural and other Areas",2,24.8,139,NA
263,1/12/2012,Chandigarh,Chandigarh,"Sector-17 C, Chandigarh",Chandigarh Pollution Control Committee,"Residential, Rural and other Areas",2,17.8,164,NA
263,14/01/2012,Chandigarh,Chandigarh,"Sector-17 C, Chandigarh",Chandigarh Pollution Control Committee,"Residential, Rural and other Areas",2,25.5,108,NA
263,17/01/2012,Chandigarh,Chandigarh,"Sector-17 C, Chandigarh",Chandigarh Pollution Control Committee,"Residential, Rural and other Areas",NA,NA,189,NA
263,19/01/2012,Chandigarh,Chandigarh,"Sector-17 C, Chandigarh",Chandigarh Pollution Control Committee,"Residential, Rural and other Areas",2,34.2,122,NA
263,21/01/2012,Chandigarh,Chandigarh,"Sector-17 C, Chandigarh",Chandigarh Pollution Control Committee,"Residential, Rural and other Areas",NA,NA,114,NA
263,24/01/2012,Chandigarh,Chandigarh,"Sector-17 C, Chandigarh",Chandigarh Pollution Control Committee,"Residential, Rural and other Areas",2,15.6,89,NA
263,28/01/2012,Chandigarh,Chandigarh,"Sector-17 C, Chandigarh",Chandigarh Pollution Control Committee,"Residential, Rural and other Areas",2,46.7,171,NA
263,31/01/2012,Chandigarh,Chandigarh,"Sector-17 C, Chandigarh",Chandigarh Pollution Control Committee,"Residential, Rural and other Areas",2,12.8,106,NA
263,2/2/2012,Chandigarh,Chandigarh,"Sector-17 C, Chandigarh",Chandigarh Pollution Control Committee,"Residential, Rural and other Areas",2,14.8,161,NA
263,2/4/2012,Chandigarh,Chandigarh,"Sector-17 C, Chandigarh",Chandigarh Pollution Control Committee,"Residential, Rural and other Areas",2,38.7,193,NA
263,2/7/2012,Chandigarh,Chandigarh,"Sector-17 C, Chandigarh",Chandigarh Pollution Control Committee,"Residential, Rural and other Areas",2,18.8,108,NA
263,2/9/2012,Chandigarh,Chandigarh,"Sector-17 C, Chandigarh",Chandigarh Pollution Control Committee,"Residential, Rural and other Areas",2,17.9,55,NA
263,2/11/2012,Chandigarh,Chandigarh,"Sector-17 C, Chandigarh",Chandigarh Pollution Control Committee,"Residential, Rural and other Areas",2,12.8,74,NA
263,14/02/2012,Chandigarh,Chandigarh,"Sector-17 C, Chandigarh",Chandigarh Pollution Control Committee,"Residential, Rural and other Areas",2,30,138,NA
263,16/02/2012,Chandigarh,Chandigarh,"Sector-17 C, Chandigarh",Chandigarh Pollution Control Committee,"Residential, Rural and other Areas",2,20.4,102,NA
263,18/02/2012,Chandigarh,Chandigarh,"Sector-17 C, Chandigarh",Chandigarh Pollution Control Committee,"Residential, Rural and other Areas",2,12.8,139,NA
263,21/02/2012,Chandigarh,Chandigarh,"Sector-17 C, Chandigarh",Chandigarh Pollution Control Committee,"Residential, Rural and other Areas",2,19.8,138,NA
263,23/02/2012,Chandigarh,Chandigarh,"Sector-17 C, Chandigarh",Chandigarh Pollution Control Committee,"Residential, Rural and other Areas",2,22.7,77,NA
263,25/02/2012,Chandigarh,Chandigarh,"Sector-17 C, Chandigarh",Chandigarh Pollution Control Committee,"Residential, Rural and other Areas",2,14.3,84,NA
263,28/02/2012,Chandigarh,Chandigarh,"Sector-17 C, Chandigarh",Chandigarh Pollution Control Committee,"Residential, Rural and other Areas",2,14.4,98,NA
263,3/1/2012,Chandigarh,Chandigarh,"Sector-17 C, Chandigarh",Chandigarh Pollution Control Committee,"Residential, Rural and other Areas",2,20.8,84,NA
263,3/3/2012,Chandigarh,Chandigarh,"Sector-17 C, Chandigarh",Chandigarh Pollution Control Committee,"Residential, Rural and other Areas",2,17.2,97,NA
263,3/6/2012,Chandigarh,Chandigarh,"Sector-17 C, Chandigarh",Chandigarh Pollution Control Committee,"Residential, Rural and other Areas",2,21.2,118,NA
263,3/10/2012,Chandigarh,Chandigarh,"Sector-17 C, Chandigarh",Chandigarh Pollution Control Committee,"Residential, Rural and other Areas",2,14.5,79,NA
263,13/03/2012,Chandigarh,Chandigarh,"Sector-17 C, Chandigarh",Chandigarh Pollution Control Committee,"Residential, Rural and other Areas",2,20.3,84,NA
263,15/03/2012,Chandigarh,Chandigarh,"Sector-17 C, Chandigarh",Chandigarh Pollution Control Committee,"Residential, Rural and other Areas",2,20.7,102,NA
263,17/03/2012,Chandigarh,Chandigarh,"Sector-17 C, Chandigarh",Chandigarh Pollution Control Committee,"Residential, Rural and other Areas",2,32,95,NA
263,20/03/2012,Chandigarh,Chandigarh,"Sector-17 C, Chandigarh",Chandigarh Pollution Control Committee,"Residential, Rural and other Areas",2,17.8,314,NA
263,22/03/2012,Chandigarh,Chandigarh,"Sector-17 C, Chandigarh",Chandigarh Pollution Control Committee,"Residential, Rural and other Areas",2,28.8,228,NA
263,24/03/2012,Chandigarh,Chandigarh,"Sector-17 C, Chandigarh",Chandigarh Pollution Control Committee,"Residential, Rural and other Areas",2,22,122,NA
263,27/03/2012,Chandigarh,Chandigarh,"Sector-17 C, Chandigarh",Chandigarh Pollution Control Committee,"Residential, Rural and other Areas",2,14.5,105,NA
263,31/03/2012,Chandigarh,Chandigarh,"Sector-17 C, Chandigarh",Chandigarh Pollution Control Committee,"Residential, Rural and other Areas",2,14.2,123,NA
263,4/3/2012,Chandigarh,Chandigarh,"Sector-17 C, Chandigarh",Chandigarh Pollution Control Committee,"Residential, Rural and other Areas",2,21,107,NA
263,4/5/2012,Chandigarh,Chandigarh,"Sector-17 C, Chandigarh",Chandigarh Pollution Control Committee,"Residential, Rural and other Areas",2,15,86,NA
263,4/7/2012,Chandigarh,Chandigarh,"Sector-17 C, Chandigarh",Chandigarh Pollution Control Committee,"Residential, Rural and other Areas",2,22.2,81,NA
263,4/8/2012,Chandigarh,Chandigarh,"Sector-17 C, Chandigarh",Chandigarh Pollution Control Committee,"Residential, Rural and other Areas",2,19.8,132,NA
263,4/10/2012,Chandigarh,Chandigarh,"Sector-17 C, Chandigarh",Chandigarh Pollution Control Committee,"Residential, Rural and other Areas",2,15.5,94,NA
263,4/12/2012,Chandigarh,Chandigarh,"Sector-17 C, Chandigarh",Chandigarh Pollution Control Committee,"Residential, Rural and other Areas",2,21.3,37,NA
263,14/04/2012,Chandigarh,Chandigarh,"Sector-17 C, Chandigarh",Chandigarh Pollution Control Committee,"Residential, Rural and other Areas",2,33.7,39,NA
263,17/04/2012,Chandigarh,Chandigarh,"Sector-17 C, Chandigarh",Chandigarh Pollution Control Committee,"Residential, Rural and other Areas",2,30.5,67,NA
263,19/04/2012,Chandigarh,Chandigarh,"Sector-17 C, Chandigarh",Chandigarh Pollution Control Committee,"Residential, Rural and other Areas",2,26.8,73,NA
263,21/04/2012,Chandigarh,Chandigarh,"Sector-17 C, Chandigarh",Chandigarh Pollution Control Committee,"Residential, Rural and other Areas",2,21.5,70,NA
263,24/04/2012,Chandigarh,Chandigarh,"Sector-17 C, Chandigarh",Chandigarh Pollution Control Committee,"Residential, Rural and other Areas",2,18.6,74,NA
263,26/04/2012,Chandigarh,Chandigarh,"Sector-17 C, Chandigarh",Chandigarh Pollution Control Committee,"Residential, Rural and other Areas",2,27.5,68,NA
263,28/04/2012,Chandigarh,Chandigarh,"Sector-17 C, Chandigarh",Chandigarh Pollution Control Committee,"Residential, Rural and other Areas",2,16.3,52,NA
263,5/1/2012,Chandigarh,Chandigarh,"Sector-17 C, Chandigarh",Chandigarh Pollution Control Committee,"Residential, Rural and other Areas",2,23.5,46,NA
263,5/3/2012,Chandigarh,Chandigarh,"Sector-17 C, Chandigarh",Chandigarh Pollution Control Committee,"Residential, Rural and other Areas",2,20.3,50,NA
263,5/5/2012,Chandigarh,Chandigarh,"Sector-17 C, Chandigarh",Chandigarh Pollution Control Committee,"Residential, Rural and other Areas",2,17.5,81,NA
263,5/10/2012,Chandigarh,Chandigarh,"Sector-17 C, Chandigarh",Chandigarh Pollution Control Committee,"Residential, Rural and other Areas",2,25.5,122,NA
263,5/12/2012,Chandigarh,Chandigarh,"Sector-17 C, Chandigarh",Chandigarh Pollution Control Committee,"Residential, Rural and other Areas",2,27.2,109,NA
263,15/05/2012,Chandigarh,Chandigarh,"Sector-17 C, Chandigarh",Chandigarh Pollution Control Committee,"Residential, Rural and other Areas",2,43.7,93,NA
263,19/05/2012,Chandigarh,Chandigarh,"Sector-17 C, Chandigarh",Chandigarh Pollution Control Committee,"Residential, Rural and other Areas",2,16.7,172,NA
263,22/05/2012,Chandigarh,Chandigarh,"Sector-17 C, Chandigarh",Chandigarh Pollution Control Committee,"Residential, Rural and other Areas",2,28.5,106,NA
263,24/05/2012,Chandigarh,Chandigarh,"Sector-17 C, Chandigarh",Chandigarh Pollution Control Committee,"Residential, Rural and other Areas",2,24.3,119,NA
263,26/05/2012,Chandigarh,Chandigarh,"Sector-17 C, Chandigarh",Chandigarh Pollution Control Committee,"Residential, Rural and other Areas",2,29.7,143,NA
263,29/05/2012,Chandigarh,Chandigarh,"Sector-17 C, Chandigarh",Chandigarh Pollution Control Committee,"Residential, Rural and other Areas",2,27.5,135,NA
263,31/05/2012,Chandigarh,Chandigarh,"Sector-17 C, Chandigarh",Chandigarh Pollution Control Committee,"Residential, Rural and other Areas",2,20.2,166,NA
263,6/2/2012,Chandigarh,Chandigarh,"Sector-17 C, Chandigarh",Chandigarh Pollution Control Committee,"Residential, Rural and other Areas",2,19.2,177,NA
263,6/5/2012,Chandigarh,Chandigarh,"Sector-17 C, Chandigarh",Chandigarh Pollution Control Committee,"Residential, Rural and other Areas",2,14.2,139,NA
263,6/7/2012,Chandigarh,Chandigarh,"Sector-17 C, Chandigarh",Chandigarh Pollution Control Committee,"Residential, Rural and other Areas",2,18.4,112,NA
263,6/9/2012,Chandigarh,Chandigarh,"Sector-17 C, Chandigarh",Chandigarh Pollution Control Committee,"Residential, Rural and other Areas",2,20,80,NA
263,6/12/2012,Chandigarh,Chandigarh,"Sector-17 C, Chandigarh",Chandigarh Pollution Control Committee,"Residential, Rural and other Areas",2,19.7,101,NA
263,14/06/2012,Chandigarh,Chandigarh,"Sector-17 C, Chandigarh",Chandigarh Pollution Control Committee,"Residential, Rural and other Areas",2,16.5,103,NA
263,16/06/2012,Chandigarh,Chandigarh,"Sector-17 C, Chandigarh",Chandigarh Pollution Control Committee,"Residential, Rural and other Areas",2,17.5,120,NA
263,19/06/2012,Chandigarh,Chandigarh,"Sector-17 C, Chandigarh",Chandigarh Pollution Control Committee,"Residential, Rural and other Areas",2,10.8,117,NA
263,21/06/2012,Chandigarh,Chandigarh,"Sector-17 C, Chandigarh",Chandigarh Pollution Control Committee,"Residential, Rural and other Areas",2,15.5,135,NA
263,23/06/2012,Chandigarh,Chandigarh,"Sector-17 C, Chandigarh",Chandigarh Pollution Control Committee,"Residential, Rural and other Areas",2,7.9,116,NA
263,26/06/2012,Chandigarh,Chandigarh,"Sector-17 C, Chandigarh",Chandigarh Pollution Control Committee,"Residential, Rural and other Areas",2,10.8,114,NA
263,27/06/2012,Chandigarh,Chandigarh,"Sector-17 C, Chandigarh",Chandigarh Pollution Control Committee,"Residential, Rural and other Areas",2,16,82,NA
263,28/06/2012,Chandigarh,Chandigarh,"Sector-17 C, Chandigarh",Chandigarh Pollution Control Committee,"Residential, Rural and other Areas",2,16,75,NA
263,30/06/2012,Chandigarh,Chandigarh,"Sector-17 C, Chandigarh",Chandigarh Pollution Control Committee,"Residential, Rural and other Areas",2,13.3,53,NA
263,7/3/2012,Chandigarh,Chandigarh,"Sector-17 C, Chandigarh",Chandigarh Pollution Control Committee,"Residential, Rural and other Areas",2,8.2,43,NA
263,7/5/2012,Chandigarh,Chandigarh,"Sector-17 C, Chandigarh",Chandigarh Pollution Control Committee,"Residential, Rural and other Areas",2,15.7,58,NA
263,7/7/2012,Chandigarh,Chandigarh,"Sector-17 C, Chandigarh",Chandigarh Pollution Control Committee,"Residential, Rural and other Areas",2,12.8,21,NA
263,7/10/2012,Chandigarh,Chandigarh,"Sector-17 C, Chandigarh",Chandigarh Pollution Control Committee,"Residential, Rural and other Areas",2,23.8,52,NA
263,7/12/2012,Chandigarh,Chandigarh,"Sector-17 C, Chandigarh",Chandigarh Pollution Control Committee,"Residential, Rural and other Areas",2,19,49,NA
263,14/07/2012,Chandigarh,Chandigarh,"Sector-17 C, Chandigarh",Chandigarh Pollution Control Committee,"Residential, Rural and other Areas",2,17.3,69,NA
263,17/07/2012,Chandigarh,Chandigarh,"Sector-17 C, Chandigarh",Chandigarh Pollution Control Committee,"Residential, Rural and other Areas",2,15.5,122,NA
263,19/07/2012,Chandigarh,Chandigarh,"Sector-17 C, Chandigarh",Chandigarh Pollution Control Committee,"Residential, Rural and other Areas",2,17.5,80,NA
263,21/07/2012,Chandigarh,Chandigarh,"Sector-17 C, Chandigarh",Chandigarh Pollution Control Committee,"Residential, Rural and other Areas",2,9.6,61,NA
263,24/07/2012,Chandigarh,Chandigarh,"Sector-17 C, Chandigarh",Chandigarh Pollution Control Committee,"Residential, Rural and other Areas",2,27.5,89,NA
263,26/07/2012,Chandigarh,Chandigarh,"Sector-17 C, Chandigarh",Chandigarh Pollution Control Committee,"Residential, Rural and other Areas",2,16.7,52,NA
263,28/07/2012,Chandigarh,Chandigarh,"Sector-17 C, Chandigarh",Chandigarh Pollution Control Committee,"Residential, Rural and other Areas",2,20.8,45,NA
263,31/07/2012,Chandigarh,Chandigarh,"Sector-17 C, Chandigarh",Chandigarh Pollution Control Committee,"Residential, Rural and other Areas",2,10.1,29,NA
263,8/2/2012,Chandigarh,Chandigarh,"Sector-17 C, Chandigarh",Chandigarh Pollution Control Committee,"Residential, Rural and other Areas",2,15.3,66,NA
263,8/8/2012,Chandigarh,Chandigarh,"Sector-17 C, Chandigarh",Chandigarh Pollution Control Committee,"Residential, Rural and other Areas",2,15.3,80,NA
263,8/9/2012,Chandigarh,Chandigarh,"Sector-17 C, Chandigarh",Chandigarh Pollution Control Committee,"Residential, Rural and other Areas",2,7.4,65,NA
263,8/11/2012,Chandigarh,Chandigarh,"Sector-17 C, Chandigarh",Chandigarh Pollution Control Committee,"Residential, Rural and other Areas",2,8.3,35,NA
263,14/08/2012,Chandigarh,Chandigarh,"Sector-17 C, Chandigarh",Chandigarh Pollution Control Committee,"Residential, Rural and other Areas",2,17.8,34,NA
263,16/08/2012,Chandigarh,Chandigarh,"Sector-17 C, Chandigarh",Chandigarh Pollution Control Committee,"Residential, Rural and other Areas",2,19.7,57,NA
263,18/08/2012,Chandigarh,Chandigarh,"Sector-17 C, Chandigarh",Chandigarh Pollution Control Committee,"Residential, Rural and other Areas",2,23.3,97,NA
263,21/08/2012,Chandigarh,Chandigarh,"Sector-17 C, Chandigarh",Chandigarh Pollution Control Committee,"Residential, Rural and other Areas",2,23.2,44,NA
263,23/08/2012,Chandigarh,Chandigarh,"Sector-17 C, Chandigarh",Chandigarh Pollution Control Committee,"Residential, Rural and other Areas",2,13.5,39,NA
263,25/08/2012,Chandigarh,Chandigarh,"Sector-17 C, Chandigarh",Chandigarh Pollution Control Committee,"Residential, Rural and other Areas",2,19.6,39,NA
263,28/08/2012,Chandigarh,Chandigarh,"Sector-17 C, Chandigarh",Chandigarh Pollution Control Committee,"Residential, Rural and other Areas",2,18.7,51,NA
263,30/08/2012,Chandigarh,Chandigarh,"Sector-17 C, Chandigarh",Chandigarh Pollution Control Committee,"Residential, Rural and other Areas",2,18.7,53,NA
263,9/1/2012,Chandigarh,Chandigarh,"Sector-17 C, Chandigarh",Chandigarh Pollution Control Committee,"Residential, Rural and other Areas",2,18.8,66,NA
263,9/4/2012,Chandigarh,Chandigarh,"Sector-17 C, Chandigarh",Chandigarh Pollution Control Committee,"Residential, Rural and other Areas",2,27.5,42,NA
263,9/6/2012,Chandigarh,Chandigarh,"Sector-17 C, Chandigarh",Chandigarh Pollution Control Committee,"Residential, Rural and other Areas",2,32.2,28,NA
263,9/8/2012,Chandigarh,Chandigarh,"Sector-17 C, Chandigarh",Chandigarh Pollution Control Committee,"Residential, Rural and other Areas",2,33.3,37,NA
263,9/11/2012,Chandigarh,Chandigarh,"Sector-17 C, Chandigarh",Chandigarh Pollution Control Committee,"Residential, Rural and other Areas",2,19.2,64,NA
263,13/09/2012,Chandigarh,Chandigarh,"Sector-17 C, Chandigarh",Chandigarh Pollution Control Committee,"Residential, Rural and other Areas",2,16.7,90,NA
263,15/09/2012,Chandigarh,Chandigarh,"Sector-17 C, Chandigarh",Chandigarh Pollution Control Committee,"Residential, Rural and other Areas",2,28.7,86,NA
263,18/09/2012,Chandigarh,Chandigarh,"Sector-17 C, Chandigarh",Chandigarh Pollution Control Committee,"Residential, Rural and other Areas",2,30,40,NA
263,16/10/2012,Chandigarh,Chandigarh,"Sector-17 C, Chandigarh",Chandigarh Pollution Control Committee,"Residential, Rural and other Areas",NA,NA,59,NA
263,18/10/2012,Chandigarh,Chandigarh,"Sector-17 C, Chandigarh",Chandigarh Pollution Control Committee,"Residential, Rural and other Areas",NA,NA,67,NA
263,20/10/2012,Chandigarh,Chandigarh,"Sector-17 C, Chandigarh",Chandigarh Pollution Control Committee,"Residential, Rural and other Areas",NA,NA,101,NA
263,23/10/2012,Chandigarh,Chandigarh,"Sector-17 C, Chandigarh",Chandigarh Pollution Control Committee,"Residential, Rural and other Areas",NA,NA,129,NA
263,25/10/2012,Chandigarh,Chandigarh,"Sector-17 C, Chandigarh",Chandigarh Pollution Control Committee,"Residential, Rural and other Areas",NA,NA,92,NA
263,27/10/2012,Chandigarh,Chandigarh,"Sector-17 C, Chandigarh",Chandigarh Pollution Control Committee,"Residential, Rural and other Areas",NA,NA,95,NA
263,30/10/2012,Chandigarh,Chandigarh,"Sector-17 C, Chandigarh",Chandigarh Pollution Control Committee,"Residential, Rural and other Areas",NA,NA,119,NA
263,11/1/2012,Chandigarh,Chandigarh,"Sector-17 C, Chandigarh",Chandigarh Pollution Control Committee,"Residential, Rural and other Areas",NA,NA,68,NA
263,11/3/2012,Chandigarh,Chandigarh,"Sector-17 C, Chandigarh",Chandigarh Pollution Control Committee,"Residential, Rural and other Areas",NA,NA,88,NA
263,11/6/2012,Chandigarh,Chandigarh,"Sector-17 C, Chandigarh",Chandigarh Pollution Control Committee,"Residential, Rural and other Areas",NA,NA,111,NA
263,11/8/2012,Chandigarh,Chandigarh,"Sector-17 C, Chandigarh",Chandigarh Pollution Control Committee,"Residential, Rural and other Areas",NA,NA,96,NA
263,11/10/2012,Chandigarh,Chandigarh,"Sector-17 C, Chandigarh",Chandigarh Pollution Control Committee,"Residential, Rural and other Areas",NA,NA,93,NA
263,13/11/2012,Chandigarh,Chandigarh,"Sector-17 C, Chandigarh",Chandigarh Pollution Control Committee,"Residential, Rural and other Areas",NA,NA,NA,NA
263,15/11/2012,Chandigarh,Chandigarh,"Sector-17 C, Chandigarh",Chandigarh Pollution Control Committee,"Residential, Rural and other Areas",NA,NA,68,NA
263,17/11/2012,Chandigarh,Chandigarh,"Sector-17 C, Chandigarh",Chandigarh Pollution Control Committee,"Residential, Rural and other Areas",NA,NA,111,NA
263,20/11/2012,Chandigarh,Chandigarh,"Sector-17 C, Chandigarh",Chandigarh Pollution Control Committee,"Residential, Rural and other Areas",NA,NA,89,NA
263,22/11/2012,Chandigarh,Chandigarh,"Sector-17 C, Chandigarh",Chandigarh Pollution Control Committee,"Residential, Rural and other Areas",NA,NA,97,NA
263,27/11/2012,Chandigarh,Chandigarh,"Sector-17 C, Chandigarh",Chandigarh Pollution Control Committee,"Residential, Rural and other Areas",NA,NA,97,NA
263,12/1/2012,Chandigarh,Chandigarh,"Sector-17 C, Chandigarh",Chandigarh Pollution Control Committee,"Residential, Rural and other Areas",NA,NA,101,NA
263,12/4/2012,Chandigarh,Chandigarh,"Sector-17 C, Chandigarh",Chandigarh Pollution Control Committee,"Residential, Rural and other Areas",NA,NA,121,NA
263,12/6/2012,Chandigarh,Chandigarh,"Sector-17 C, Chandigarh",Chandigarh Pollution Control Committee,"Residential, Rural and other Areas",NA,NA,136,NA
263,12/8/2012,Chandigarh,Chandigarh,"Sector-17 C, Chandigarh",Chandigarh Pollution Control Committee,"Residential, Rural and other Areas",NA,NA,126,NA
263,12/11/2012,Chandigarh,Chandigarh,"Sector-17 C, Chandigarh",Chandigarh Pollution Control Committee,"Residential, Rural and other Areas",NA,NA,71,NA
263,13/12/2012,Chandigarh,Chandigarh,"Sector-17 C, Chandigarh",Chandigarh Pollution Control Committee,"Residential, Rural and other Areas",NA,NA,98,NA
263,15/12/2012,Chandigarh,Chandigarh,"Sector-17 C, Chandigarh",Chandigarh Pollution Control Committee,"Residential, Rural and other Areas",NA,NA,107,NA
263,18/12/2012,Chandigarh,Chandigarh,"Sector-17 C, Chandigarh",Chandigarh Pollution Control Committee,"Residential, Rural and other Areas",NA,NA,106,NA
263,20/12/2012,Chandigarh,Chandigarh,"Sector-17 C, Chandigarh",Chandigarh Pollution Control Committee,"Residential, Rural and other Areas",NA,NA,102,NA
263,22/12/2012,Chandigarh,Chandigarh,"Sector-17 C, Chandigarh",Chandigarh Pollution Control Committee,"Residential, Rural and other Areas",NA,NA,263,NA
263,25/12/2012,Chandigarh,Chandigarh,"Sector-17 C, Chandigarh",Chandigarh Pollution Control Committee,"Residential, Rural and other Areas",NA,NA,214,NA
263,27/12/2012,Chandigarh,Chandigarh,"Sector-17 C, Chandigarh",Chandigarh Pollution Control Committee,"Residential, Rural and other Areas",NA,NA,183,NA
263,29/12/2012,Chandigarh,Chandigarh,"Sector-17 C, Chandigarh",Chandigarh Pollution Control Committee,"Residential, Rural and other Areas",NA,NA,226,NA
