Stn Code,Sampling Date,State,City/Town/Village/Area,Agency,Type of Location,SO2,NO2,RSPM/PM10,SPM
232,January - M011996,Andhra Pradesh,Vishakhapatnam,Andhra Pradesh  Pollution Control Board,NA,21.8,79.1,NA,332
233,January - M011996,Andhra Pradesh,Vishakhapatnam,Andhra Pradesh  Pollution Control Board,NA,20.8,57.2,NA,179
234,January - M011996,Andhra Pradesh,Vishakhapatnam,Andhra Pradesh  Pollution Control Board,NA,37.7,62.9,NA,304
95,January - M011996,Andhra Pradesh,Hyderabad,Andhra Pradesh  Pollution Control Board,NA,23.9,29.8,NA,266
202,January - M011996,Andhra Pradesh,Hyderabad,Andhra Pradesh  Pollution Control Board,NA,17.5,77.6,NA,NA
203,January - M011996,Andhra Pradesh,Hyderabad,Andhra Pradesh  Pollution Control Board,NA,39.2,47.6,NA,201
151,January - M011996,Andhra Pradesh,Hyderabad,NA,Industrial Area,8.4,10.4,NA,52
152,January - M011996,Andhra Pradesh,Hyderabad,NA,"Residential, Rural and other Areas",24.5,36,NA,161
150,January - M011996,Andhra Pradesh,Hyderabad,NA,"Residential, Rural and other Areas",9.5,14.9,NA,100
232,February - M021996,Andhra Pradesh,Vishakhapatnam,Andhra Pradesh  Pollution Control Board,NA,24.2,47,NA,259
233,February - M021996,Andhra Pradesh,Vishakhapatnam,Andhra Pradesh  Pollution Control Board,NA,18,50.8,NA,173
234,February - M021996,Andhra Pradesh,Vishakhapatnam,Andhra Pradesh  Pollution Control Board,NA,24.2,47,NA,259
95,February - M021996,Andhra Pradesh,Hyderabad,Andhra Pradesh  Pollution Control Board,NA,15.9,26.3,NA,NA
202,February - M021996,Andhra Pradesh,Hyderabad,Andhra Pradesh  Pollution Control Board,NA,5.2,13.4,NA,NA
203,February - M021996,Andhra Pradesh,Hyderabad,Andhra Pradesh  Pollution Control Board,NA,31.4,18.2,NA,NA
151,February - M021996,Andhra Pradesh,Hyderabad,NA,Industrial Area,11.9,7.2,NA,50
152,February - M021996,Andhra Pradesh,Hyderabad,NA,"Residential, Rural and other Areas",17,43.2,NA,233
150,February - M021996,Andhra Pradesh,Hyderabad,NA,"Residential, Rural and other Areas",8.4,21.1,NA,139
232,March - M031996,Andhra Pradesh,Vishakhapatnam,Andhra Pradesh  Pollution Control Board,NA,32.9,53.8,NA,236
233,March - M031996,Andhra Pradesh,Vishakhapatnam,Andhra Pradesh  Pollution Control Board,NA,21.6,40.2,NA,185
234,March - M031996,Andhra Pradesh,Vishakhapatnam,Andhra Pradesh  Pollution Control Board,NA,23.4,46.9,NA,215
95,March - M031996,Andhra Pradesh,Hyderabad,Andhra Pradesh  Pollution Control Board,NA,21.2,30.5,NA,NA
203,March - M031996,Andhra Pradesh,Hyderabad,Andhra Pradesh  Pollution Control Board,NA,14.5,39.3,NA,NA
151,March - M031996,Andhra Pradesh,Hyderabad,NA,Industrial Area,11.1,10.8,NA,110
152,March - M031996,Andhra Pradesh,Hyderabad,NA,"Residential, Rural and other Areas",15,44.2,NA,280
150,March - M031996,Andhra Pradesh,Hyderabad,NA,"Residential, Rural and other Areas",13,19.3,NA,174
232,April - M041996,Andhra Pradesh,Vishakhapatnam,Andhra Pradesh  Pollution Control Board,NA,17.9,42.3,NA,217
233,April - M041996,Andhra Pradesh,Vishakhapatnam,Andhra Pradesh  Pollution Control Board,NA,23.6,32.3,NA,143
234,April - M041996,Andhra Pradesh,Vishakhapatnam,Andhra Pradesh  Pollution Control Board,NA,16.5,29.7,NA,214
95,April - M041996,Andhra Pradesh,Hyderabad,Andhra Pradesh  Pollution Control Board,NA,11.4,36.1,NA,NA
202,April - M041996,Andhra Pradesh,Hyderabad,Andhra Pradesh  Pollution Control Board,NA,8.5,8.5,NA,NA
203,April - M041996,Andhra Pradesh,Hyderabad,Andhra Pradesh  Pollution Control Board,NA,12.2,29.6,NA,NA
151,April - M041996,Andhra Pradesh,Hyderabad,NA,Industrial Area,11.9,8.7,NA,50
152,April - M041996,Andhra Pradesh,Hyderabad,NA,"Residential, Rural and other Areas",11.9,40.5,NA,237
150,April - M041996,Andhra Pradesh,Hyderabad,NA,"Residential, Rural and other Areas",8.3,10.8,NA,130
232,May - M051996,Andhra Pradesh,Vishakhapatnam,Andhra Pradesh  Pollution Control Board,NA,23.2,41,NA,202
233,May - M051996,Andhra Pradesh,Vishakhapatnam,Andhra Pradesh  Pollution Control Board,NA,22.5,38.7,NA,150
234,May - M051996,Andhra Pradesh,Vishakhapatnam,Andhra Pradesh  Pollution Control Board,NA,22.4,40.4,NA,164
95,May - M051996,Andhra Pradesh,Hyderabad,Andhra Pradesh  Pollution Control Board,NA,30.7,21.2,NA,NA
203,May - M051996,Andhra Pradesh,Hyderabad,Andhra Pradesh  Pollution Control Board,NA,28.8,69.4,NA,NA
151,May - M051996,Andhra Pradesh,Hyderabad,NA,Industrial Area,17.3,14.6,NA,109
152,May - M051996,Andhra Pradesh,Hyderabad,NA,"Residential, Rural and other Areas",19,22.2,NA,232
150,May - M051996,Andhra Pradesh,Hyderabad,NA,"Residential, Rural and other Areas",12.3,15.5,NA,260
232,June - M061996,Andhra Pradesh,Vishakhapatnam,Andhra Pradesh  Pollution Control Board,NA,15.6,45.6,NA,238
233,June - M061996,Andhra Pradesh,Vishakhapatnam,Andhra Pradesh  Pollution Control Board,NA,20.4,44.3,NA,124
234,June - M061996,Andhra Pradesh,Vishakhapatnam,Andhra Pradesh  Pollution Control Board,NA,22.4,44.7,NA,120
95,June - M061996,Andhra Pradesh,Hyderabad,Andhra Pradesh  Pollution Control Board,NA,10.6,24.5,NA,NA
202,June - M061996,Andhra Pradesh,Hyderabad,Andhra Pradesh  Pollution Control Board,NA,NA,NA,NA,NA
203,June - M061996,Andhra Pradesh,Hyderabad,Andhra Pradesh  Pollution Control Board,NA,26,29.8,NA,NA
151,June - M061996,Andhra Pradesh,Hyderabad,NA,Industrial Area,7.9,7.7,NA,71
152,June - M061996,Andhra Pradesh,Hyderabad,NA,"Residential, Rural and other Areas",14,32,NA,184
150,June - M061996,Andhra Pradesh,Hyderabad,NA,"Residential, Rural and other Areas",9.9,12.7,NA,189
232,July - M071996,Andhra Pradesh,Vishakhapatnam,Andhra Pradesh  Pollution Control Board,NA,19.6,38.3,NA,150
233,July - M071996,Andhra Pradesh,Vishakhapatnam,Andhra Pradesh  Pollution Control Board,NA,17.4,35.2,NA,125
234,July - M071996,Andhra Pradesh,Vishakhapatnam,Andhra Pradesh  Pollution Control Board,NA,14.8,32.3,NA,177
95,July - M071996,Andhra Pradesh,Hyderabad,Andhra Pradesh  Pollution Control Board,NA,33.4,18.5,NA,NA
151,July - M071996,Andhra Pradesh,Hyderabad,NA,Industrial Area,9.6,8.5,NA,67
152,July - M071996,Andhra Pradesh,Hyderabad,NA,"Residential, Rural and other Areas",19.5,38,NA,331
150,July - M071996,Andhra Pradesh,Hyderabad,NA,"Residential, Rural and other Areas",16.1,13.6,NA,175
232,August - M081996,Andhra Pradesh,Vishakhapatnam,Andhra Pradesh  Pollution Control Board,NA,25.9,43.4,NA,184
233,August - M081996,Andhra Pradesh,Vishakhapatnam,Andhra Pradesh  Pollution Control Board,NA,20.5,33.3,NA,118
234,August - M081996,Andhra Pradesh,Vishakhapatnam,Andhra Pradesh  Pollution Control Board,NA,19.5,40.9,NA,145
95,August - M081996,Andhra Pradesh,Hyderabad,Andhra Pradesh  Pollution Control Board,NA,22.2,5.6,NA,239
202,August - M081996,Andhra Pradesh,Hyderabad,Andhra Pradesh  Pollution Control Board,NA,NA,NA,NA,67
203,August - M081996,Andhra Pradesh,Hyderabad,Andhra Pradesh  Pollution Control Board,NA,29.6,9.6,NA,122
151,August - M081996,Andhra Pradesh,Hyderabad,NA,Industrial Area,6.3,12,NA,34
150,August - M081996,Andhra Pradesh,Hyderabad,NA,"Residential, Rural and other Areas",14.6,17.7,NA,121
232,September - M091996,Andhra Pradesh,Vishakhapatnam,Andhra Pradesh  Pollution Control Board,NA,20.7,34,NA,175
233,September - M091996,Andhra Pradesh,Vishakhapatnam,Andhra Pradesh  Pollution Control Board,NA,16.1,26.5,NA,149
234,September - M091996,Andhra Pradesh,Vishakhapatnam,Andhra Pradesh  Pollution Control Board,NA,19,25.3,NA,152
95,September - M091996,Andhra Pradesh,Hyderabad,Andhra Pradesh  Pollution Control Board,NA,13.2,15.9,NA,305
202,September - M091996,Andhra Pradesh,Hyderabad,Andhra Pradesh  Pollution Control Board,NA,NA,NA,NA,148
151,September - M091996,Andhra Pradesh,Hyderabad,NA,Industrial Area,12.9,7.5,NA,40
150,September - M091996,Andhra Pradesh,Hyderabad,NA,"Residential, Rural and other Areas",13.3,17.1,NA,112
232,October - M101996,Andhra Pradesh,Vishakhapatnam,Andhra Pradesh  Pollution Control Board,NA,30.9,46.3,NA,151
233,October - M101996,Andhra Pradesh,Vishakhapatnam,Andhra Pradesh  Pollution Control Board,NA,22,24.3,NA,91
234,October - M101996,Andhra Pradesh,Vishakhapatnam,Andhra Pradesh  Pollution Control Board,NA,43.1,144.1,NA,126
95,October - M101996,Andhra Pradesh,Hyderabad,Andhra Pradesh  Pollution Control Board,NA,18.7,37.8,NA,279
151,October - M101996,Andhra Pradesh,Hyderabad,NA,Industrial Area,13.5,6.5,NA,80
150,October - M101996,Andhra Pradesh,Hyderabad,NA,"Residential, Rural and other Areas",17.8,9.9,NA,142
232,November - M111996,Andhra Pradesh,Vishakhapatnam,Andhra Pradesh  Pollution Control Board,NA,24.9,46,NA,267
233,November - M111996,Andhra Pradesh,Vishakhapatnam,Andhra Pradesh  Pollution Control Board,NA,14.3,43.2,NA,120
234,November - M111996,Andhra Pradesh,Vishakhapatnam,Andhra Pradesh  Pollution Control Board,NA,21.3,206.9,NA,149
95,November - M111996,Andhra Pradesh,Hyderabad,Andhra Pradesh  Pollution Control Board,NA,19.8,55.1,NA,346
202,November - M111996,Andhra Pradesh,Hyderabad,Andhra Pradesh  Pollution Control Board,NA,NA,NA,NA,103
203,November - M111996,Andhra Pradesh,Hyderabad,Andhra Pradesh  Pollution Control Board,NA,14.4,68.9,NA,133
151,November - M111996,Andhra Pradesh,Hyderabad,NA,Industrial Area,27.3,15.8,NA,74
150,November - M111996,Andhra Pradesh,Hyderabad,NA,"Residential, Rural and other Areas",36.5,15,NA,133
232,December - M121996,Andhra Pradesh,Vishakhapatnam,Andhra Pradesh  Pollution Control Board,NA,33.6,61.4,NA,361
233,December - M121996,Andhra Pradesh,Vishakhapatnam,Andhra Pradesh  Pollution Control Board,NA,28.9,98.1,NA,225
234,December - M121996,Andhra Pradesh,Vishakhapatnam,Andhra Pradesh  Pollution Control Board,NA,58.7,201.6,NA,212
202,December - M121996,Andhra Pradesh,Hyderabad,Andhra Pradesh  Pollution Control Board,NA,NA,NA,NA,239
203,December - M121996,Andhra Pradesh,Hyderabad,Andhra Pradesh  Pollution Control Board,NA,33,64.4,NA,276
151,December - M121996,Andhra Pradesh,Hyderabad,NA,Industrial Area,20.8,10.1,NA,72
152,December - M121996,Andhra Pradesh,Hyderabad,NA,"Residential, Rural and other Areas",37.2,26.5,NA,215
150,December - M121996,Andhra Pradesh,Hyderabad,NA,"Residential, Rural and other Areas",34.1,10.7,NA,109
