Stn Code,Sampling Date,State,City/Town/Village/Area,Agency,Type of Location,SO2,NO2,RSPM/PM10,SPM
47,1/1/1988,Gujarat,Baroda,Gujarat Pollution Control Board,"Residential, Rural and other Areas",17.7,43.8,NA,351
49,1/4/1988,Gujarat,Baroda,Gujarat Pollution Control Board,Industrial Area,67.4,46.1,NA,360
48,1/1/1988,Gujarat,Baroda,Gujarat Pollution Control Board,"Residential, Rural and other Areas",13.8,33.4,NA,432
51,1/1/1988,Gujarat,Baroda,Gujarat Pollution Control Board,Industrial Area,30.6,24.2,NA,206
50,1/2/1988,Gujarat,Baroda,Gujarat Pollution Control Board,"Residential, Rural and other Areas",19.8,25.7,NA,295
21,1/2/1988,Gujarat,Surat,Gujarat Pollution Control Board,"Residential, Rural and other Areas",12.4,33.4,NA,208
22,1/4/1988,Gujarat,Surat,Gujarat Pollution Control Board,Industrial Area,26.7,26.1,NA,256
23,1/1/1988,Gujarat,Surat,Gujarat Pollution Control Board,"Residential, Rural and other Areas",28.1,25.4,NA,666
47,2/1/1988,Gujarat,Baroda,Gujarat Pollution Control Board,"Residential, Rural and other Areas",17.7,46.6,NA,387
48,2/2/1988,Gujarat,Baroda,Gujarat Pollution Control Board,"Residential, Rural and other Areas",12,30,NA,513
49,2/1/1988,Gujarat,Baroda,Gujarat Pollution Control Board,Industrial Area,36.2,40.8,NA,350
50,2/1/1988,Gujarat,Baroda,Gujarat Pollution Control Board,"Residential, Rural and other Areas",18.3,24,NA,368
51,2/2/1988,Gujarat,Baroda,Gujarat Pollution Control Board,Industrial Area,31.2,33.5,NA,262
21,2/3/1988,Gujarat,Surat,Gujarat Pollution Control Board,"Residential, Rural and other Areas",19.1,48.3,NA,214
22,2/1/1988,Gujarat,Surat,Gujarat Pollution Control Board,Industrial Area,36.3,23.3,NA,313
23,2/2/1988,Gujarat,Surat,Gujarat Pollution Control Board,"Residential, Rural and other Areas",36.8,28.1,NA,667
47,3/1/1988,Gujarat,Baroda,Gujarat Pollution Control Board,"Residential, Rural and other Areas",16,37.9,NA,405
51,3/1/1988,Gujarat,Baroda,Gujarat Pollution Control Board,Industrial Area,22.3,35.7,NA,309
50,3/2/1988,Gujarat,Baroda,Gujarat Pollution Control Board,"Residential, Rural and other Areas",9.1,23,NA,358
49,3/3/1988,Gujarat,Baroda,Gujarat Pollution Control Board,Industrial Area,12,29.3,NA,308
48,3/4/1988,Gujarat,Baroda,Gujarat Pollution Control Board,"Residential, Rural and other Areas",7.3,30.9,NA,410
21,3/2/1988,Gujarat,Surat,Gujarat Pollution Control Board,"Residential, Rural and other Areas",16.7,47.5,NA,173
23,3/1/1988,Gujarat,Surat,Gujarat Pollution Control Board,"Residential, Rural and other Areas",22.9,33.9,NA,508
22,3/7/1988,Gujarat,Surat,Gujarat Pollution Control Board,Industrial Area,39.6,29.9,NA,276
47,4/6/1988,Gujarat,Baroda,Gujarat Pollution Control Board,"Residential, Rural and other Areas",14.9,34.1,NA,353
51,4/7/1988,Gujarat,Baroda,Gujarat Pollution Control Board,Industrial Area,36.4,34,NA,318
50,4/6/1988,Gujarat,Baroda,Gujarat Pollution Control Board,"Residential, Rural and other Areas",13.3,22.9,NA,338
49,4/6/1988,Gujarat,Baroda,Gujarat Pollution Control Board,Industrial Area,19.7,39.1,NA,312
48,14-04-88,Gujarat,Baroda,Gujarat Pollution Control Board,"Residential, Rural and other Areas",10.1,28.8,NA,311
22,4/4/1988,Gujarat,Surat,Gujarat Pollution Control Board,Industrial Area,54.7,35.9,NA,243
23,4/5/1988,Gujarat,Surat,Gujarat Pollution Control Board,"Residential, Rural and other Areas",27.3,24.4,NA,560
21,4/2/1988,Gujarat,Surat,Gujarat Pollution Control Board,"Residential, Rural and other Areas",8.4,47.9,NA,343
47,5/1/1988,Gujarat,Baroda,Gujarat Pollution Control Board,"Residential, Rural and other Areas",10.6,26.1,NA,341
49,5/1/1988,Gujarat,Baroda,Gujarat Pollution Control Board,Industrial Area,12.4,30.6,NA,302
48,22-05-88,Gujarat,Baroda,Gujarat Pollution Control Board,"Residential, Rural and other Areas",9.6,20.7,NA,397
51,5/1/1988,Gujarat,Baroda,Gujarat Pollution Control Board,Industrial Area,20.7,32.3,NA,305
50,5/2/1988,Gujarat,Baroda,Gujarat Pollution Control Board,"Residential, Rural and other Areas",11.2,23.9,NA,263
22,5/2/1988,Gujarat,Surat,Gujarat Pollution Control Board,Industrial Area,21.7,35.9,NA,251
23,5/3/1988,Gujarat,Surat,Gujarat Pollution Control Board,"Residential, Rural and other Areas",10.5,20.5,NA,577
21,5/4/1988,Gujarat,Surat,Gujarat Pollution Control Board,"Residential, Rural and other Areas",6.4,87.2,NA,191
47,6/1/1988,Gujarat,Baroda,Gujarat Pollution Control Board,"Residential, Rural and other Areas",9.8,25.8,NA,333
51,6/2/1988,Gujarat,Baroda,Gujarat Pollution Control Board,Industrial Area,16.3,33.9,NA,218
50,6/1/1988,Gujarat,Baroda,Gujarat Pollution Control Board,"Residential, Rural and other Areas",9.6,21.2,NA,205
48,6/1/1988,Gujarat,Baroda,Gujarat Pollution Control Board,"Residential, Rural and other Areas",8.7,35.3,NA,306
49,6/4/1988,Gujarat,Baroda,Gujarat Pollution Control Board,Industrial Area,8.3,25.2,NA,189
22,6/2/1988,Gujarat,Surat,Gujarat Pollution Control Board,Industrial Area,16.5,42.5,NA,134
21,6/1/1988,Gujarat,Surat,Gujarat Pollution Control Board,"Residential, Rural and other Areas",8.3,67.9,NA,97
23,6/3/1988,Gujarat,Surat,Gujarat Pollution Control Board,"Residential, Rural and other Areas",10.4,15.1,NA,397
47,7/1/1988,Gujarat,Baroda,Gujarat Pollution Control Board,"Residential, Rural and other Areas",11.5,28.7,NA,194
48,7/1/1988,Gujarat,Baroda,Gujarat Pollution Control Board,"Residential, Rural and other Areas",7.6,24,NA,111
50,7/1/1988,Gujarat,Baroda,Gujarat Pollution Control Board,"Residential, Rural and other Areas",9.9,22.4,NA,79
51,7/2/1988,Gujarat,Baroda,Gujarat Pollution Control Board,Industrial Area,18.6,40.7,NA,129
49,7/2/1988,Gujarat,Baroda,Gujarat Pollution Control Board,Industrial Area,8.4,30.3,NA,94
47,8/1/1988,Gujarat,Baroda,Gujarat Pollution Control Board,"Residential, Rural and other Areas",7.8,25,NA,245
48,8/1/1988,Gujarat,Baroda,Gujarat Pollution Control Board,"Residential, Rural and other Areas",7.3,20,NA,125
50,8/2/1988,Gujarat,Baroda,Gujarat Pollution Control Board,"Residential, Rural and other Areas",5.2,18.6,NA,67
51,8/1/1988,Gujarat,Baroda,Gujarat Pollution Control Board,Industrial Area,13,29.5,NA,121
49,8/5/1988,Gujarat,Baroda,Gujarat Pollution Control Board,Industrial Area,7.4,27,NA,85
23,8/5/1988,Gujarat,Surat,Gujarat Pollution Control Board,"Residential, Rural and other Areas",7.8,16.2,NA,243
22,22-08-88,Gujarat,Surat,Gujarat Pollution Control Board,Industrial Area,27.2,13.9,NA,133
21,8/3/1988,Gujarat,Surat,Gujarat Pollution Control Board,"Residential, Rural and other Areas",7,28.9,NA,52
47,9/1/1988,Gujarat,Baroda,Gujarat Pollution Control Board,"Residential, Rural and other Areas",10.7,29.5,NA,236
48,9/1/1988,Gujarat,Baroda,Gujarat Pollution Control Board,"Residential, Rural and other Areas",8.1,29.4,NA,96
50,9/1/1988,Gujarat,Baroda,Gujarat Pollution Control Board,"Residential, Rural and other Areas",8.6,23.9,NA,61
51,9/2/1988,Gujarat,Baroda,Gujarat Pollution Control Board,Industrial Area,24.1,34.3,NA,88
49,9/2/1988,Gujarat,Baroda,Gujarat Pollution Control Board,Industrial Area,9.3,34.2,NA,72
23,9/2/1988,Gujarat,Surat,Gujarat Pollution Control Board,"Residential, Rural and other Areas",14.7,21.8,NA,353
22,9/1/1988,Gujarat,Surat,Gujarat Pollution Control Board,Industrial Area,19.4,11.3,NA,83
21,9/10/1988,Gujarat,Surat,Gujarat Pollution Control Board,"Residential, Rural and other Areas",11.9,60.7,NA,55
47,10/1/1988,Gujarat,Baroda,Gujarat Pollution Control Board,"Residential, Rural and other Areas",15.5,38.1,NA,397
48,10/1/1988,Gujarat,Baroda,Gujarat Pollution Control Board,"Residential, Rural and other Areas",9.9,30,NA,230
50,10/3/1988,Gujarat,Baroda,Gujarat Pollution Control Board,"Residential, Rural and other Areas",16.1,28.7,NA,225
51,10/2/1988,Gujarat,Baroda,Gujarat Pollution Control Board,Industrial Area,27.4,36,NA,166
49,10/2/1988,Gujarat,Baroda,Gujarat Pollution Control Board,Industrial Area,24.5,43.9,NA,186
23,10/4/1988,Gujarat,Surat,Gujarat Pollution Control Board,"Residential, Rural and other Areas",17.7,42.2,NA,478
22,10/3/1988,Gujarat,Surat,Gujarat Pollution Control Board,Industrial Area,29.9,13.9,NA,166
21,10/5/1988,Gujarat,Surat,Gujarat Pollution Control Board,"Residential, Rural and other Areas",6.8,60.4,NA,134
47,11/1/1988,Gujarat,Baroda,Gujarat Pollution Control Board,"Residential, Rural and other Areas",15.8,33.9,NA,404
48,11/2/1988,Gujarat,Baroda,Gujarat Pollution Control Board,"Residential, Rural and other Areas",9.5,38.8,NA,243
50,11/2/1988,Gujarat,Baroda,Gujarat Pollution Control Board,"Residential, Rural and other Areas",32.6,45.4,NA,246
51,11/1/1988,Gujarat,Baroda,Gujarat Pollution Control Board,Industrial Area,25.6,52.4,NA,183
49,11/1/1988,Gujarat,Baroda,Gujarat Pollution Control Board,Industrial Area,19.2,44.1,NA,232
23,11/1/1988,Gujarat,Surat,Gujarat Pollution Control Board,"Residential, Rural and other Areas",16.2,24.1,NA,402
22,11/3/1988,Gujarat,Surat,Gujarat Pollution Control Board,Industrial Area,17.9,25,NA,170
21,11/2/1988,Gujarat,Surat,Gujarat Pollution Control Board,"Residential, Rural and other Areas",11.1,26.6,NA,151
47,12/1/1988,Gujarat,Baroda,Gujarat Pollution Control Board,"Residential, Rural and other Areas",17.9,26.7,NA,371
48,12/2/1988,Gujarat,Baroda,Gujarat Pollution Control Board,"Residential, Rural and other Areas",15.5,28.4,NA,296
50,12/2/1988,Gujarat,Baroda,Gujarat Pollution Control Board,"Residential, Rural and other Areas",24.3,30.7,NA,226
51,12/1/1988,Gujarat,Baroda,Gujarat Pollution Control Board,Industrial Area,25.4,26.3,NA,199
49,12/1/1988,Gujarat,Baroda,Gujarat Pollution Control Board,Industrial Area,41,35.1,NA,283
23,12/2/1988,Gujarat,Surat,Gujarat Pollution Control Board,"Residential, Rural and other Areas",32.1,24.6,NA,425
22,12/1/1988,Gujarat,Surat,Gujarat Pollution Control Board,Industrial Area,35.9,25.4,NA,216
21,12/3/1988,Gujarat,Surat,Gujarat Pollution Control Board,"Residential, Rural and other Areas",15.9,32.5,NA,210
