Stn Code,Sampling Date,State,City/Town/Village/Area,Location of Monitoring Station,Agency,Type of Location,SO2,NO2,RSPM/PM10,SPM
37,1/1/2004,Goa,Vasco,"On the roof of Fuse Call Office of Elec. Dept.,Vasco, Goa",Goa State Pollution Control Board,Industrial Area,2,7.9,45,108
37,1/6/2004,Goa,Vasco,"On the roof of Fuse Call Office of Elec. Dept.,Vasco, Goa",Goa State Pollution Control Board,Industrial Area,2,13.8,108,224
37,1/8/2004,Goa,Vasco,"On the roof of Fuse Call Office of Elec. Dept.,Vasco, Goa",Goa State Pollution Control Board,Industrial Area,2,11.3,81,131
37,13-01-04,Goa,Vasco,"On the roof of Fuse Call Office of Elec. Dept.,Vasco, Goa",Goa State Pollution Control Board,Industrial Area,4.8,7.5,76,133
37,15-01-04,Goa,Vasco,"On the roof of Fuse Call Office of Elec. Dept.,Vasco, Goa",Goa State Pollution Control Board,Industrial Area,2.8,15.8,68,232
37,20-01-04,Goa,Vasco,"On the roof of Fuse Call Office of Elec. Dept.,Vasco, Goa",Goa State Pollution Control Board,Industrial Area,2.5,5.6,68,96
37,22-01-04,Goa,Vasco,"On the roof of Fuse Call Office of Elec. Dept.,Vasco, Goa",Goa State Pollution Control Board,Industrial Area,2,9.5,70,156
37,27-01-04,Goa,Vasco,"On the roof of Fuse Call Office of Elec. Dept.,Vasco, Goa",Goa State Pollution Control Board,Industrial Area,2,13.5,100,122
37,29-01-04,Goa,Vasco,"On the roof of Fuse Call Office of Elec. Dept.,Vasco, Goa",Goa State Pollution Control Board,Industrial Area,2,7.3,66,98
37,2/3/2004,Goa,Vasco,"On the roof of Fuse Call Office of Elec. Dept.,Vasco, Goa",Goa State Pollution Control Board,Industrial Area,5.7,11.6,84,107
37,2/5/2004,Goa,Vasco,"On the roof of Fuse Call Office of Elec. Dept.,Vasco, Goa",Goa State Pollution Control Board,Industrial Area,7.1,14.4,100,250
37,2/10/2004,Goa,Vasco,"On the roof of Fuse Call Office of Elec. Dept.,Vasco, Goa",Goa State Pollution Control Board,Industrial Area,5.4,28.3,69,175
37,2/12/2004,Goa,Vasco,"On the roof of Fuse Call Office of Elec. Dept.,Vasco, Goa",Goa State Pollution Control Board,Industrial Area,16.5,19.2,74,196
37,17-02-04,Goa,Vasco,"On the roof of Fuse Call Office of Elec. Dept.,Vasco, Goa",Goa State Pollution Control Board,Industrial Area,8.7,15.7,68,174
37,19-02-04,Goa,Vasco,"On the roof of Fuse Call Office of Elec. Dept.,Vasco, Goa",Goa State Pollution Control Board,Industrial Area,9,15.3,60,167
37,24-02-04,Goa,Vasco,"On the roof of Fuse Call Office of Elec. Dept.,Vasco, Goa",Goa State Pollution Control Board,Industrial Area,2.3,8.6,54,93
37,26-02-04,Goa,Vasco,"On the roof of Fuse Call Office of Elec. Dept.,Vasco, Goa",Goa State Pollution Control Board,Industrial Area,2,8.7,38,162
37,3/2/2004,Goa,Vasco,"On the roof of Fuse Call Office of Elec. Dept.,Vasco, Goa",Goa State Pollution Control Board,Industrial Area,2,11.5,36,128
37,3/4/2004,Goa,Vasco,"On the roof of Fuse Call Office of Elec. Dept.,Vasco, Goa",Goa State Pollution Control Board,Industrial Area,2,8.8,40,192
37,3/9/2004,Goa,Vasco,"On the roof of Fuse Call Office of Elec. Dept.,Vasco, Goa",Goa State Pollution Control Board,Industrial Area,2,11.3,49,97
37,3/11/2004,Goa,Vasco,"On the roof of Fuse Call Office of Elec. Dept.,Vasco, Goa",Goa State Pollution Control Board,Industrial Area,2,8.4,46,118
37,16-03-04,Goa,Vasco,"On the roof of Fuse Call Office of Elec. Dept.,Vasco, Goa",Goa State Pollution Control Board,Industrial Area,2,5.3,34,75
37,18-03-04,Goa,Vasco,"On the roof of Fuse Call Office of Elec. Dept.,Vasco, Goa",Goa State Pollution Control Board,Industrial Area,2,8.4,47,90
37,23-03-04,Goa,Vasco,"On the roof of Fuse Call Office of Elec. Dept.,Vasco, Goa",Goa State Pollution Control Board,Industrial Area,2,5.4,29,99
37,25-03-04,Goa,Vasco,"On the roof of Fuse Call Office of Elec. Dept.,Vasco, Goa",Goa State Pollution Control Board,Industrial Area,2,4.5,38,214
37,30-03-04,Goa,Vasco,"On the roof of Fuse Call Office of Elec. Dept.,Vasco, Goa",Goa State Pollution Control Board,Industrial Area,2,10.1,91,70
37,4/1/2004,Goa,Vasco,"On the roof of Fuse Call Office of Elec. Dept.,Vasco, Goa",Goa State Pollution Control Board,Industrial Area,2,7.2,53,152
37,4/6/2004,Goa,Vasco,"On the roof of Fuse Call Office of Elec. Dept.,Vasco, Goa",Goa State Pollution Control Board,Industrial Area,2,8.1,60,212
37,4/8/2004,Goa,Vasco,"On the roof of Fuse Call Office of Elec. Dept.,Vasco, Goa",Goa State Pollution Control Board,Industrial Area,2,8.2,48,270
37,13-04-04,Goa,Vasco,"On the roof of Fuse Call Office of Elec. Dept.,Vasco, Goa",Goa State Pollution Control Board,Industrial Area,2,10.8,42,144
37,15-04-04,Goa,Vasco,"On the roof of Fuse Call Office of Elec. Dept.,Vasco, Goa",Goa State Pollution Control Board,Industrial Area,5.3,7.8,39,226
37,20-04-04,Goa,Vasco,"On the roof of Fuse Call Office of Elec. Dept.,Vasco, Goa",Goa State Pollution Control Board,Industrial Area,2,12.2,50,257
37,22-04-04,Goa,Vasco,"On the roof of Fuse Call Office of Elec. Dept.,Vasco, Goa",Goa State Pollution Control Board,Industrial Area,2,10.8,54,247
37,27-04-04,Goa,Vasco,"On the roof of Fuse Call Office of Elec. Dept.,Vasco, Goa",Goa State Pollution Control Board,Industrial Area,2,10,35,195
37,29-04-04,Goa,Vasco,"On the roof of Fuse Call Office of Elec. Dept.,Vasco, Goa",Goa State Pollution Control Board,Industrial Area,2,4.5,29,279
37,5/4/2004,Goa,Vasco,"On the roof of Fuse Call Office of Elec. Dept.,Vasco, Goa",Goa State Pollution Control Board,Industrial Area,2,10.9,64,243
37,5/6/2004,Goa,Vasco,"On the roof of Fuse Call Office of Elec. Dept.,Vasco, Goa",Goa State Pollution Control Board,Industrial Area,2,13.7,41,253
37,5/11/2004,Goa,Vasco,"On the roof of Fuse Call Office of Elec. Dept.,Vasco, Goa",Goa State Pollution Control Board,Industrial Area,2,10.9,29,146
37,13-05-04,Goa,Vasco,"On the roof of Fuse Call Office of Elec. Dept.,Vasco, Goa",Goa State Pollution Control Board,Industrial Area,2,9,33,171
37,18-05-04,Goa,Vasco,"On the roof of Fuse Call Office of Elec. Dept.,Vasco, Goa",Goa State Pollution Control Board,Industrial Area,2,10.4,23,151
37,20-05-04,Goa,Vasco,"On the roof of Fuse Call Office of Elec. Dept.,Vasco, Goa",Goa State Pollution Control Board,Industrial Area,2,5.9,29,124
37,25-05-04,Goa,Vasco,"On the roof of Fuse Call Office of Elec. Dept.,Vasco, Goa",Goa State Pollution Control Board,Industrial Area,2,4.5,32,182
37,27-05-04,Goa,Vasco,"On the roof of Fuse Call Office of Elec. Dept.,Vasco, Goa",Goa State Pollution Control Board,Industrial Area,2,12.1,35,130
37,6/1/2004,Goa,Vasco,"On the roof of Fuse Call Office of Elec. Dept.,Vasco, Goa",Goa State Pollution Control Board,Industrial Area,2,7.4,16,330
37,6/3/2004,Goa,Vasco,"On the roof of Fuse Call Office of Elec. Dept.,Vasco, Goa",Goa State Pollution Control Board,Industrial Area,2,6.8,21,124
37,6/8/2004,Goa,Vasco,"On the roof of Fuse Call Office of Elec. Dept.,Vasco, Goa",Goa State Pollution Control Board,Industrial Area,2,5.3,15,112
37,6/10/2004,Goa,Vasco,"On the roof of Fuse Call Office of Elec. Dept.,Vasco, Goa",Goa State Pollution Control Board,Industrial Area,2,6.8,21,199
37,15-06-04,Goa,Vasco,"On the roof of Fuse Call Office of Elec. Dept.,Vasco, Goa",Goa State Pollution Control Board,Industrial Area,2,4.5,6,68
37,17-06-04,Goa,Vasco,"On the roof of Fuse Call Office of Elec. Dept.,Vasco, Goa",Goa State Pollution Control Board,Industrial Area,2,4.5,29,40
37,22-06-04,Goa,Vasco,"On the roof of Fuse Call Office of Elec. Dept.,Vasco, Goa",Goa State Pollution Control Board,Industrial Area,2,6.2,25,82
37,24-06-04,Goa,Vasco,"On the roof of Fuse Call Office of Elec. Dept.,Vasco, Goa",Goa State Pollution Control Board,Industrial Area,2,4.5,9,84
37,29-06-04,Goa,Vasco,"On the roof of Fuse Call Office of Elec. Dept.,Vasco, Goa",Goa State Pollution Control Board,Industrial Area,2,4.5,18,94
37,7/1/2004,Goa,Vasco,"On the roof of Fuse Call Office of Elec. Dept.,Vasco, Goa",Goa State Pollution Control Board,Industrial Area,2,6.2,34,96
37,7/6/2004,Goa,Vasco,"On the roof of Fuse Call Office of Elec. Dept.,Vasco, Goa",Goa State Pollution Control Board,Industrial Area,2,4.5,12,53
37,7/8/2004,Goa,Vasco,"On the roof of Fuse Call Office of Elec. Dept.,Vasco, Goa",Goa State Pollution Control Board,Industrial Area,2,4.5,40,72
37,13-07-04,Goa,Vasco,"On the roof of Fuse Call Office of Elec. Dept.,Vasco, Goa",Goa State Pollution Control Board,Industrial Area,2,7.8,15,63
37,15-07-04,Goa,Vasco,"On the roof of Fuse Call Office of Elec. Dept.,Vasco, Goa",Goa State Pollution Control Board,Industrial Area,2,5.3,29,165
37,20-07-04,Goa,Vasco,"On the roof of Fuse Call Office of Elec. Dept.,Vasco, Goa",Goa State Pollution Control Board,Industrial Area,2,4.5,30,55
37,22-07-04,Goa,Vasco,"On the roof of Fuse Call Office of Elec. Dept.,Vasco, Goa",Goa State Pollution Control Board,Industrial Area,2,7.1,14,34
37,27-07-04,Goa,Vasco,"On the roof of Fuse Call Office of Elec. Dept.,Vasco, Goa",Goa State Pollution Control Board,Industrial Area,2,10.3,18,47
37,29-07-04,Goa,Vasco,"On the roof of Fuse Call Office of Elec. Dept.,Vasco, Goa",Goa State Pollution Control Board,Industrial Area,2,6.6,26,62
37,8/3/2004,Goa,Vasco,"On the roof of Fuse Call Office of Elec. Dept.,Vasco, Goa",Goa State Pollution Control Board,Industrial Area,6.7,8.3,73,107
37,8/5/2004,Goa,Vasco,"On the roof of Fuse Call Office of Elec. Dept.,Vasco, Goa",Goa State Pollution Control Board,Industrial Area,2,4.5,23,96
37,8/10/2004,Goa,Vasco,"On the roof of Fuse Call Office of Elec. Dept.,Vasco, Goa",Goa State Pollution Control Board,Industrial Area,2,4.5,25,47
37,8/12/2004,Goa,Vasco,"On the roof of Fuse Call Office of Elec. Dept.,Vasco, Goa",Goa State Pollution Control Board,Industrial Area,2.4,4.5,21,49
37,17-08-04,Goa,Vasco,"On the roof of Fuse Call Office of Elec. Dept.,Vasco, Goa",Goa State Pollution Control Board,Industrial Area,2,4.5,29,51
37,19-08-04,Goa,Vasco,"On the roof of Fuse Call Office of Elec. Dept.,Vasco, Goa",Goa State Pollution Control Board,Industrial Area,2,5.8,29,68
37,24-08-04,Goa,Vasco,"On the roof of Fuse Call Office of Elec. Dept.,Vasco, Goa",Goa State Pollution Control Board,Industrial Area,2,16.3,30,42
37,26-08-04,Goa,Vasco,"On the roof of Fuse Call Office of Elec. Dept.,Vasco, Goa",Goa State Pollution Control Board,Industrial Area,2,11.2,34,98
37,31-08-04,Goa,Vasco,"On the roof of Fuse Call Office of Elec. Dept.,Vasco, Goa",Goa State Pollution Control Board,Industrial Area,2,10.7,46,142
37,9/2/2004,Goa,Vasco,"On the roof of Fuse Call Office of Elec. Dept.,Vasco, Goa",Goa State Pollution Control Board,Industrial Area,3.3,5,40,120
37,9/7/2004,Goa,Vasco,"On the roof of Fuse Call Office of Elec. Dept.,Vasco, Goa",Goa State Pollution Control Board,Industrial Area,2,10.5,20,82
37,9/9/2004,Goa,Vasco,"On the roof of Fuse Call Office of Elec. Dept.,Vasco, Goa",Goa State Pollution Control Board,Industrial Area,2,5.3,24,178
37,14-09-04,Goa,Vasco,"On the roof of Fuse Call Office of Elec. Dept.,Vasco, Goa",Goa State Pollution Control Board,Industrial Area,2,7.8,48,167
37,16-09-04,Goa,Vasco,"On the roof of Fuse Call Office of Elec. Dept.,Vasco, Goa",Goa State Pollution Control Board,Industrial Area,2,4.1,34,92
37,21-09-04,Goa,Vasco,"On the roof of Fuse Call Office of Elec. Dept.,Vasco, Goa",Goa State Pollution Control Board,Industrial Area,2,17,37,23
37,23-09-04,Goa,Vasco,"On the roof of Fuse Call Office of Elec. Dept.,Vasco, Goa",Goa State Pollution Control Board,Industrial Area,2,6.7,28,26
37,28-09-04,Goa,Vasco,"On the roof of Fuse Call Office of Elec. Dept.,Vasco, Goa",Goa State Pollution Control Board,Industrial Area,2,9,55,150
37,30-09-04,Goa,Vasco,"On the roof of Fuse Call Office of Elec. Dept.,Vasco, Goa",Goa State Pollution Control Board,Industrial Area,2,4.5,35,63
37,10/5/2004,Goa,Vasco,"On the roof of Fuse Call Office of Elec. Dept.,Vasco, Goa",Goa State Pollution Control Board,Industrial Area,2,6.4,36,98
37,10/7/2004,Goa,Vasco,"On the roof of Fuse Call Office of Elec. Dept.,Vasco, Goa",Goa State Pollution Control Board,Industrial Area,2,8.4,26,39
37,10/12/2004,Goa,Vasco,"On the roof of Fuse Call Office of Elec. Dept.,Vasco, Goa",Goa State Pollution Control Board,Industrial Area,2,10.5,81,135
37,14-10-04,Goa,Vasco,"On the roof of Fuse Call Office of Elec. Dept.,Vasco, Goa",Goa State Pollution Control Board,Industrial Area,NA,27,108,253
37,19-10-04,Goa,Vasco,"On the roof of Fuse Call Office of Elec. Dept.,Vasco, Goa",Goa State Pollution Control Board,Industrial Area,22.2,22.9,NA,167
37,21-10-04,Goa,Vasco,"On the roof of Fuse Call Office of Elec. Dept.,Vasco, Goa",Goa State Pollution Control Board,Industrial Area,2.5,17.6,77,169
37,26-10-04,Goa,Vasco,"On the roof of Fuse Call Office of Elec. Dept.,Vasco, Goa",Goa State Pollution Control Board,Industrial Area,2.5,18.2,74,192
37,28-10-04,Goa,Vasco,"On the roof of Fuse Call Office of Elec. Dept.,Vasco, Goa",Goa State Pollution Control Board,Industrial Area,2,9.5,55,124
37,11/2/2004,Goa,Vasco,"On the roof of Fuse Call Office of Elec. Dept.,Vasco, Goa",Goa State Pollution Control Board,Industrial Area,2,9.1,40,130
37,11/4/2004,Goa,Vasco,"On the roof of Fuse Call Office of Elec. Dept.,Vasco, Goa",Goa State Pollution Control Board,Industrial Area,2,14.1,81,148
37,11/9/2004,Goa,Vasco,"On the roof of Fuse Call Office of Elec. Dept.,Vasco, Goa",Goa State Pollution Control Board,Industrial Area,2,18.5,96,202
37,11/12/2004,Goa,Vasco,"On the roof of Fuse Call Office of Elec. Dept.,Vasco, Goa",Goa State Pollution Control Board,Industrial Area,3.3,18.7,91,236
37,16-11-04,Goa,Vasco,"On the roof of Fuse Call Office of Elec. Dept.,Vasco, Goa",Goa State Pollution Control Board,Industrial Area,3.5,10.3,102,141
37,18-11-04,Goa,Vasco,"On the roof of Fuse Call Office of Elec. Dept.,Vasco, Goa",Goa State Pollution Control Board,Industrial Area,2,14.1,142,736
37,23-11-04,Goa,Vasco,"On the roof of Fuse Call Office of Elec. Dept.,Vasco, Goa",Goa State Pollution Control Board,Industrial Area,2,7.1,91,256
37,25-11-04,Goa,Vasco,"On the roof of Fuse Call Office of Elec. Dept.,Vasco, Goa",Goa State Pollution Control Board,Industrial Area,5.7,13.8,115,165
37,30-11-04,Goa,Vasco,"On the roof of Fuse Call Office of Elec. Dept.,Vasco, Goa",Goa State Pollution Control Board,Industrial Area,12.2,11.7,74,159
37,12/2/2004,Goa,Vasco,"On the roof of Fuse Call Office of Elec. Dept.,Vasco, Goa",Goa State Pollution Control Board,Industrial Area,2,11.6,80,282
37,12/7/2004,Goa,Vasco,"On the roof of Fuse Call Office of Elec. Dept.,Vasco, Goa",Goa State Pollution Control Board,Industrial Area,3,22.4,117,280
37,12/9/2004,Goa,Vasco,"On the roof of Fuse Call Office of Elec. Dept.,Vasco, Goa",Goa State Pollution Control Board,Industrial Area,2,12.8,84,212
37,14-12-04,Goa,Vasco,"On the roof of Fuse Call Office of Elec. Dept.,Vasco, Goa",Goa State Pollution Control Board,Industrial Area,2,17.8,90,223
37,16-12-04,Goa,Vasco,"On the roof of Fuse Call Office of Elec. Dept.,Vasco, Goa",Goa State Pollution Control Board,Industrial Area,2,35.2,93,239
37,21-12-04,Goa,Vasco,"On the roof of Fuse Call Office of Elec. Dept.,Vasco, Goa",Goa State Pollution Control Board,Industrial Area,4.3,10.8,78,276
37,23-12-04,Goa,Vasco,"On the roof of Fuse Call Office of Elec. Dept.,Vasco, Goa",Goa State Pollution Control Board,Industrial Area,2,18.1,108,371
37,28-12-04,Goa,Vasco,"On the roof of Fuse Call Office of Elec. Dept.,Vasco, Goa",Goa State Pollution Control Board,Industrial Area,4.8,15.2,72,188
37,30-12-04,Goa,Vasco,"On the roof of Fuse Call Office of Elec. Dept.,Vasco, Goa",Goa State Pollution Control Board,Industrial Area,2,11.4,54,157
327,1/5/2004,Goa,Panaji,"Infront of Old GSPCB premises, Patto, Panaji, Goa",Goa State Pollution Control Board,"Residential, Rural and other Areas",2,24.7,NA,207
327,1/7/2004,Goa,Panaji,"Infront of Old GSPCB premises, Patto, Panaji, Goa",Goa State Pollution Control Board,"Residential, Rural and other Areas",4,30.8,NA,265
327,1/12/2004,Goa,Panaji,"Infront of Old GSPCB premises, Patto, Panaji, Goa",Goa State Pollution Control Board,"Residential, Rural and other Areas",2,15,NA,251
327,14-01-04,Goa,Panaji,"Infront of Old GSPCB premises, Patto, Panaji, Goa",Goa State Pollution Control Board,"Residential, Rural and other Areas",3.5,24.2,NA,179
327,19-01-04,Goa,Panaji,"Infront of Old GSPCB premises, Patto, Panaji, Goa",Goa State Pollution Control Board,"Residential, Rural and other Areas",2,15.2,NA,134
327,21-01-04,Goa,Panaji,"Infront of Old GSPCB premises, Patto, Panaji, Goa",Goa State Pollution Control Board,"Residential, Rural and other Areas",2,16.8,NA,127
327,28-01-04,Goa,Panaji,"Infront of Old GSPCB premises, Patto, Panaji, Goa",Goa State Pollution Control Board,"Residential, Rural and other Areas",2,30.7,NA,237
327,30-01-04,Goa,Panaji,"Infront of Old GSPCB premises, Patto, Panaji, Goa",Goa State Pollution Control Board,"Residential, Rural and other Areas",7.2,20.5,NA,153
327,2/4/2004,Goa,Panaji,"Infront of Old GSPCB premises, Patto, Panaji, Goa",Goa State Pollution Control Board,"Residential, Rural and other Areas",2,20.3,NA,84
327,2/6/2004,Goa,Panaji,"Infront of Old GSPCB premises, Patto, Panaji, Goa",Goa State Pollution Control Board,"Residential, Rural and other Areas",2.5,30,NA,160
327,2/9/2004,Goa,Panaji,"Infront of Old GSPCB premises, Patto, Panaji, Goa",Goa State Pollution Control Board,"Residential, Rural and other Areas",2.8,30.3,NA,146
327,2/11/2004,Goa,Panaji,"Infront of Old GSPCB premises, Patto, Panaji, Goa",Goa State Pollution Control Board,"Residential, Rural and other Areas",12.8,26.2,NA,152
327,16-02-04,Goa,Panaji,"Infront of Old GSPCB premises, Patto, Panaji, Goa",Goa State Pollution Control Board,"Residential, Rural and other Areas",11.8,54,NA,167
327,18-02-04,Goa,Panaji,"Infront of Old GSPCB premises, Patto, Panaji, Goa",Goa State Pollution Control Board,"Residential, Rural and other Areas",6,24.1,NA,201
327,23-02-04,Goa,Panaji,"Infront of Old GSPCB premises, Patto, Panaji, Goa",Goa State Pollution Control Board,"Residential, Rural and other Areas",2.8,22.7,NA,211
327,25-02-04,Goa,Panaji,"Infront of Old GSPCB premises, Patto, Panaji, Goa",Goa State Pollution Control Board,"Residential, Rural and other Areas",2,28.5,NA,292
327,3/1/2004,Goa,Panaji,"Infront of Old GSPCB premises, Patto, Panaji, Goa",Goa State Pollution Control Board,"Residential, Rural and other Areas",2,13.3,3,171
327,3/3/2004,Goa,Panaji,"Infront of Old GSPCB premises, Patto, Panaji, Goa",Goa State Pollution Control Board,"Residential, Rural and other Areas",2,12.8,3,176
327,3/8/2004,Goa,Panaji,"Infront of Old GSPCB premises, Patto, Panaji, Goa",Goa State Pollution Control Board,"Residential, Rural and other Areas",2,8.1,3,144
327,3/10/2004,Goa,Panaji,"Infront of Old GSPCB premises, Patto, Panaji, Goa",Goa State Pollution Control Board,"Residential, Rural and other Areas",5.7,14.3,3,142
327,15-03-04,Goa,Panaji,"Infront of Old GSPCB premises, Patto, Panaji, Goa",Goa State Pollution Control Board,"Residential, Rural and other Areas",2,11.3,NA,175
327,17-03-04,Goa,Panaji,"Infront of Old GSPCB premises, Patto, Panaji, Goa",Goa State Pollution Control Board,"Residential, Rural and other Areas",2,7.2,NA,141
327,22-03-04,Goa,Panaji,"Infront of Old GSPCB premises, Patto, Panaji, Goa",Goa State Pollution Control Board,"Residential, Rural and other Areas",2,6.9,NA,121
327,24-03-04,Goa,Panaji,"Infront of Old GSPCB premises, Patto, Panaji, Goa",Goa State Pollution Control Board,"Residential, Rural and other Areas",2,8.1,NA,133
327,29-03-04,Goa,Panaji,"Infront of Old GSPCB premises, Patto, Panaji, Goa",Goa State Pollution Control Board,"Residential, Rural and other Areas",2,6.8,NA,114
327,31-03-04,Goa,Panaji,"Infront of Old GSPCB premises, Patto, Panaji, Goa",Goa State Pollution Control Board,"Residential, Rural and other Areas",2,7.4,NA,85
327,4/5/2004,Goa,Panaji,"Infront of Old GSPCB premises, Patto, Panaji, Goa",Goa State Pollution Control Board,"Residential, Rural and other Areas",2,7.4,NA,75
327,4/7/2004,Goa,Panaji,"Infront of Old GSPCB premises, Patto, Panaji, Goa",Goa State Pollution Control Board,"Residential, Rural and other Areas",2,9.4,NA,74
327,4/12/2004,Goa,Panaji,"Infront of Old GSPCB premises, Patto, Panaji, Goa",Goa State Pollution Control Board,"Residential, Rural and other Areas",2,5.3,NA,105
327,14-04-04,Goa,Panaji,"Infront of Old GSPCB premises, Patto, Panaji, Goa",Goa State Pollution Control Board,"Residential, Rural and other Areas",2,5.3,NA,100
327,19-04-04,Goa,Panaji,"Infront of Old GSPCB premises, Patto, Panaji, Goa",Goa State Pollution Control Board,"Residential, Rural and other Areas",2,5.3,NA,69
327,21-04-04,Goa,Panaji,"Infront of Old GSPCB premises, Patto, Panaji, Goa",Goa State Pollution Control Board,"Residential, Rural and other Areas",2,5.6,NA,114
327,28-04-04,Goa,Panaji,"Infront of Old GSPCB premises, Patto, Panaji, Goa",Goa State Pollution Control Board,"Residential, Rural and other Areas",2,4.5,NA,118
327,30-04-04,Goa,Panaji,"Infront of Old GSPCB premises, Patto, Panaji, Goa",Goa State Pollution Control Board,"Residential, Rural and other Areas",2.8,4.5,NA,89
327,5/3/2004,Goa,Panaji,"Infront of Old GSPCB premises, Patto, Panaji, Goa",Goa State Pollution Control Board,"Residential, Rural and other Areas",2,6.8,NA,273
327,5/5/2004,Goa,Panaji,"Infront of Old GSPCB premises, Patto, Panaji, Goa",Goa State Pollution Control Board,"Residential, Rural and other Areas",2,10.6,NA,92
327,5/10/2004,Goa,Panaji,"Infront of Old GSPCB premises, Patto, Panaji, Goa",Goa State Pollution Control Board,"Residential, Rural and other Areas",2,4.5,NA,93
327,5/12/2004,Goa,Panaji,"Infront of Old GSPCB premises, Patto, Panaji, Goa",Goa State Pollution Control Board,"Residential, Rural and other Areas",2,5.9,NA,67
327,17-05-04,Goa,Panaji,"Infront of Old GSPCB premises, Patto, Panaji, Goa",Goa State Pollution Control Board,"Residential, Rural and other Areas",2,6.2,NA,48
327,19-05-04,Goa,Panaji,"Infront of Old GSPCB premises, Patto, Panaji, Goa",Goa State Pollution Control Board,"Residential, Rural and other Areas",2,20.2,NA,144
327,24-05-04,Goa,Panaji,"Infront of Old GSPCB premises, Patto, Panaji, Goa",Goa State Pollution Control Board,"Residential, Rural and other Areas",2,28.1,NA,106
327,26-05-04,Goa,Panaji,"Infront of Old GSPCB premises, Patto, Panaji, Goa",Goa State Pollution Control Board,"Residential, Rural and other Areas",2,32.2,NA,141
327,31-05-04,Goa,Panaji,"Infront of Old GSPCB premises, Patto, Panaji, Goa",Goa State Pollution Control Board,"Residential, Rural and other Areas",2,27,NA,48
327,6/2/2004,Goa,Panaji,"Infront of Old GSPCB premises, Patto, Panaji, Goa",Goa State Pollution Control Board,"Residential, Rural and other Areas",2,16.5,NA,55
327,6/7/2004,Goa,Panaji,"Infront of Old GSPCB premises, Patto, Panaji, Goa",Goa State Pollution Control Board,"Residential, Rural and other Areas",2,9.5,NA,35
327,6/9/2004,Goa,Panaji,"Infront of Old GSPCB premises, Patto, Panaji, Goa",Goa State Pollution Control Board,"Residential, Rural and other Areas",2,5.6,NA,39
327,14-06-04,Goa,Panaji,"Infront of Old GSPCB premises, Patto, Panaji, Goa",Goa State Pollution Control Board,"Residential, Rural and other Areas",2,4.5,NA,143
327,16-06-04,Goa,Panaji,"Infront of Old GSPCB premises, Patto, Panaji, Goa",Goa State Pollution Control Board,"Residential, Rural and other Areas",2,4.5,NA,156
327,21-06-04,Goa,Panaji,"Infront of Old GSPCB premises, Patto, Panaji, Goa",Goa State Pollution Control Board,"Residential, Rural and other Areas",2,4.5,NA,95
327,23-06-04,Goa,Panaji,"Infront of Old GSPCB premises, Patto, Panaji, Goa",Goa State Pollution Control Board,"Residential, Rural and other Areas",2,4.5,NA,96
327,28-06-04,Goa,Panaji,"Infront of Old GSPCB premises, Patto, Panaji, Goa",Goa State Pollution Control Board,"Residential, Rural and other Areas",2,4.5,NA,85
327,30-06-04,Goa,Panaji,"Infront of Old GSPCB premises, Patto, Panaji, Goa",Goa State Pollution Control Board,"Residential, Rural and other Areas",2,4.5,NA,83
327,7/5/2004,Goa,Panaji,"Infront of Old GSPCB premises, Patto, Panaji, Goa",Goa State Pollution Control Board,"Residential, Rural and other Areas",2,4.5,NA,58
327,7/7/2004,Goa,Panaji,"Infront of Old GSPCB premises, Patto, Panaji, Goa",Goa State Pollution Control Board,"Residential, Rural and other Areas",2,4.5,NA,75
327,7/12/2004,Goa,Panaji,"Infront of Old GSPCB premises, Patto, Panaji, Goa",Goa State Pollution Control Board,"Residential, Rural and other Areas",2,4.5,NA,68
327,14-07-04,Goa,Panaji,"Infront of Old GSPCB premises, Patto, Panaji, Goa",Goa State Pollution Control Board,"Residential, Rural and other Areas",2,4.5,NA,54
327,19-07-04,Goa,Panaji,"Infront of Old GSPCB premises, Patto, Panaji, Goa",Goa State Pollution Control Board,"Residential, Rural and other Areas",2,2.6,NA,79
327,21-07-04,Goa,Panaji,"Infront of Old GSPCB premises, Patto, Panaji, Goa",Goa State Pollution Control Board,"Residential, Rural and other Areas",2,5.6,NA,96
327,26-07-04,Goa,Panaji,"Infront of Old GSPCB premises, Patto, Panaji, Goa",Goa State Pollution Control Board,"Residential, Rural and other Areas",2,7.2,NA,71
327,28-07-04,Goa,Panaji,"Infront of Old GSPCB premises, Patto, Panaji, Goa",Goa State Pollution Control Board,"Residential, Rural and other Areas",2,5.4,NA,68
327,8/2/2004,Goa,Panaji,"Infront of Old GSPCB premises, Patto, Panaji, Goa",Goa State Pollution Control Board,"Residential, Rural and other Areas",4.6,5.8,NA,93
327,8/9/2004,Goa,Panaji,"Infront of Old GSPCB premises, Patto, Panaji, Goa",Goa State Pollution Control Board,"Residential, Rural and other Areas",2,4.5,NA,91
327,13-08-04,Goa,Panaji,"Infront of Old GSPCB premises, Patto, Panaji, Goa",Goa State Pollution Control Board,"Residential, Rural and other Areas",2,4.5,NA,87
327,16-08-04,Goa,Panaji,"Infront of Old GSPCB premises, Patto, Panaji, Goa",Goa State Pollution Control Board,"Residential, Rural and other Areas",2,7,NA,46
327,18-08-04,Goa,Panaji,"Infront of Old GSPCB premises, Patto, Panaji, Goa",Goa State Pollution Control Board,"Residential, Rural and other Areas",2,5.6,NA,44
327,23-08-04,Goa,Panaji,"Infront of Old GSPCB premises, Patto, Panaji, Goa",Goa State Pollution Control Board,"Residential, Rural and other Areas",2,4.5,NA,42
327,25-08-04,Goa,Panaji,"Infront of Old GSPCB premises, Patto, Panaji, Goa",Goa State Pollution Control Board,"Residential, Rural and other Areas",2,4.5,NA,77
327,30-08-04,Goa,Panaji,"Infront of Old GSPCB premises, Patto, Panaji, Goa",Goa State Pollution Control Board,"Residential, Rural and other Areas",2,4.5,NA,65
327,9/1/2004,Goa,Panaji,"Infront of Old GSPCB premises, Patto, Panaji, Goa",Goa State Pollution Control Board,"Residential, Rural and other Areas",2,4.5,NA,67
327,9/6/2004,Goa,Panaji,"Infront of Old GSPCB premises, Patto, Panaji, Goa",Goa State Pollution Control Board,"Residential, Rural and other Areas",2,5.3,NA,34
327,9/8/2004,Goa,Panaji,"Infront of Old GSPCB premises, Patto, Panaji, Goa",Goa State Pollution Control Board,"Residential, Rural and other Areas",2,4.5,NA,60
327,13-09-04,Goa,Panaji,"Infront of Old GSPCB premises, Patto, Panaji, Goa",Goa State Pollution Control Board,"Residential, Rural and other Areas",2,4.5,NA,80
327,15-09-04,Goa,Panaji,"Infront of Old GSPCB premises, Patto, Panaji, Goa",Goa State Pollution Control Board,"Residential, Rural and other Areas",2,4.5,NA,87
327,20-09-04,Goa,Panaji,"Infront of Old GSPCB premises, Patto, Panaji, Goa",Goa State Pollution Control Board,"Residential, Rural and other Areas",2,4.5,NA,71
327,22-09-04,Goa,Panaji,"Infront of Old GSPCB premises, Patto, Panaji, Goa",Goa State Pollution Control Board,"Residential, Rural and other Areas",2,5.3,NA,60
327,27-09-04,Goa,Panaji,"Infront of Old GSPCB premises, Patto, Panaji, Goa",Goa State Pollution Control Board,"Residential, Rural and other Areas",2,7.3,NA,104
327,29-09-04,Goa,Panaji,"Infront of Old GSPCB premises, Patto, Panaji, Goa",Goa State Pollution Control Board,"Residential, Rural and other Areas",2,5.6,NA,81
327,10/4/2004,Goa,Panaji,"Infront of Old GSPCB premises, Patto, Panaji, Goa",Goa State Pollution Control Board,"Residential, Rural and other Areas",2,7,NA,35
327,10/6/2004,Goa,Panaji,"Infront of Old GSPCB premises, Patto, Panaji, Goa",Goa State Pollution Control Board,"Residential, Rural and other Areas",2,4.5,NA,108
327,10/11/2004,Goa,Panaji,"Infront of Old GSPCB premises, Patto, Panaji, Goa",Goa State Pollution Control Board,"Residential, Rural and other Areas",3.2,5.8,NA,78
327,13-10-04,Goa,Panaji,"Infront of Old GSPCB premises, Patto, Panaji, Goa",Goa State Pollution Control Board,"Residential, Rural and other Areas",2.3,7.8,NA,313
327,18-10-04,Goa,Panaji,"Infront of Old GSPCB premises, Patto, Panaji, Goa",Goa State Pollution Control Board,"Residential, Rural and other Areas",2,12.1,NA,161
327,20-10-04,Goa,Panaji,"Infront of Old GSPCB premises, Patto, Panaji, Goa",Goa State Pollution Control Board,"Residential, Rural and other Areas",2,12.7,NA,153
327,25-10-04,Goa,Panaji,"Infront of Old GSPCB premises, Patto, Panaji, Goa",Goa State Pollution Control Board,"Residential, Rural and other Areas",2,9.7,NA,152
327,27-10-04,Goa,Panaji,"Infront of Old GSPCB premises, Patto, Panaji, Goa",Goa State Pollution Control Board,"Residential, Rural and other Areas",2,9,NA,146
327,11/1/2004,Goa,Panaji,"Infront of Old GSPCB premises, Patto, Panaji, Goa",Goa State Pollution Control Board,"Residential, Rural and other Areas",2,9.8,NA,153
327,11/3/2004,Goa,Panaji,"Infront of Old GSPCB premises, Patto, Panaji, Goa",Goa State Pollution Control Board,"Residential, Rural and other Areas",2,17.4,NA,163
327,11/8/2004,Goa,Panaji,"Infront of Old GSPCB premises, Patto, Panaji, Goa",Goa State Pollution Control Board,"Residential, Rural and other Areas",2,6.3,NA,127
327,11/10/2004,Goa,Panaji,"Infront of Old GSPCB premises, Patto, Panaji, Goa",Goa State Pollution Control Board,"Residential, Rural and other Areas",2,10,NA,140
327,17-11-04,Goa,Panaji,"Infront of Old GSPCB premises, Patto, Panaji, Goa",Goa State Pollution Control Board,"Residential, Rural and other Areas",2,15.3,NA,188
327,19-11-04,Goa,Panaji,"Infront of Old GSPCB premises, Patto, Panaji, Goa",Goa State Pollution Control Board,"Residential, Rural and other Areas",2,13.5,NA,187
327,22-11-04,Goa,Panaji,"Infront of Old GSPCB premises, Patto, Panaji, Goa",Goa State Pollution Control Board,"Residential, Rural and other Areas",2,9.1,NA,178
327,24-11-04,Goa,Panaji,"Infront of Old GSPCB premises, Patto, Panaji, Goa",Goa State Pollution Control Board,"Residential, Rural and other Areas",2,13.3,NA,223
327,29-11-04,Goa,Panaji,"Infront of Old GSPCB premises, Patto, Panaji, Goa",Goa State Pollution Control Board,"Residential, Rural and other Areas",2,26.7,NA,247
327,12/1/2004,Goa,Panaji,"Infront of Old GSPCB premises, Patto, Panaji, Goa",Goa State Pollution Control Board,"Residential, Rural and other Areas",3,14,NA,232
327,12/6/2004,Goa,Panaji,"Infront of Old GSPCB premises, Patto, Panaji, Goa",Goa State Pollution Control Board,"Residential, Rural and other Areas",2,9.5,NA,148
327,12/8/2004,Goa,Panaji,"Infront of Old GSPCB premises, Patto, Panaji, Goa",Goa State Pollution Control Board,"Residential, Rural and other Areas",2,24.9,NA,178
327,13-12-04,Goa,Panaji,"Infront of Old GSPCB premises, Patto, Panaji, Goa",Goa State Pollution Control Board,"Residential, Rural and other Areas",2,10.9,NA,260
327,15-12-04,Goa,Panaji,"Infront of Old GSPCB premises, Patto, Panaji, Goa",Goa State Pollution Control Board,"Residential, Rural and other Areas",2,7.7,NA,255
327,20-12-04,Goa,Panaji,"Infront of Old GSPCB premises, Patto, Panaji, Goa",Goa State Pollution Control Board,"Residential, Rural and other Areas",2,6.6,NA,214
327,22-12-04,Goa,Panaji,"Infront of Old GSPCB premises, Patto, Panaji, Goa",Goa State Pollution Control Board,"Residential, Rural and other Areas",2,6.3,NA,188
327,27-12-04,Goa,Panaji,"Infront of Old GSPCB premises, Patto, Panaji, Goa",Goa State Pollution Control Board,"Residential, Rural and other Areas",2,13.4,NA,333
327,29-12-04,Goa,Panaji,"Infront of Old GSPCB premises, Patto, Panaji, Goa",Goa State Pollution Control Board,"Residential, Rural and other Areas",2.3,15.8,NA,217
435,9/2/2004,Goa,Vasco,"Above the Fire Brigade Station, Near Birth 5A & 6A of Mormugao,Port Trust, Vasco",Goa State Pollution Control Board,Industrial Area,2,4.5,22,93
435,9/7/2004,Goa,Vasco,"Above the Fire Brigade Station, Near Birth 5A & 6A of Mormugao,Port Trust, Vasco",Goa State Pollution Control Board,Industrial Area,2,4.5,16,69
435,9/9/2004,Goa,Vasco,"Above the Fire Brigade Station, Near Birth 5A & 6A of Mormugao,Port Trust, Vasco",Goa State Pollution Control Board,Industrial Area,2,5.4,11,47
435,14-09-04,Goa,Vasco,"Above the Fire Brigade Station, Near Birth 5A & 6A of Mormugao,Port Trust, Vasco",Goa State Pollution Control Board,Industrial Area,2,4.5,15,57
435,16-09-04,Goa,Vasco,"Above the Fire Brigade Station, Near Birth 5A & 6A of Mormugao,Port Trust, Vasco",Goa State Pollution Control Board,Industrial Area,2,4.5,13,19
435,21-09-04,Goa,Vasco,"Above the Fire Brigade Station, Near Birth 5A & 6A of Mormugao,Port Trust, Vasco",Goa State Pollution Control Board,Industrial Area,2,6.1,19,29
435,23-09-04,Goa,Vasco,"Above the Fire Brigade Station, Near Birth 5A & 6A of Mormugao,Port Trust, Vasco",Goa State Pollution Control Board,Industrial Area,2,6.9,16,39
435,28-09-04,Goa,Vasco,"Above the Fire Brigade Station, Near Birth 5A & 6A of Mormugao,Port Trust, Vasco",Goa State Pollution Control Board,Industrial Area,2,6.7,41,57
435,30-09-04,Goa,Vasco,"Above the Fire Brigade Station, Near Birth 5A & 6A of Mormugao,Port Trust, Vasco",Goa State Pollution Control Board,Industrial Area,2,8.1,11,28
435,10/5/2004,Goa,Vasco,"Above the Fire Brigade Station, Near Birth 5A & 6A of Mormugao,Port Trust, Vasco",Goa State Pollution Control Board,Industrial Area,2,5.9,21,48
435,10/7/2004,Goa,Vasco,"Above the Fire Brigade Station, Near Birth 5A & 6A of Mormugao,Port Trust, Vasco",Goa State Pollution Control Board,Industrial Area,2,5.4,13,17
435,10/12/2004,Goa,Vasco,"Above the Fire Brigade Station, Near Birth 5A & 6A of Mormugao,Port Trust, Vasco",Goa State Pollution Control Board,Industrial Area,2,5.4,28,24
435,14-10-04,Goa,Vasco,"Above the Fire Brigade Station, Near Birth 5A & 6A of Mormugao,Port Trust, Vasco",Goa State Pollution Control Board,Industrial Area,2,9.8,120,147
435,19-10-04,Goa,Vasco,"Above the Fire Brigade Station, Near Birth 5A & 6A of Mormugao,Port Trust, Vasco",Goa State Pollution Control Board,Industrial Area,2,6.9,50,165
435,21-10-04,Goa,Vasco,"Above the Fire Brigade Station, Near Birth 5A & 6A of Mormugao,Port Trust, Vasco",Goa State Pollution Control Board,Industrial Area,3,10.2,54,212
435,26-10-04,Goa,Vasco,"Above the Fire Brigade Station, Near Birth 5A & 6A of Mormugao,Port Trust, Vasco",Goa State Pollution Control Board,Industrial Area,10.8,9.9,42,95
435,28-10-04,Goa,Vasco,"Above the Fire Brigade Station, Near Birth 5A & 6A of Mormugao,Port Trust, Vasco",Goa State Pollution Control Board,Industrial Area,13.8,11.5,96,146
435,11/2/2004,Goa,Vasco,"Above the Fire Brigade Station, Near Birth 5A & 6A of Mormugao,Port Trust, Vasco",Goa State Pollution Control Board,Industrial Area,2.7,9.8,31,91
435,11/4/2004,Goa,Vasco,"Above the Fire Brigade Station, Near Birth 5A & 6A of Mormugao,Port Trust, Vasco",Goa State Pollution Control Board,Industrial Area,2,17.7,81,179
435,11/9/2004,Goa,Vasco,"Above the Fire Brigade Station, Near Birth 5A & 6A of Mormugao,Port Trust, Vasco",Goa State Pollution Control Board,Industrial Area,2,14.8,37,80
435,11/12/2004,Goa,Vasco,"Above the Fire Brigade Station, Near Birth 5A & 6A of Mormugao,Port Trust, Vasco",Goa State Pollution Control Board,Industrial Area,5.5,12.8,37,120
435,16-11-04,Goa,Vasco,"Above the Fire Brigade Station, Near Birth 5A & 6A of Mormugao,Port Trust, Vasco",Goa State Pollution Control Board,Industrial Area,3.7,10.3,95,232
435,18-11-04,Goa,Vasco,"Above the Fire Brigade Station, Near Birth 5A & 6A of Mormugao,Port Trust, Vasco",Goa State Pollution Control Board,Industrial Area,2,13.3,136,392
435,23-11-04,Goa,Vasco,"Above the Fire Brigade Station, Near Birth 5A & 6A of Mormugao,Port Trust, Vasco",Goa State Pollution Control Board,Industrial Area,2,6.5,113,546
435,25-11-04,Goa,Vasco,"Above the Fire Brigade Station, Near Birth 5A & 6A of Mormugao,Port Trust, Vasco",Goa State Pollution Control Board,Industrial Area,3.2,16.4,98,286
435,30-11-04,Goa,Vasco,"Above the Fire Brigade Station, Near Birth 5A & 6A of Mormugao,Port Trust, Vasco",Goa State Pollution Control Board,Industrial Area,2,9,102,333
435,12/2/2004,Goa,Vasco,"Above the Fire Brigade Station, Near Birth 5A & 6A of Mormugao,Port Trust, Vasco",Goa State Pollution Control Board,Industrial Area,2,11.7,90,395
435,12/7/2004,Goa,Vasco,"Above the Fire Brigade Station, Near Birth 5A & 6A of Mormugao,Port Trust, Vasco",Goa State Pollution Control Board,Industrial Area,4.8,16.3,106,234
435,12/9/2004,Goa,Vasco,"Above the Fire Brigade Station, Near Birth 5A & 6A of Mormugao,Port Trust, Vasco",Goa State Pollution Control Board,Industrial Area,2,12.9,69,185
435,14-12-04,Goa,Vasco,"Above the Fire Brigade Station, Near Birth 5A & 6A of Mormugao,Port Trust, Vasco",Goa State Pollution Control Board,Industrial Area,2,9.3,64,192
435,16-12-04,Goa,Vasco,"Above the Fire Brigade Station, Near Birth 5A & 6A of Mormugao,Port Trust, Vasco",Goa State Pollution Control Board,Industrial Area,2,31.8,64,144
435,21-12-04,Goa,Vasco,"Above the Fire Brigade Station, Near Birth 5A & 6A of Mormugao,Port Trust, Vasco",Goa State Pollution Control Board,Industrial Area,2,9.4,48,151
435,23-12-04,Goa,Vasco,"Above the Fire Brigade Station, Near Birth 5A & 6A of Mormugao,Port Trust, Vasco",Goa State Pollution Control Board,Industrial Area,2,8.9,57,190
435,28-12-04,Goa,Vasco,"Above the Fire Brigade Station, Near Birth 5A & 6A of Mormugao,Port Trust, Vasco",Goa State Pollution Control Board,Industrial Area,2,14.7,67,225
435,30-12-04,Goa,Vasco,"Above the Fire Brigade Station, Near Birth 5A & 6A of Mormugao,Port Trust, Vasco",Goa State Pollution Control Board,Industrial Area,2,9.3,130,538
