Sampling Date,State,City/Town/Village/Area,Location of Monitoring Station,Type of Location,SO2,NO2,RSPM/PM10,SPM
5/10/2006,Assam,Bongaigaon,B.R.P.L.,Residential and others,19.1,19.1,97,106
1/7/2006,Assam,Bongaigaon,Barpara Office Bldg,Residential and others,7.2,9.8,NA,88
1/12/2006,Assam,Bongaigaon,Barpara Office Bldg,Residential and others,5.7,7,NA,81
19/1/2006,Assam,Bongaigaon,Barpara Office Bldg,Residential and others,6.3,7.9,NA,101
24/1/2006,Assam,Bongaigaon,Barpara Office Bldg,Residential and others,6.7,8.3,NA,110
2/2/2006,Assam,Bongaigaon,Barpara Office Bldg,Residential and others,NA,14.1,NA,146
2/8/2006,Assam,Bongaigaon,Barpara Office Bldg,Residential and others,3,20.3,NA,128
2/10/2006,Assam,Bongaigaon,Barpara Office Bldg,Residential and others,2.7,14.2,NA,131
16/2/2006,Assam,Bongaigaon,Barpara Office Bldg,Residential and others,2.7,17.7,NA,141
24/2/2006,Assam,Bongaigaon,Barpara Office Bldg,Residential and others,3,19.7,NA,128
5/2/2006,Assam,Bongaigaon,Barpara Office Bldg,Residential and others,3.2,8.3,NA,50
5/5/2006,Assam,Bongaigaon,Barpara Office Bldg,Residential and others,3.3,8.8,NA,51
5/9/2006,Assam,Bongaigaon,Barpara Office Bldg,Residential and others,3,10,NA,49
15/5/2006,Assam,Bongaigaon,Barpara Office Bldg,Residential and others,3,11.3,NA,42
6/1/2006,Assam,Bongaigaon,Barpara Office Bldg,Residential and others,2.3,8.1,NA,21
6/5/2006,Assam,Bongaigaon,Barpara Office Bldg,Residential and others,3.2,10,NA,32
14/6/2006,Assam,Bongaigaon,Barpara Office Bldg,Residential and others,2.7,6.7,NA,57
20/6/2006,Assam,Bongaigaon,Barpara Office Bldg,Residential and others,3,7,NA,36
18/7/2006,Assam,Bongaigaon,Barpara Office Bldg,Residential and others,3.5,7.9,36,47
21/7/2006,Assam,Bongaigaon,Barpara Office Bldg,Residential and others,3.2,6.8,32,40
24/7/2006,Assam,Bongaigaon,Barpara Office Bldg,Residential and others,3.7,8.4,23,33
27/7/2006,Assam,Bongaigaon,Barpara Office Bldg,Residential and others,3.3,8.8,16,25
8/1/2006,Assam,Bongaigaon,Barpara Office Bldg,Residential and others,3,11.3,14,25
8/4/2006,Assam,Bongaigaon,Barpara Office Bldg,Residential and others,3.5,9.8,22,37
8/7/2006,Assam,Bongaigaon,Barpara Office Bldg,Residential and others,3.7,10.8,28,50
8/10/2006,Assam,Bongaigaon,Barpara Office Bldg,Residential and others,4.3,6.5,17,29
14/8/2006,Assam,Bongaigaon,Barpara Office Bldg,Residential and others,4.5,7.8,16,34
17/8/2006,Assam,Bongaigaon,Barpara Office Bldg,Residential and others,4.3,8.3,15,34
21/8/2006,Assam,Bongaigaon,Barpara Office Bldg,Residential and others,3.7,7.9,17,32
24/8/2006,Assam,Bongaigaon,Barpara Office Bldg,Residential and others,3.5,6.2,39,62
28/8/2006,Assam,Bongaigaon,Barpara Office Bldg,Residential and others,3.5,NA,16,32
31/8/2006,Assam,Bongaigaon,Barpara Office Bldg,Residential and others,3.8,6.3,15,30
9/4/2006,Assam,Bongaigaon,Barpara Office Bldg,Residential and others,2.8,6.5,17,37
9/7/2006,Assam,Bongaigaon,Barpara Office Bldg,Residential and others,4,8.3,14,49
9/11/2006,Assam,Bongaigaon,Barpara Office Bldg,Residential and others,3.7,9,16,34
15/9/2006,Assam,Bongaigaon,Barpara Office Bldg,Residential and others,4.5,6.7,16,37
18/9/2006,Assam,Bongaigaon,Barpara Office Bldg,Residential and others,4.2,10.5,20,39
21/9/2006,Assam,Bongaigaon,Barpara Office Bldg,Residential and others,5,5.3,18,38
25/9/2006,Assam,Bongaigaon,Barpara Office Bldg,Residential and others,3.2,NA,19,29
28/9/2006,Assam,Bongaigaon,Barpara Office Bldg,Residential and others,6.3,5.3,20,32
30/9/2006,Assam,Bongaigaon,Barpara Office Bldg,Residential and others,2.3,NA,19,31
10/3/2006,Assam,Bongaigaon,Barpara Office Bldg,Residential and others,3.2,6.3,18,29
10/7/2006,Assam,Bongaigaon,Barpara Office Bldg,Residential and others,3.5,9.7,20,33
10/9/2006,Assam,Bongaigaon,Barpara Office Bldg,Residential and others,3.2,8.4,26,38
14/10/2006,Assam,Bongaigaon,Barpara Office Bldg,Residential and others,3.2,9.5,23,37
17/10/2006,Assam,Bongaigaon,Barpara Office Bldg,Residential and others,4.3,10.2,29,41
20/10/2006,Assam,Bongaigaon,Barpara Office Bldg,Residential and others,3.5,12.3,48,65
21/10/2006,Assam,Bongaigaon,Barpara Office Bldg,Residential and others,4.2,9.7,29,50
23/10/2006,Assam,Bongaigaon,Barpara Office Bldg,Residential and others,4,9.8,13,27
27/10/2006,Assam,Bongaigaon,Barpara Office Bldg,Residential and others,4,6.8,46,59
30/10/2006,Assam,Bongaigaon,Barpara Office Bldg,Residential and others,3.2,7.8,42,54
11/2/2006,Assam,Bongaigaon,Barpara Office Bldg,Residential and others,3.7,5.4,33,51
11/6/2006,Assam,Bongaigaon,Barpara Office Bldg,Residential and others,2.8,NA,63,81
11/9/2006,Assam,Bongaigaon,Barpara Office Bldg,Residential and others,2.7,NA,50,94
13/11/2006,Assam,Bongaigaon,Barpara Office Bldg,Residential and others,3.8,NA,42,57
16/11/2006,Assam,Bongaigaon,Barpara Office Bldg,Residential and others,3.7,5.4,75,104
20/11/2006,Assam,Bongaigaon,Barpara Office Bldg,Residential and others,2.8,NA,33,53
23/11/2006,Assam,Bongaigaon,Barpara Office Bldg,Residential and others,4.3,8.4,23,45
27/11/2006,Assam,Bongaigaon,Barpara Office Bldg,Residential and others,4.2,6.5,25,43
30/11/2006,Assam,Bongaigaon,Barpara Office Bldg,Residential and others,4.3,7.8,58,82
12/4/2006,Assam,Bongaigaon,Barpara Office Bldg,Residential and others,3.7,8.8,88,125
12/7/2006,Assam,Bongaigaon,Barpara Office Bldg,Residential and others,4.2,10.1,50,79
12/11/2006,Assam,Bongaigaon,Barpara Office Bldg,Residential and others,4.8,10,41,61
14/12/2006,Assam,Bongaigaon,Barpara Office Bldg,Residential and others,4.8,9.3,30,52
18/12/2006,Assam,Bongaigaon,Barpara Office Bldg,Residential and others,5.3,6.6,44,63
21/12/2006,Assam,Bongaigaon,Barpara Office Bldg,Residential and others,NA,8.3,48,71
26/12/2006,Assam,Bongaigaon,Barpara Office Bldg,Residential and others,2.8,9.7,78,104
29/12/2006,Assam,Bongaigaon,Barpara Office Bldg,Residential and others,9.2,8.4,78,103
10/12/2006,Assam,Bongaigaon,Birjhoria Science Co,Residential and others,2.4,5.3,135,197
19/8/2006,Assam,Dibrugarh,Dibrugarh Off. Bldg,Residential and others,8.8,68,11,33
28/8/2006,Assam,Dibrugarh,Dibrugarh Off. Bldg,Residential and others,11.8,54.5,37,69
9/6/2006,Assam,Dibrugarh,Dibrugarh Off. Bldg,Residential and others,5.5,11.8,66,115
9/7/2006,Assam,Dibrugarh,Dibrugarh Off. Bldg,Residential and others,8.3,15.3,34,47
9/12/2006,Assam,Dibrugarh,Dibrugarh Off. Bldg,Residential and others,4.5,14.3,28,41
29/9/2006,Assam,Dibrugarh,Dibrugarh Off. Bldg,Residential and others,10.8,12,22,44
30/9/2006,Assam,Dibrugarh,Dibrugarh Off. Bldg,Residential and others,8.8,7.8,37,68
10/5/2006,Assam,Dibrugarh,Dibrugarh Off. Bldg,Residential and others,8,12,31,42
10/7/2006,Assam,Dibrugarh,Dibrugarh Off. Bldg,Residential and others,7.3,13.8,49,74
10/9/2006,Assam,Dibrugarh,Dibrugarh Off. Bldg,Residential and others,5.5,16.5,26,51
10/12/2006,Assam,Dibrugarh,Dibrugarh Off. Bldg,Residential and others,5.5,13.5,22,73
16/10/2006,Assam,Dibrugarh,Dibrugarh Off. Bldg,Residential and others,6,13,22,55
22/10/2006,Assam,Dibrugarh,Dibrugarh Off. Bldg,Residential and others,7.3,13.3,18,57
23/10/2006,Assam,Dibrugarh,Dibrugarh Off. Bldg,Residential and others,4.8,9.9,73,146
24/10/2006,Assam,Dibrugarh,Dibrugarh Off. Bldg,Residential and others,4.5,10.6,51,144
11/1/2006,Assam,Dibrugarh,Dibrugarh Off. Bldg,Residential and others,6.5,11.5,49,154
11/3/2006,Assam,Dibrugarh,Dibrugarh Off. Bldg,Residential and others,7.8,17.3,63,156
11/6/2006,Assam,Dibrugarh,Dibrugarh Off. Bldg,Residential and others,3.8,12.8,28,89
11/7/2006,Assam,Dibrugarh,Dibrugarh Off. Bldg,Residential and others,5.8,12.8,21,88
14/11/2006,Assam,Dibrugarh,Dibrugarh Off. Bldg,Residential and others,8,14,21,74
15/11/2006,Assam,Dibrugarh,Dibrugarh Off. Bldg,Residential and others,7.3,13,31,68
21/11/2006,Assam,Dibrugarh,Dibrugarh Off. Bldg,Residential and others,3.3,10.4,57,72
22/11/2006,Assam,Dibrugarh,Dibrugarh Off. Bldg,Residential and others,3.5,9.9,33,42
28/11/2006,Assam,Dibrugarh,Dibrugarh Off. Bldg,Residential and others,3,12.8,51,74
29/11/2006,Assam,Dibrugarh,Dibrugarh Off. Bldg,Residential and others,2.8,9.9,22,43
12/6/2006,Assam,Dibrugarh,Dibrugarh Off. Bldg,Residential and others,2.5,5.6,56,100
12/7/2006,Assam,Dibrugarh,Dibrugarh Off. Bldg,Residential and others,3.5,7.5,85,176
13/12/2006,Assam,Dibrugarh,Dibrugarh Off. Bldg,Residential and others,3.3,5.9,73,117
14/12/2006,Assam,Dibrugarh,Dibrugarh Off. Bldg,Residential and others,4.5,10.4,82,179
20/12/2006,Assam,Dibrugarh,Dibrugarh Off. Bldg,Residential and others,4.5,7,97,171
21/12/2006,Assam,Dibrugarh,Dibrugarh Off. Bldg,Residential and others,4.3,13,110,206
27/12/2006,Assam,Dibrugarh,Dibrugarh Off. Bldg,Residential and others,3.8,11.1,100,184
28/12/2006,Assam,Dibrugarh,Dibrugarh Off. Bldg,Residential and others,5.8,9.9,125,177
23/8/2006,Assam,Golaghat,Golaghat Off. Bldg.,Residential and others,8.3,12.1,37,73
24/8/2006,Assam,Golaghat,Golaghat Off. Bldg.,Residential and others,4.5,8.8,23,54
31/8/2006,Assam,Golaghat,Golaghat Off. Bldg.,Residential and others,8.8,7.3,37,60
9/1/2006,Assam,Golaghat,Golaghat Off. Bldg.,Residential and others,11,7.4,29,45
9/7/2006,Assam,Golaghat,Golaghat Off. Bldg.,Residential and others,3.5,5.9,25,60
9/8/2006,Assam,Golaghat,Golaghat Off. Bldg.,Residential and others,NA,9.1,31,71
15/9/2006,Assam,Golaghat,Golaghat Off. Bldg.,Residential and others,5.5,5.6,36,64
16/9/2006,Assam,Golaghat,Golaghat Off. Bldg.,Residential and others,3,8,18,29
21/9/2006,Assam,Golaghat,Golaghat Off. Bldg.,Residential and others,3.8,9.6,20,50
22/9/2006,Assam,Golaghat,Golaghat Off. Bldg.,Residential and others,3,8.3,29,42
26/9/2006,Assam,Golaghat,Golaghat Off. Bldg.,Residential and others,5.3,11.1,51,101
28/9/2006,Assam,Golaghat,Golaghat Off. Bldg.,Residential and others,7,8.8,67,121
10/2/2006,Assam,Golaghat,Golaghat Off. Bldg.,Residential and others,4.8,5.6,74,120
10/5/2006,Assam,Golaghat,Golaghat Off. Bldg.,Residential and others,5,9.6,32,54
10/10/2006,Assam,Golaghat,Golaghat Off. Bldg.,Residential and others,4,10.6,121,155
10/11/2006,Assam,Golaghat,Golaghat Off. Bldg.,Residential and others,3.3,NA,50,63
17/10/2006,Assam,Golaghat,Golaghat Off. Bldg.,Residential and others,4.5,6.6,69,97
20/10/2006,Assam,Golaghat,Golaghat Off. Bldg.,Residential and others,3.3,6.8,71,96
22/10/2006,Assam,Golaghat,Golaghat Off. Bldg.,Residential and others,4.8,5.6,58,96
24/10/2006,Assam,Golaghat,Golaghat Off. Bldg.,Residential and others,3,5.6,72,112
31/10/2006,Assam,Golaghat,Golaghat Off. Bldg.,Residential and others,3.3,6.9,106,146
11/1/2006,Assam,Golaghat,Golaghat Off. Bldg.,Residential and others,4.3,5.6,77,111
11/8/2006,Assam,Golaghat,Golaghat Off. Bldg.,Residential and others,6.3,10.1,55,95
11/10/2006,Assam,Golaghat,Golaghat Off. Bldg.,Residential and others,2.5,5.6,61,85
17/11/2006,Assam,Golaghat,Golaghat Off. Bldg.,Residential and others,3.5,13.4,39,56
18/11/2006,Assam,Golaghat,Golaghat Off. Bldg.,Residential and others,4.5,13,56,85
22/11/2006,Assam,Golaghat,Golaghat Off. Bldg.,Residential and others,2.8,NA,68,90
23/11/2006,Assam,Golaghat,Golaghat Off. Bldg.,Residential and others,3.3,NA,40,75
28/11/2006,Assam,Golaghat,Golaghat Off. Bldg.,Residential and others,3.3,6.4,28,49
30/11/2006,Assam,Golaghat,Golaghat Off. Bldg.,Residential and others,3,5.6,97,117
12/5/2006,Assam,Golaghat,Golaghat Off. Bldg.,Residential and others,4.3,10.5,107,150
12/7/2006,Assam,Golaghat,Golaghat Off. Bldg.,Residential and others,5.3,10.5,138,159
14/12/2006,Assam,Golaghat,Golaghat Off. Bldg.,Residential and others,6.3,12,101,141
15/12/2006,Assam,Golaghat,Golaghat Off. Bldg.,Residential and others,5.8,13.5,171,237
20/12/2006,Assam,Golaghat,Golaghat Off. Bldg.,Residential and others,5.8,11.3,78,102
21/12/2006,Assam,Golaghat,Golaghat Off. Bldg.,Residential and others,4.5,11.8,145,170
29/12/2006,Assam,Golaghat,Golaghat Off. Bldg.,Residential and others,5,8.3,120,147
30/12/2006,Assam,Golaghat,Golaghat Off. Bldg.,Residential and others,3.5,8.9,123,150
1/2/2006,Assam,Guwahati,Fire Brigade Station,Residential and others,7,25,209,374
1/3/2006,Assam,Guwahati,Fire Brigade Station,Residential and others,5,21.8,183,307
1/4/2006,Assam,Guwahati,Fire Brigade Station,Residential and others,9.8,31.5,238,382
1/5/2006,Assam,Guwahati,Fire Brigade Station,Residential and others,7.5,26.8,204,359
1/6/2006,Assam,Guwahati,Fire Brigade Station,Residential and others,3.8,31.5,168,285
1/7/2006,Assam,Guwahati,Fire Brigade Station,Residential and others,5.5,27,220,399
1/9/2006,Assam,Guwahati,Fire Brigade Station,Residential and others,3.3,26.3,266,436
1/10/2006,Assam,Guwahati,Fire Brigade Station,Residential and others,3,28.3,229,336
1/11/2006,Assam,Guwahati,Fire Brigade Station,Residential and others,3.5,24.5,218,318
1/12/2006,Assam,Guwahati,Fire Brigade Station,Residential and others,3.2,21,186,290
13/1/2006,Assam,Guwahati,Fire Brigade Station,Residential and others,2.5,22.4,201,246
14/1/2006,Assam,Guwahati,Fire Brigade Station,Residential and others,8.8,31.8,227,268
16/1/2006,Assam,Guwahati,Fire Brigade Station,Residential and others,6.3,30.3,237,377
17/1/2006,Assam,Guwahati,Fire Brigade Station,Residential and others,4,26,241,366
18/1/2006,Assam,Guwahati,Fire Brigade Station,Residential and others,5.3,25,202,344
19/1/2006,Assam,Guwahati,Fire Brigade Station,Residential and others,4,28.8,243,398
20/1/2006,Assam,Guwahati,Fire Brigade Station,Residential and others,4,23.3,257,377
21/1/2006,Assam,Guwahati,Fire Brigade Station,Residential and others,4.8,31.5,229,372
23/1/2006,Assam,Guwahati,Fire Brigade Station,Residential and others,5.3,39.5,226,459
24/1/2006,Assam,Guwahati,Fire Brigade Station,Residential and others,3.3,35.3,182,316
25/1/2006,Assam,Guwahati,Fire Brigade Station,Residential and others,3.3,34,164,328
26/1/2006,Assam,Guwahati,Fire Brigade Station,Residential and others,8.8,29.5,298,491
27/1/2006,Assam,Guwahati,Fire Brigade Station,Residential and others,NA,NA,52,277
30/1/2006,Assam,Guwahati,Fire Brigade Station,Residential and others,5.5,26.5,192,349
31/1/2006,Assam,Guwahati,Fire Brigade Station,Residential and others,4,32,117,253
2/2/2006,Assam,Guwahati,Fire Brigade Station,Residential and others,5,24.3,174,342
2/3/2006,Assam,Guwahati,Fire Brigade Station,Residential and others,4.8,29.3,238,419
2/4/2006,Assam,Guwahati,Fire Brigade Station,Residential and others,5.3,30.3,190,394
2/6/2006,Assam,Guwahati,Fire Brigade Station,Residential and others,6.3,24,163,376
2/7/2006,Assam,Guwahati,Fire Brigade Station,Residential and others,5,29,136,308
2/8/2006,Assam,Guwahati,Fire Brigade Station,Residential and others,3.3,29,181,341
2/9/2006,Assam,Guwahati,Fire Brigade Station,Residential and others,4.8,32,196,377
2/10/2006,Assam,Guwahati,Fire Brigade Station,Residential and others,7.5,39.5,167,316
2/11/2006,Assam,Guwahati,Fire Brigade Station,Residential and others,7.5,36.5,232,415
16/2/2006,Assam,Guwahati,Fire Brigade Station,Residential and others,6,26.8,160,268
17/2/2006,Assam,Guwahati,Fire Brigade Station,Residential and others,13.8,27.3,171,416
18/2/2006,Assam,Guwahati,Fire Brigade Station,Residential and others,8,29.8,117,247
20/2/2006,Assam,Guwahati,Fire Brigade Station,Residential and others,5.5,27,156,302
21/2/2006,Assam,Guwahati,Fire Brigade Station,Residential and others,3.5,14.8,148,346
22/2/2006,Assam,Guwahati,Fire Brigade Station,Residential and others,3.8,19,90,172
23/2/2006,Assam,Guwahati,Fire Brigade Station,Residential and others,3.8,29.8,111,196
24/2/2006,Assam,Guwahati,Fire Brigade Station,Residential and others,3,30,144,278
25/2/2006,Assam,Guwahati,Fire Brigade Station,Residential and others,3.8,25.3,90,225
27/2/2006,Assam,Guwahati,Fire Brigade Station,Residential and others,4,23,216,449
28/2/2006,Assam,Guwahati,Fire Brigade Station,Residential and others,7,23.8,326,812
3/1/2006,Assam,Guwahati,Fire Brigade Station,Residential and others,3.8,21.5,225,511
3/2/2006,Assam,Guwahati,Fire Brigade Station,Residential and others,3.5,23.5,226,387
3/3/2006,Assam,Guwahati,Fire Brigade Station,Residential and others,3.5,24.5,203,379
3/4/2006,Assam,Guwahati,Fire Brigade Station,Residential and others,4.3,28,193,379
3/6/2006,Assam,Guwahati,Fire Brigade Station,Residential and others,2.5,22.3,258,489
3/7/2006,Assam,Guwahati,Fire Brigade Station,Residential and others,3.8,23.8,197,390
3/8/2006,Assam,Guwahati,Fire Brigade Station,Residential and others,3,21.5,244,402
3/9/2006,Assam,Guwahati,Fire Brigade Station,Residential and others,3.8,31.8,249,404
3/10/2006,Assam,Guwahati,Fire Brigade Station,Residential and others,4.8,25.8,241,458
3/11/2006,Assam,Guwahati,Fire Brigade Station,Residential and others,NA,NA,388,NA
13/3/2006,Assam,Guwahati,Fire Brigade Station,Residential and others,3.8,19.8,164,367
14/3/2006,Assam,Guwahati,Fire Brigade Station,Residential and others,NA,23,244,464
15/3/2006,Assam,Guwahati,Fire Brigade Station,Residential and others,4.5,14.9,197,363
16/3/2006,Assam,Guwahati,Fire Brigade Station,Residential and others,3,16.3,161,255
17/3/2006,Assam,Guwahati,Fire Brigade Station,Residential and others,3.3,23.5,182,347
18/3/2006,Assam,Guwahati,Fire Brigade Station,Residential and others,6.3,14.6,187,277
20/3/2006,Assam,Guwahati,Fire Brigade Station,Residential and others,4.5,19.4,174,267
21/3/2006,Assam,Guwahati,Fire Brigade Station,Residential and others,4.3,32.5,203,334
22/3/2006,Assam,Guwahati,Fire Brigade Station,Residential and others,3.3,21.8,383,798
23/3/2006,Assam,Guwahati,Fire Brigade Station,Residential and others,3.8,23.3,168,367
24/3/2006,Assam,Guwahati,Fire Brigade Station,Residential and others,3,18.8,200,388
25/3/2006,Assam,Guwahati,Fire Brigade Station,Residential and others,4.3,23.3,217,449
27/3/2006,Assam,Guwahati,Fire Brigade Station,Residential and others,3.8,17,170,358
28/3/2006,Assam,Guwahati,Fire Brigade Station,Residential and others,4,31,399,750
29/3/2006,Assam,Guwahati,Fire Brigade Station,Residential and others,3,25,414,954
30/3/2006,Assam,Guwahati,Fire Brigade Station,Residential and others,3.3,35.5,223,430
31/3/2006,Assam,Guwahati,Fire Brigade Station,Residential and others,NA,30.5,301,564
4/1/2006,Assam,Guwahati,Fire Brigade Station,Residential and others,3.8,24.8,280,545
4/3/2006,Assam,Guwahati,Fire Brigade Station,Residential and others,3,15.6,185,267
4/4/2006,Assam,Guwahati,Fire Brigade Station,Residential and others,4.3,19.5,75,167
4/5/2006,Assam,Guwahati,Fire Brigade Station,Residential and others,3.3,25.5,65,146
4/6/2006,Assam,Guwahati,Fire Brigade Station,Residential and others,3.8,22,79,166
4/7/2006,Assam,Guwahati,Fire Brigade Station,Residential and others,5.5,21.5,58,183
4/8/2006,Assam,Guwahati,Fire Brigade Station,Residential and others,3.8,16,82,177
4/10/2006,Assam,Guwahati,Fire Brigade Station,Residential and others,3.3,20.8,88,193
4/11/2006,Assam,Guwahati,Fire Brigade Station,Residential and others,4.3,13.3,110,237
4/12/2006,Assam,Guwahati,Fire Brigade Station,Residential and others,4.8,26,160,237
13/4/2006,Assam,Guwahati,Fire Brigade Station,Residential and others,3.8,20.5,159,313
19/4/2006,Assam,Guwahati,Fire Brigade Station,Residential and others,4,20.1,41,101
20/4/2006,Assam,Guwahati,Fire Brigade Station,Residential and others,8,23.3,51,138
21/4/2006,Assam,Guwahati,Fire Brigade Station,Residential and others,6,20.8,140,183
22/4/2006,Assam,Guwahati,Fire Brigade Station,Residential and others,5,21.5,99,172
24/4/2006,Assam,Guwahati,Fire Brigade Station,Residential and others,4.5,14.5,53,118
25/4/2006,Assam,Guwahati,Fire Brigade Station,Residential and others,5.5,21,58,194
26/4/2006,Assam,Guwahati,Fire Brigade Station,Residential and others,3.3,19.5,49,153
27/4/2006,Assam,Guwahati,Fire Brigade Station,Residential and others,3.3,13.5,45,86
28/4/2006,Assam,Guwahati,Fire Brigade Station,Residential and others,4.3,20,112,190
29/4/2006,Assam,Guwahati,Fire Brigade Station,Residential and others,4.5,22,87,208
5/2/2006,Assam,Guwahati,Fire Brigade Station,Residential and others,4.5,17,95,195
5/3/2006,Assam,Guwahati,Fire Brigade Station,Residential and others,4.5,22.3,60,147
5/4/2006,Assam,Guwahati,Fire Brigade Station,Residential and others,3.8,22.5,66,168
5/5/2006,Assam,Guwahati,Fire Brigade Station,Residential and others,3.5,16,56,141
5/8/2006,Assam,Guwahati,Fire Brigade Station,Residential and others,3.5,26,56,141
5/9/2006,Assam,Guwahati,Fire Brigade Station,Residential and others,3.8,19,97,206
5/10/2006,Assam,Guwahati,Fire Brigade Station,Residential and others,6,20.8,68,170
5/11/2006,Assam,Guwahati,Fire Brigade Station,Residential and others,4.3,21,46,148
5/12/2006,Assam,Guwahati,Fire Brigade Station,Residential and others,4.3,18.5,92,195
13/5/2006,Assam,Guwahati,Fire Brigade Station,Residential and others,6.5,17.8,113,265
15/5/2006,Assam,Guwahati,Fire Brigade Station,Residential and others,3.3,24.3,59,156
16/5/2006,Assam,Guwahati,Fire Brigade Station,Residential and others,NA,21.8,87,209
17/5/2006,Assam,Guwahati,Fire Brigade Station,Residential and others,NA,13.4,75,198
18/5/2006,Assam,Guwahati,Fire Brigade Station,Residential and others,3.8,27.3,83,144
19/5/2006,Assam,Guwahati,Fire Brigade Station,Residential and others,4.8,21,105,223
20/5/2006,Assam,Guwahati,Fire Brigade Station,Residential and others,5.3,19.3,61,150
22/5/2006,Assam,Guwahati,Fire Brigade Station,Residential and others,4,17.3,108,250
23/5/2006,Assam,Guwahati,Fire Brigade Station,Residential and others,5,22.5,196,247
24/5/2006,Assam,Guwahati,Fire Brigade Station,Residential and others,3,16.3,66,142
25/5/2006,Assam,Guwahati,Fire Brigade Station,Residential and others,4.8,22.5,108,211
26/5/2006,Assam,Guwahati,Fire Brigade Station,Residential and others,4.8,19.5,126,195
27/5/2006,Assam,Guwahati,Fire Brigade Station,Residential and others,4.8,24,41,148
29/5/2006,Assam,Guwahati,Fire Brigade Station,Residential and others,4,15,126,249
30/5/2006,Assam,Guwahati,Fire Brigade Station,Residential and others,3.5,20.5,80,161
31/5/2006,Assam,Guwahati,Fire Brigade Station,Residential and others,NA,16.5,111,218
6/1/2006,Assam,Guwahati,Fire Brigade Station,Residential and others,5.5,27.8,61,185
6/2/2006,Assam,Guwahati,Fire Brigade Station,Residential and others,5,19.3,100,234
6/3/2006,Assam,Guwahati,Fire Brigade Station,Residential and others,4,18.3,71,178
6/5/2006,Assam,Guwahati,Fire Brigade Station,Residential and others,3.8,24,56,133
6/6/2006,Assam,Guwahati,Fire Brigade Station,Residential and others,5.5,20,69,139
6/7/2006,Assam,Guwahati,Fire Brigade Station,Residential and others,5.3,16.5,57,109
6/8/2006,Assam,Guwahati,Fire Brigade Station,Residential and others,4.8,13.3,102,151
6/9/2006,Assam,Guwahati,Fire Brigade Station,Residential and others,4.3,16.8,82,190
6/10/2006,Assam,Guwahati,Fire Brigade Station,Residential and others,5.3,18,61,131
13/6/2006,Assam,Guwahati,Fire Brigade Station,Residential and others,5.8,13,46,112
14/6/2006,Assam,Guwahati,Fire Brigade Station,Residential and others,5.3,14,61,142
15/6/2006,Assam,Guwahati,Fire Brigade Station,Residential and others,5.8,13.9,52,115
16/6/2006,Assam,Guwahati,Fire Brigade Station,Residential and others,9,19.5,68,142
17/6/2006,Assam,Guwahati,Fire Brigade Station,Residential and others,7.8,22,34,78
19/6/2006,Assam,Guwahati,Fire Brigade Station,Residential and others,4.8,17.3,66,164
20/6/2006,Assam,Guwahati,Fire Brigade Station,Residential and others,6,17.8,74,141
21/6/2006,Assam,Guwahati,Fire Brigade Station,Residential and others,7.5,13.3,50,97
22/6/2006,Assam,Guwahati,Fire Brigade Station,Residential and others,7,15.8,74,138
23/6/2006,Assam,Guwahati,Fire Brigade Station,Residential and others,6,7.6,75,124
24/6/2006,Assam,Guwahati,Fire Brigade Station,Residential and others,9.3,20.3,78,102
26/6/2006,Assam,Guwahati,Fire Brigade Station,Residential and others,6.5,11.8,56,104
27/6/2006,Assam,Guwahati,Fire Brigade Station,Residential and others,7,15,39,106
28/6/2006,Assam,Guwahati,Fire Brigade Station,Residential and others,6.3,10.1,73,119
29/6/2006,Assam,Guwahati,Fire Brigade Station,Residential and others,5.3,13.9,54,114
30/6/2006,Assam,Guwahati,Fire Brigade Station,Residential and others,7.5,15.8,49,111
7/1/2006,Assam,Guwahati,Fire Brigade Station,Residential and others,5,19.8,45,92
7/3/2006,Assam,Guwahati,Fire Brigade Station,Residential and others,5.5,12.3,39,86
7/4/2006,Assam,Guwahati,Fire Brigade Station,Residential and others,6.8,14.8,36,69
7/5/2006,Assam,Guwahati,Fire Brigade Station,Residential and others,4,10.8,35,79
7/6/2006,Assam,Guwahati,Fire Brigade Station,Residential and others,7,19.3,95,104
7/7/2006,Assam,Guwahati,Fire Brigade Station,Residential and others,6,20.5,47,94
7/8/2006,Assam,Guwahati,Fire Brigade Station,Residential and others,4,8.3,75,158
7/10/2006,Assam,Guwahati,Fire Brigade Station,Residential and others,7.8,13.5,50,131
7/11/2006,Assam,Guwahati,Fire Brigade Station,Residential and others,5.8,11.6,49,93
7/12/2006,Assam,Guwahati,Fire Brigade Station,Residential and others,10,12.8,46,108
13/7/2006,Assam,Guwahati,Fire Brigade Station,Residential and others,8.8,13.8,50,90
15/7/2006,Assam,Guwahati,Fire Brigade Station,Residential and others,6.8,16,46,99
17/7/2006,Assam,Guwahati,Fire Brigade Station,Residential and others,6.7,15.7,24,71
18/7/2006,Assam,Guwahati,Fire Brigade Station,Residential and others,7.3,12.5,47,106
19/7/2006,Assam,Guwahati,Fire Brigade Station,Residential and others,8.5,22,31,65
20/7/2006,Assam,Guwahati,Fire Brigade Station,Residential and others,4,12,46,74
21/7/2006,Assam,Guwahati,Fire Brigade Station,Residential and others,4.5,12.8,30,57
22/7/2006,Assam,Guwahati,Fire Brigade Station,Residential and others,6,9.5,30,59
24/7/2006,Assam,Guwahati,Fire Brigade Station,Residential and others,8.5,13.5,53,93
25/7/2006,Assam,Guwahati,Fire Brigade Station,Residential and others,7.8,16,38,64
26/7/2006,Assam,Guwahati,Fire Brigade Station,Residential and others,10.5,19.3,37,90
27/7/2006,Assam,Guwahati,Fire Brigade Station,Residential and others,11.5,16,36,69
28/7/2006,Assam,Guwahati,Fire Brigade Station,Residential and others,9.8,17.5,57,104
29/7/2006,Assam,Guwahati,Fire Brigade Station,Residential and others,6.5,10.8,50,96
31/7/2006,Assam,Guwahati,Fire Brigade Station,Residential and others,4.5,9.5,28,57
8/1/2006,Assam,Guwahati,Fire Brigade Station,Residential and others,8.8,18,36,56
8/2/2006,Assam,Guwahati,Fire Brigade Station,Residential and others,6,8.9,27,50
8/3/2006,Assam,Guwahati,Fire Brigade Station,Residential and others,10.3,15,42,57
8/4/2006,Assam,Guwahati,Fire Brigade Station,Residential and others,6.8,16.3,44,65
8/5/2006,Assam,Guwahati,Fire Brigade Station,Residential and others,6,12,30,68
8/7/2006,Assam,Guwahati,Fire Brigade Station,Residential and others,5.8,16,50,81
8/8/2006,Assam,Guwahati,Fire Brigade Station,Residential and others,7,12,43,72
8/9/2006,Assam,Guwahati,Fire Brigade Station,Residential and others,8.3,13.8,61,89
8/10/2006,Assam,Guwahati,Fire Brigade Station,Residential and others,6,11.1,59,91
8/11/2006,Assam,Guwahati,Fire Brigade Station,Residential and others,7.8,14.3,50,94
8/12/2006,Assam,Guwahati,Fire Brigade Station,Residential and others,6,15.5,76,109
14/8/2006,Assam,Guwahati,Fire Brigade Station,Residential and others,6.8,14,58,97
16/8/2006,Assam,Guwahati,Fire Brigade Station,Residential and others,6,15.8,40,85
17/8/2006,Assam,Guwahati,Fire Brigade Station,Residential and others,8.8,10.1,43,71
18/8/2006,Assam,Guwahati,Fire Brigade Station,Residential and others,7,12.5,42,106
19/8/2006,Assam,Guwahati,Fire Brigade Station,Residential and others,6.5,9.9,43,82
21/8/2006,Assam,Guwahati,Fire Brigade Station,Residential and others,6.8,13.5,61,113
22/8/2006,Assam,Guwahati,Fire Brigade Station,Residential and others,8.8,13.3,56,109
23/8/2006,Assam,Guwahati,Fire Brigade Station,Residential and others,9,14.3,52,87
24/8/2006,Assam,Guwahati,Fire Brigade Station,Residential and others,6.8,17.3,52,88
26/8/2006,Assam,Guwahati,Fire Brigade Station,Residential and others,5.5,14.5,46,85
28/8/2006,Assam,Guwahati,Fire Brigade Station,Residential and others,5.5,19.5,50,129
29/8/2006,Assam,Guwahati,Fire Brigade Station,Residential and others,4.5,15.3,33,86
30/8/2006,Assam,Guwahati,Fire Brigade Station,Residential and others,3.8,12.5,50,98
31/8/2006,Assam,Guwahati,Fire Brigade Station,Residential and others,4.5,9.6,28,66
9/1/2006,Assam,Guwahati,Fire Brigade Station,Residential and others,4.8,14.3,43,103
9/2/2006,Assam,Guwahati,Fire Brigade Station,Residential and others,10,11.8,63,108
9/4/2006,Assam,Guwahati,Fire Brigade Station,Residential and others,5.8,11.8,56,101
9/5/2006,Assam,Guwahati,Fire Brigade Station,Residential and others,7.5,12.5,59,75
9/6/2006,Assam,Guwahati,Fire Brigade Station,Residential and others,9.3,11,81,107
9/7/2006,Assam,Guwahati,Fire Brigade Station,Residential and others,7,11.5,51,89
9/8/2006,Assam,Guwahati,Fire Brigade Station,Residential and others,6.8,16.3,64,81
9/9/2006,Assam,Guwahati,Fire Brigade Station,Residential and others,5.3,13.5,41,62
9/11/2006,Assam,Guwahati,Fire Brigade Station,Residential and others,7,12.3,54,83
13/9/2006,Assam,Guwahati,Fire Brigade Station,Residential and others,7.5,11.5,67,86
15/9/2006,Assam,Guwahati,Fire Brigade Station,Residential and others,7.5,12,53,86
16/9/2006,Assam,Guwahati,Fire Brigade Station,Residential and others,5.8,18.8,68,120
19/9/2006,Assam,Guwahati,Fire Brigade Station,Residential and others,8,8.3,60,81
20/9/2006,Assam,Guwahati,Fire Brigade Station,Residential and others,8,10,55,98
21/9/2006,Assam,Guwahati,Fire Brigade Station,Residential and others,9.5,13,39,70
22/9/2006,Assam,Guwahati,Fire Brigade Station,Residential and others,9.5,15.5,29,71
23/9/2006,Assam,Guwahati,Fire Brigade Station,Residential and others,5.3,9.8,44,81
25/9/2006,Assam,Guwahati,Fire Brigade Station,Residential and others,NA,14,44,69
26/9/2006,Assam,Guwahati,Fire Brigade Station,Residential and others,6.3,15.9,28,52
27/9/2006,Assam,Guwahati,Fire Brigade Station,Residential and others,8.8,12.1,46,76
28/9/2006,Assam,Guwahati,Fire Brigade Station,Residential and others,8.3,10.1,68,119
30/9/2006,Assam,Guwahati,Fire Brigade Station,Residential and others,10,9.4,52,73
10/3/2006,Assam,Guwahati,Fire Brigade Station,Residential and others,8.8,13.6,92,124
10/4/2006,Assam,Guwahati,Fire Brigade Station,Residential and others,8.5,14.3,112,134
10/5/2006,Assam,Guwahati,Fire Brigade Station,Residential and others,9.5,19.3,23,49
10/7/2006,Assam,Guwahati,Fire Brigade Station,Residential and others,8.8,13.5,29,52
10/9/2006,Assam,Guwahati,Fire Brigade Station,Residential and others,7,9.8,24,47
10/10/2006,Assam,Guwahati,Fire Brigade Station,Residential and others,13.3,17.5,59,82
10/11/2006,Assam,Guwahati,Fire Brigade Station,Residential and others,12.5,9.5,61,75
10/12/2006,Assam,Guwahati,Fire Brigade Station,Residential and others,9.5,13.1,46,93
13/10/2006,Assam,Guwahati,Fire Brigade Station,Residential and others,7.3,19.8,53,107
14/10/2006,Assam,Guwahati,Fire Brigade Station,Residential and others,9.3,21.3,44,116
16/10/2006,Assam,Guwahati,Fire Brigade Station,Residential and others,7.3,17,80,115
17/10/2006,Assam,Guwahati,Fire Brigade Station,Residential and others,8.5,15.5,91,165
18/10/2006,Assam,Guwahati,Fire Brigade Station,Residential and others,9.3,22,93,136
19/10/2006,Assam,Guwahati,Fire Brigade Station,Residential and others,7.5,20.8,63,132
20/10/2006,Assam,Guwahati,Fire Brigade Station,Residential and others,14.8,22.5,60,88
21/10/2006,Assam,Guwahati,Fire Brigade Station,Residential and others,6.5,16.8,109,160
22/10/2006,Assam,Guwahati,Fire Brigade Station,Residential and others,13.5,30,185,252
23/10/2006,Assam,Guwahati,Fire Brigade Station,Residential and others,7.3,17,95,175
24/10/2006,Assam,Guwahati,Fire Brigade Station,Residential and others,8.5,16.3,58,134
25/10/2006,Assam,Guwahati,Fire Brigade Station,Residential and others,9.3,16.3,50,94
26/10/2006,Assam,Guwahati,Fire Brigade Station,Residential and others,10.3,17.3,69,144
27/10/2006,Assam,Guwahati,Fire Brigade Station,Residential and others,10.3,17.3,75,139
28/10/2006,Assam,Guwahati,Fire Brigade Station,Residential and others,7.5,14.8,74,140
30/10/2006,Assam,Guwahati,Fire Brigade Station,Residential and others,11.8,17.5,111,187
31/10/2006,Assam,Guwahati,Fire Brigade Station,Residential and others,8.5,18.3,110,173
11/1/2006,Assam,Guwahati,Fire Brigade Station,Residential and others,7,12,94,186
11/2/2006,Assam,Guwahati,Fire Brigade Station,Residential and others,8,11.8,76,123
11/3/2006,Assam,Guwahati,Fire Brigade Station,Residential and others,8.3,14,86,123
11/4/2006,Assam,Guwahati,Fire Brigade Station,Residential and others,12,20.3,138,190
11/6/2006,Assam,Guwahati,Fire Brigade Station,Residential and others,8.3,18.3,159,234
11/7/2006,Assam,Guwahati,Fire Brigade Station,Residential and others,8.5,12.5,115,168
11/8/2006,Assam,Guwahati,Fire Brigade Station,Residential and others,6.3,19.5,102,180
11/9/2006,Assam,Guwahati,Fire Brigade Station,Residential and others,7.8,15.5,130,150
11/10/2006,Assam,Guwahati,Fire Brigade Station,Residential and others,9.5,19.3,116,153
11/11/2006,Assam,Guwahati,Fire Brigade Station,Residential and others,5,13.5,41,63
13/11/2006,Assam,Guwahati,Fire Brigade Station,Residential and others,10.5,16.3,82,155
14/11/2006,Assam,Guwahati,Fire Brigade Station,Residential and others,9,NA,103,162
15/11/2006,Assam,Guwahati,Fire Brigade Station,Residential and others,7.8,14.5,100,170
16/11/2006,Assam,Guwahati,Fire Brigade Station,Residential and others,8.8,16.8,75,139
17/11/2006,Assam,Guwahati,Fire Brigade Station,Residential and others,11.8,12.5,115,207
18/11/2006,Assam,Guwahati,Fire Brigade Station,Residential and others,7.3,15.3,90,136
20/11/2006,Assam,Guwahati,Fire Brigade Station,Residential and others,7.3,10.8,65,84
21/11/2006,Assam,Guwahati,Fire Brigade Station,Residential and others,7,12.8,85,137
22/11/2006,Assam,Guwahati,Fire Brigade Station,Residential and others,9.3,15.8,106,159
23/11/2006,Assam,Guwahati,Fire Brigade Station,Residential and others,8,15.3,109,174
25/11/2006,Assam,Guwahati,Fire Brigade Station,Residential and others,8.5,15,124,216
27/11/2006,Assam,Guwahati,Fire Brigade Station,Residential and others,10.5,17.3,160,235
28/11/2006,Assam,Guwahati,Fire Brigade Station,Residential and others,10.3,13.9,123,180
29/11/2006,Assam,Guwahati,Fire Brigade Station,Residential and others,7.3,13,139,199
30/11/2006,Assam,Guwahati,Fire Brigade Station,Residential and others,7.5,12.5,162,233
12/1/2006,Assam,Guwahati,Fire Brigade Station,Residential and others,8.3,15.3,161,219
12/2/2006,Assam,Guwahati,Fire Brigade Station,Residential and others,9.5,15.5,141,191
12/4/2006,Assam,Guwahati,Fire Brigade Station,Residential and others,7.8,17,126,206
12/5/2006,Assam,Guwahati,Fire Brigade Station,Residential and others,8,14.5,147,213
12/6/2006,Assam,Guwahati,Fire Brigade Station,Residential and others,9.5,15.8,131,185
12/7/2006,Assam,Guwahati,Fire Brigade Station,Residential and others,11.5,19,148,216
12/8/2006,Assam,Guwahati,Fire Brigade Station,Residential and others,9.3,18.3,181,302
12/9/2006,Assam,Guwahati,Fire Brigade Station,Residential and others,9.3,15,150,240
12/11/2006,Assam,Guwahati,Fire Brigade Station,Residential and others,11.8,16.3,155,222
12/12/2006,Assam,Guwahati,Fire Brigade Station,Residential and others,8.5,16.5,162,225
13/12/2006,Assam,Guwahati,Fire Brigade Station,Residential and others,6.5,13.5,166,214
14/12/2006,Assam,Guwahati,Fire Brigade Station,Residential and others,8.8,13.3,145,185
15/12/2006,Assam,Guwahati,Fire Brigade Station,Residential and others,8.8,16.5,180,261
16/12/2006,Assam,Guwahati,Fire Brigade Station,Residential and others,9.8,17.3,149,210
18/12/2006,Assam,Guwahati,Fire Brigade Station,Residential and others,12.3,17.3,217,280
19/12/2006,Assam,Guwahati,Fire Brigade Station,Residential and others,9.5,14.5,154,256
20/12/2006,Assam,Guwahati,Fire Brigade Station,Residential and others,8.8,17,148,200
21/12/2006,Assam,Guwahati,Fire Brigade Station,Residential and others,8.5,18,150,204
22/12/2006,Assam,Guwahati,Fire Brigade Station,Residential and others,10,17.8,133,218
23/12/2006,Assam,Guwahati,Fire Brigade Station,Residential and others,13,22.8,147,267
26/12/2006,Assam,Guwahati,Fire Brigade Station,Residential and others,13,19.8,156,205
27/12/2006,Assam,Guwahati,Fire Brigade Station,Residential and others,8.8,16.3,187,247
28/12/2006,Assam,Guwahati,Fire Brigade Station,Residential and others,11,18.3,170,234
29/12/2006,Assam,Guwahati,Fire Brigade Station,Residential and others,11,18.8,142,189
30/12/2006,Assam,Guwahati,Fire Brigade Station,Residential and others,10.5,18.5,174,213
25/2/2006,Assam,Guwahati,Gopinath Nagar,Residential and others,3,20.5,89,245
27/2/2006,Assam,Guwahati,Gopinath Nagar,Residential and others,3.8,23,131,248
28/2/2006,Assam,Guwahati,Gopinath Nagar,Residential and others,7.8,16.8,463,728
3/1/2006,Assam,Guwahati,Gopinath Nagar,Residential and others,4,17.5,200,495
3/2/2006,Assam,Guwahati,Gopinath Nagar,Residential and others,2.5,16.3,151,350
3/3/2006,Assam,Guwahati,Gopinath Nagar,Residential and others,3.3,21.3,148,267
3/4/2006,Assam,Guwahati,Gopinath Nagar,Residential and others,4.5,14.1,142,327
3/6/2006,Assam,Guwahati,Gopinath Nagar,Residential and others,NA,18,111,254
3/7/2006,Assam,Guwahati,Gopinath Nagar,Residential and others,3,19,173,324
3/8/2006,Assam,Guwahati,Gopinath Nagar,Residential and others,2.5,17.5,199,357
3/9/2006,Assam,Guwahati,Gopinath Nagar,Residential and others,3.3,20.5,197,358
3/10/2006,Assam,Guwahati,Gopinath Nagar,Residential and others,4,17,156,310
3/11/2006,Assam,Guwahati,Gopinath Nagar,Residential and others,4,16.5,171,392
13/3/2006,Assam,Guwahati,Gopinath Nagar,Residential and others,3,16.5,85,220
14/3/2006,Assam,Guwahati,Gopinath Nagar,Residential and others,4.3,13.3,83,173
15/3/2006,Assam,Guwahati,Gopinath Nagar,Residential and others,3,13.4,102,202
16/3/2006,Assam,Guwahati,Gopinath Nagar,Residential and others,2.8,10.6,114,181
17/3/2006,Assam,Guwahati,Gopinath Nagar,Residential and others,NA,15.8,98,233
18/3/2006,Assam,Guwahati,Gopinath Nagar,Residential and others,4.3,13.1,122,241
20/3/2006,Assam,Guwahati,Gopinath Nagar,Residential and others,4,14,181,346
21/3/2006,Assam,Guwahati,Gopinath Nagar,Residential and others,3.5,20.8,193,341
22/3/2006,Assam,Guwahati,Gopinath Nagar,Residential and others,NA,13.5,447,1049
23/3/2006,Assam,Guwahati,Gopinath Nagar,Residential and others,3,15,199,399
24/3/2006,Assam,Guwahati,Gopinath Nagar,Residential and others,3.5,10.9,182,402
25/3/2006,Assam,Guwahati,Gopinath Nagar,Residential and others,3,14.5,217,472
27/3/2006,Assam,Guwahati,Gopinath Nagar,Residential and others,3,15.3,200,472
28/3/2006,Assam,Guwahati,Gopinath Nagar,Residential and others,3.8,18.3,370,886
29/3/2006,Assam,Guwahati,Gopinath Nagar,Residential and others,3.8,18.3,462,NA
30/3/2006,Assam,Guwahati,Gopinath Nagar,Residential and others,2.5,29.5,191,393
31/3/2006,Assam,Guwahati,Gopinath Nagar,Residential and others,NA,18,350,670
4/1/2006,Assam,Guwahati,Gopinath Nagar,Residential and others,3,15,227,529
4/3/2006,Assam,Guwahati,Gopinath Nagar,Residential and others,NA,10.9,64,155
4/4/2006,Assam,Guwahati,Gopinath Nagar,Residential and others,3.3,15,56,128
4/5/2006,Assam,Guwahati,Gopinath Nagar,Residential and others,3.8,16.5,50,134
4/6/2006,Assam,Guwahati,Gopinath Nagar,Residential and others,3,13.4,38,118
4/7/2006,Assam,Guwahati,Gopinath Nagar,Residential and others,5,17.8,57,146
4/8/2006,Assam,Guwahati,Gopinath Nagar,Residential and others,3.8,14.3,59,170
4/10/2006,Assam,Guwahati,Gopinath Nagar,Residential and others,3.3,12.4,54,118
4/11/2006,Assam,Guwahati,Gopinath Nagar,Residential and others,4.5,13.3,60,127
4/12/2006,Assam,Guwahati,Gopinath Nagar,Residential and others,3.8,15.8,78,223
13/4/2006,Assam,Guwahati,Gopinath Nagar,Residential and others,2.5,12.5,73,223
17/4/2006,Assam,Guwahati,Gopinath Nagar,Residential and others,3.8,16,76,164
18/4/2006,Assam,Guwahati,Gopinath Nagar,Residential and others,NA,12.4,44,67
19/4/2006,Assam,Guwahati,Gopinath Nagar,Residential and others,3.5,14,32,58
20/4/2006,Assam,Guwahati,Gopinath Nagar,Residential and others,11.8,17,38,68
21/4/2006,Assam,Guwahati,Gopinath Nagar,Residential and others,5.8,14.8,64,104
22/4/2006,Assam,Guwahati,Gopinath Nagar,Residential and others,4,14.3,68,137
24/4/2006,Assam,Guwahati,Gopinath Nagar,Residential and others,3.3,14,71,181
25/4/2006,Assam,Guwahati,Gopinath Nagar,Residential and others,3.3,13,48,135
26/4/2006,Assam,Guwahati,Gopinath Nagar,Residential and others,NA,10.5,45,164
27/4/2006,Assam,Guwahati,Gopinath Nagar,Residential and others,3.5,8,44,83
28/4/2006,Assam,Guwahati,Gopinath Nagar,Residential and others,3.3,8.8,66,129
29/4/2006,Assam,Guwahati,Gopinath Nagar,Residential and others,2.5,13.3,50,174
5/1/2006,Assam,Guwahati,Gopinath Nagar,Residential and others,NA,11.1,66,168
5/2/2006,Assam,Guwahati,Gopinath Nagar,Residential and others,3.3,11.9,37,75
5/3/2006,Assam,Guwahati,Gopinath Nagar,Residential and others,3,14.3,39,97
5/4/2006,Assam,Guwahati,Gopinath Nagar,Residential and others,2.5,11.4,41,102
5/5/2006,Assam,Guwahati,Gopinath Nagar,Residential and others,3.3,9.1,36,80
5/6/2006,Assam,Guwahati,Gopinath Nagar,Residential and others,4.5,14.3,38,115
5/8/2006,Assam,Guwahati,Gopinath Nagar,Residential and others,2.5,23.5,65,123
5/9/2006,Assam,Guwahati,Gopinath Nagar,Residential and others,2.8,9.6,53,101
5/10/2006,Assam,Guwahati,Gopinath Nagar,Residential and others,4.8,10.9,42,91
5/11/2006,Assam,Guwahati,Gopinath Nagar,Residential and others,3.8,11.1,46,99
5/12/2006,Assam,Guwahati,Gopinath Nagar,Residential and others,3.3,13,36,82
13/5/2006,Assam,Guwahati,Gopinath Nagar,Residential and others,4.5,10.1,35,84
15/5/2006,Assam,Guwahati,Gopinath Nagar,Residential and others,3.5,11.8,50,106
16/5/2006,Assam,Guwahati,Gopinath Nagar,Residential and others,NA,11.6,51,123
17/5/2006,Assam,Guwahati,Gopinath Nagar,Residential and others,NA,15,46,106
18/5/2006,Assam,Guwahati,Gopinath Nagar,Residential and others,2.5,20.5,33,72
19/5/2006,Assam,Guwahati,Gopinath Nagar,Residential and others,3.3,13.8,37,101
20/5/2006,Assam,Guwahati,Gopinath Nagar,Residential and others,4.3,14.3,65,130
22/5/2006,Assam,Guwahati,Gopinath Nagar,Residential and others,3,12,61,149
23/5/2006,Assam,Guwahati,Gopinath Nagar,Residential and others,4,14,48,141
24/5/2006,Assam,Guwahati,Gopinath Nagar,Residential and others,2.5,11,41,86
25/5/2006,Assam,Guwahati,Gopinath Nagar,Residential and others,3.3,15.3,46,111
26/5/2006,Assam,Guwahati,Gopinath Nagar,Residential and others,4.5,9.9,40,84
29/5/2006,Assam,Guwahati,Gopinath Nagar,Residential and others,3.8,11.1,65,166
30/5/2006,Assam,Guwahati,Gopinath Nagar,Residential and others,3,13.3,52,92
31/5/2006,Assam,Guwahati,Gopinath Nagar,Residential and others,NA,14,60,144
6/1/2006,Assam,Guwahati,Gopinath Nagar,Residential and others,3.3,15.5,52,147
6/2/2006,Assam,Guwahati,Gopinath Nagar,Residential and others,3.8,14.8,78,111
6/3/2006,Assam,Guwahati,Gopinath Nagar,Residential and others,NA,12.8,52,119
6/5/2006,Assam,Guwahati,Gopinath Nagar,Residential and others,3.8,12.5,34,77
6/6/2006,Assam,Guwahati,Gopinath Nagar,Residential and others,6.5,14,45,132
6/7/2006,Assam,Guwahati,Gopinath Nagar,Residential and others,4.3,14.3,32,95
6/8/2006,Assam,Guwahati,Gopinath Nagar,Residential and others,3.8,14.1,40,110
6/9/2006,Assam,Guwahati,Gopinath Nagar,Residential and others,3.3,13.5,45,98
13/6/2006,Assam,Guwahati,Gopinath Nagar,Residential and others,5.3,13.5,50,72
14/6/2006,Assam,Guwahati,Gopinath Nagar,Residential and others,3.3,10.9,35,90
15/6/2006,Assam,Guwahati,Gopinath Nagar,Residential and others,4.3,10.9,35,83
16/6/2006,Assam,Guwahati,Gopinath Nagar,Residential and others,7.8,13.8,27,64
17/6/2006,Assam,Guwahati,Gopinath Nagar,Residential and others,NA,16.8,39,77
19/6/2006,Assam,Guwahati,Gopinath Nagar,Residential and others,3.8,15,59,110
20/6/2006,Assam,Guwahati,Gopinath Nagar,Residential and others,6.8,11.3,62,112
21/6/2006,Assam,Guwahati,Gopinath Nagar,Residential and others,4.5,10.1,38,69
22/6/2006,Assam,Guwahati,Gopinath Nagar,Residential and others,2.5,12.3,32,63
23/6/2006,Assam,Guwahati,Gopinath Nagar,Residential and others,8.5,8,41,58
26/6/2006,Assam,Guwahati,Gopinath Nagar,Residential and others,4.3,11.6,31,42
27/6/2006,Assam,Guwahati,Gopinath Nagar,Residential and others,4.8,11.8,42,65
28/6/2006,Assam,Guwahati,Gopinath Nagar,Residential and others,5.3,11,45,62
29/6/2006,Assam,Guwahati,Gopinath Nagar,Residential and others,3.3,15.5,38,60
30/6/2006,Assam,Guwahati,Gopinath Nagar,Residential and others,5.5,10.5,30,81
7/1/2006,Assam,Guwahati,Gopinath Nagar,Residential and others,3.3,10.6,40,132
7/3/2006,Assam,Guwahati,Gopinath Nagar,Residential and others,7,15.5,46,94
7/4/2006,Assam,Guwahati,Gopinath Nagar,Residential and others,5.8,12.5,20,67
7/5/2006,Assam,Guwahati,Gopinath Nagar,Residential and others,4.5,9.9,35,86
7/6/2006,Assam,Guwahati,Gopinath Nagar,Residential and others,6.3,16.5,45,77
7/7/2006,Assam,Guwahati,Gopinath Nagar,Residential and others,4,17,27,72
7/8/2006,Assam,Guwahati,Gopinath Nagar,Residential and others,2.5,9,54,78
7/10/2006,Assam,Guwahati,Gopinath Nagar,Residential and others,7,15.3,34,85
7/11/2006,Assam,Guwahati,Gopinath Nagar,Residential and others,5.3,9.4,27,59
7/12/2006,Assam,Guwahati,Gopinath Nagar,Residential and others,6,13,38,88
13/7/2006,Assam,Guwahati,Gopinath Nagar,Residential and others,5.5,11.3,22,54
15/7/2006,Assam,Guwahati,Gopinath Nagar,Residential and others,6.3,10.8,40,72
17/7/2006,Assam,Guwahati,Gopinath Nagar,Residential and others,6.3,11.1,35,81
18/7/2006,Assam,Guwahati,Gopinath Nagar,Residential and others,5,11.1,51,141
19/7/2006,Assam,Guwahati,Gopinath Nagar,Residential and others,6.3,12,28,62
20/7/2006,Assam,Guwahati,Gopinath Nagar,Residential and others,3,10.6,26,46
21/7/2006,Assam,Guwahati,Gopinath Nagar,Residential and others,5,14.8,43,66
22/7/2006,Assam,Guwahati,Gopinath Nagar,Residential and others,3,5.6,30,52
24/7/2006,Assam,Guwahati,Gopinath Nagar,Residential and others,9.3,12.3,42,76
25/7/2006,Assam,Guwahati,Gopinath Nagar,Residential and others,7.5,14.8,32,55
26/7/2006,Assam,Guwahati,Gopinath Nagar,Residential and others,6,19.3,40,71
27/7/2006,Assam,Guwahati,Gopinath Nagar,Residential and others,5,15,29,50
28/7/2006,Assam,Guwahati,Gopinath Nagar,Residential and others,5.5,10.6,29,57
29/7/2006,Assam,Guwahati,Gopinath Nagar,Residential and others,7.8,11.1,31,60
31/7/2006,Assam,Guwahati,Gopinath Nagar,Residential and others,7.3,10.9,29,64
8/1/2006,Assam,Guwahati,Gopinath Nagar,Residential and others,5.3,10.1,32,53
8/2/2006,Assam,Guwahati,Gopinath Nagar,Residential and others,3.5,9.3,19,37
8/3/2006,Assam,Guwahati,Gopinath Nagar,Residential and others,10.3,16,34,47
8/4/2006,Assam,Guwahati,Gopinath Nagar,Residential and others,4.5,10.4,28,52
8/5/2006,Assam,Guwahati,Gopinath Nagar,Residential and others,3.8,9.9,22,41
8/7/2006,Assam,Guwahati,Gopinath Nagar,Residential and others,7,11.1,31,50
8/8/2006,Assam,Guwahati,Gopinath Nagar,Residential and others,5.5,8.3,32,50
8/9/2006,Assam,Guwahati,Gopinath Nagar,Residential and others,6.3,13.5,42,65
8/10/2006,Assam,Guwahati,Gopinath Nagar,Residential and others,4.8,9.9,38,74
8/11/2006,Assam,Guwahati,Gopinath Nagar,Residential and others,5.3,9.4,34,67
8/12/2006,Assam,Guwahati,Gopinath Nagar,Residential and others,3,8.3,45,97
14/8/2006,Assam,Guwahati,Gopinath Nagar,Residential and others,6,11.8,53,161
16/8/2006,Assam,Guwahati,Gopinath Nagar,Residential and others,4.8,12.8,36,84
17/8/2006,Assam,Guwahati,Gopinath Nagar,Residential and others,9.8,8,28,43
18/8/2006,Assam,Guwahati,Gopinath Nagar,Residential and others,3.8,10.4,37,64
19/8/2006,Assam,Guwahati,Gopinath Nagar,Residential and others,3.5,8.5,31,59
21/8/2006,Assam,Guwahati,Gopinath Nagar,Residential and others,3.8,10.4,79,237
22/8/2006,Assam,Guwahati,Gopinath Nagar,Residential and others,4.5,9.4,44,102
23/8/2006,Assam,Guwahati,Gopinath Nagar,Residential and others,7,11.5,40,71
24/8/2006,Assam,Guwahati,Gopinath Nagar,Residential and others,5,12.8,24,47
26/8/2006,Assam,Guwahati,Gopinath Nagar,Residential and others,4,8.5,23,48
28/8/2006,Assam,Guwahati,Gopinath Nagar,Residential and others,5.3,9.6,35,115
29/8/2006,Assam,Guwahati,Gopinath Nagar,Residential and others,3.5,12,27,62
30/8/2006,Assam,Guwahati,Gopinath Nagar,Residential and others,4.3,8.6,42,74
31/8/2006,Assam,Guwahati,Gopinath Nagar,Residential and others,4.5,9.6,28,66
9/1/2006,Assam,Guwahati,Gopinath Nagar,Residential and others,4.8,9.6,36,75
9/2/2006,Assam,Guwahati,Gopinath Nagar,Residential and others,6,7.8,25,70
9/4/2006,Assam,Guwahati,Gopinath Nagar,Residential and others,4.8,8.9,34,66
9/5/2006,Assam,Guwahati,Gopinath Nagar,Residential and others,6.5,6.9,25,41
9/6/2006,Assam,Guwahati,Gopinath Nagar,Residential and others,6,8.6,43,80
9/7/2006,Assam,Guwahati,Gopinath Nagar,Residential and others,4.3,8.9,33,75
9/8/2006,Assam,Guwahati,Gopinath Nagar,Residential and others,5.3,8.4,42,66
9/9/2006,Assam,Guwahati,Gopinath Nagar,Residential and others,4.3,8.3,43,75
9/11/2006,Assam,Guwahati,Gopinath Nagar,Residential and others,7.3,11.4,33,60
13/9/2006,Assam,Guwahati,Gopinath Nagar,Residential and others,5.3,11.4,35,55
15/9/2006,Assam,Guwahati,Gopinath Nagar,Residential and others,5.8,9.4,56,116
16/9/2006,Assam,Guwahati,Gopinath Nagar,Residential and others,5,12.5,35,63
18/9/2006,Assam,Guwahati,Gopinath Nagar,Residential and others,4,9.6,61,98
19/9/2006,Assam,Guwahati,Gopinath Nagar,Residential and others,5.8,7.3,41,98
20/9/2006,Assam,Guwahati,Gopinath Nagar,Residential and others,8,9.6,44,100
21/9/2006,Assam,Guwahati,Gopinath Nagar,Residential and others,6.5,11.5,33,49
22/9/2006,Assam,Guwahati,Gopinath Nagar,Residential and others,7.8,15.8,24,60
23/9/2006,Assam,Guwahati,Gopinath Nagar,Residential and others,4.5,10.5,16,29
25/9/2006,Assam,Guwahati,Gopinath Nagar,Residential and others,NA,16.8,28,43
26/9/2006,Assam,Guwahati,Gopinath Nagar,Residential and others,6,14.5,23,43
27/9/2006,Assam,Guwahati,Gopinath Nagar,Residential and others,5.3,10.6,50,71
28/9/2006,Assam,Guwahati,Gopinath Nagar,Residential and others,4.3,6.8,25,61
10/3/2006,Assam,Guwahati,Gopinath Nagar,Residential and others,8.3,17,89,126
10/4/2006,Assam,Guwahati,Gopinath Nagar,Residential and others,5.8,9.3,89,120
10/5/2006,Assam,Guwahati,Gopinath Nagar,Residential and others,5.3,11.8,23,46
10/7/2006,Assam,Guwahati,Gopinath Nagar,Residential and others,8,9.6,23,42
10/9/2006,Assam,Guwahati,Gopinath Nagar,Residential and others,9.8,12.1,22,42
10/10/2006,Assam,Guwahati,Gopinath Nagar,Residential and others,7.5,12.5,69,91
10/11/2006,Assam,Guwahati,Gopinath Nagar,Residential and others,8.3,9,73,98
10/12/2006,Assam,Guwahati,Gopinath Nagar,Residential and others,9.3,11.6,66,111
13/10/2006,Assam,Guwahati,Gopinath Nagar,Residential and others,9.5,16.8,88,121
14/10/2006,Assam,Guwahati,Gopinath Nagar,Residential and others,5.8,11,53,88
16/10/2006,Assam,Guwahati,Gopinath Nagar,Residential and others,4.3,11.9,113,140
17/10/2006,Assam,Guwahati,Gopinath Nagar,Residential and others,6,13.8,97,135
18/10/2006,Assam,Guwahati,Gopinath Nagar,Residential and others,9.5,17.8,119,155
19/10/2006,Assam,Guwahati,Gopinath Nagar,Residential and others,7.8,16,50,86
20/10/2006,Assam,Guwahati,Gopinath Nagar,Residential and others,13,24.3,55,81
21/10/2006,Assam,Guwahati,Gopinath Nagar,Residential and others,5.8,19.5,96,136
22/10/2006,Assam,Guwahati,Gopinath Nagar,Residential and others,9,24,128,177
23/10/2006,Assam,Guwahati,Gopinath Nagar,Residential and others,6.8,18,75,161
24/10/2006,Assam,Guwahati,Gopinath Nagar,Residential and others,5.5,15.3,62,116
25/10/2006,Assam,Guwahati,Gopinath Nagar,Residential and others,6.3,13.3,77,137
26/10/2006,Assam,Guwahati,Gopinath Nagar,Residential and others,6.5,13.8,90,174
27/10/2006,Assam,Guwahati,Gopinath Nagar,Residential and others,6.3,13.5,95,177
28/10/2006,Assam,Guwahati,Gopinath Nagar,Residential and others,5.5,15.8,94,154
30/10/2006,Assam,Guwahati,Gopinath Nagar,Residential and others,6.8,19,88,167
31/10/2006,Assam,Guwahati,Gopinath Nagar,Residential and others,6.3,15.8,125,212
11/1/2006,Assam,Guwahati,Gopinath Nagar,Residential and others,5.8,11.8,108,196
11/2/2006,Assam,Guwahati,Gopinath Nagar,Residential and others,9.5,13.3,119,168
11/3/2006,Assam,Guwahati,Gopinath Nagar,Residential and others,11.3,17.3,109,142
11/4/2006,Assam,Guwahati,Gopinath Nagar,Residential and others,11.3,17.8,110,154
11/6/2006,Assam,Guwahati,Gopinath Nagar,Residential and others,7.5,16.8,115,192
11/7/2006,Assam,Guwahati,Gopinath Nagar,Residential and others,7.3,13.3,124,197
11/8/2006,Assam,Guwahati,Gopinath Nagar,Residential and others,9,20,112,182
11/9/2006,Assam,Guwahati,Gopinath Nagar,Residential and others,9.3,15.3,96,118
11/10/2006,Assam,Guwahati,Gopinath Nagar,Residential and others,12,19.3,95,141
11/11/2006,Assam,Guwahati,Gopinath Nagar,Residential and others,3.8,13,39,62
13/11/2006,Assam,Guwahati,Gopinath Nagar,Residential and others,8,12.6,69,108
14/11/2006,Assam,Guwahati,Gopinath Nagar,Residential and others,4,9.8,116,177
15/11/2006,Assam,Guwahati,Gopinath Nagar,Residential and others,5.5,15.3,96,164
16/11/2006,Assam,Guwahati,Gopinath Nagar,Residential and others,7.8,16.8,68,104
17/11/2006,Assam,Guwahati,Gopinath Nagar,Residential and others,10.3,17.8,94,133
18/11/2006,Assam,Guwahati,Gopinath Nagar,Residential and others,7,17.5,92,151
20/11/2006,Assam,Guwahati,Gopinath Nagar,Residential and others,6.3,11.3,58,101
21/11/2006,Assam,Guwahati,Gopinath Nagar,Residential and others,11,13,96,150
22/11/2006,Assam,Guwahati,Gopinath Nagar,Residential and others,9.8,17,135,170
23/11/2006,Assam,Guwahati,Gopinath Nagar,Residential and others,8.5,17.3,134,204
24/11/2006,Assam,Guwahati,Gopinath Nagar,Residential and others,8.3,20,141,198
25/11/2006,Assam,Guwahati,Gopinath Nagar,Residential and others,6.5,14.5,118,170
27/11/2006,Assam,Guwahati,Gopinath Nagar,Residential and others,10.5,17,150,219
28/11/2006,Assam,Guwahati,Gopinath Nagar,Residential and others,9.8,14.3,122,163
29/11/2006,Assam,Guwahati,Gopinath Nagar,Residential and others,8.5,17.5,125,213
30/11/2006,Assam,Guwahati,Gopinath Nagar,Residential and others,10,15.8,142,195
12/1/2006,Assam,Guwahati,Gopinath Nagar,Residential and others,7.3,16.3,160,235
12/2/2006,Assam,Guwahati,Gopinath Nagar,Residential and others,10.5,16.8,170,244
12/4/2006,Assam,Guwahati,Gopinath Nagar,Residential and others,7.5,18.3,153,244
12/5/2006,Assam,Guwahati,Gopinath Nagar,Residential and others,10.5,20.5,168,211
12/6/2006,Assam,Guwahati,Gopinath Nagar,Residential and others,10,16.8,153,215
12/7/2006,Assam,Guwahati,Gopinath Nagar,Residential and others,11.8,18,159,200
12/8/2006,Assam,Guwahati,Gopinath Nagar,Residential and others,9.3,18,171,228
12/9/2006,Assam,Guwahati,Gopinath Nagar,Residential and others,13.3,18,162,214
12/11/2006,Assam,Guwahati,Gopinath Nagar,Residential and others,11.3,21.8,186,286
12/12/2006,Assam,Guwahati,Gopinath Nagar,Residential and others,9.3,19.3,124,173
13/12/2006,Assam,Guwahati,Gopinath Nagar,Residential and others,10.5,16.5,169,218
14/12/2006,Assam,Guwahati,Gopinath Nagar,Residential and others,9.8,11.8,172,213
15/12/2006,Assam,Guwahati,Gopinath Nagar,Residential and others,12,15.5,165,225
16/12/2006,Assam,Guwahati,Gopinath Nagar,Residential and others,9.5,16,182,262
18/12/2006,Assam,Guwahati,Gopinath Nagar,Residential and others,12,19.5,215,283
19/12/2006,Assam,Guwahati,Gopinath Nagar,Residential and others,9.8,21.3,190,267
20/12/2006,Assam,Guwahati,Gopinath Nagar,Residential and others,10.3,19.5,187,242
21/12/2006,Assam,Guwahati,Gopinath Nagar,Residential and others,10,24.5,175,225
22/12/2006,Assam,Guwahati,Gopinath Nagar,Residential and others,11.8,20.3,157,211
23/12/2006,Assam,Guwahati,Gopinath Nagar,Residential and others,11.8,17,177,230
25/12/2006,Assam,Guwahati,Gopinath Nagar,Residential and others,11,21.3,179,233
26/12/2006,Assam,Guwahati,Gopinath Nagar,Residential and others,15,22.5,218,308
27/12/2006,Assam,Guwahati,Gopinath Nagar,Residential and others,9.8,16.5,167,235
28/12/2006,Assam,Guwahati,Gopinath Nagar,Residential and others,9.5,21.5,171,216
29/12/2006,Assam,Guwahati,Gopinath Nagar,Residential and others,11,20.3,200,241
30/12/2006,Assam,Guwahati,Gopinath Nagar,Residential and others,11.5,21.3,199,232
1/2/2006,Assam,Guwahati,Head Office,Residential and others,5,20.8,139,227
1/3/2006,Assam,Guwahati,Head Office,Residential and others,3.5,16.8,139,238
1/4/2006,Assam,Guwahati,Head Office,Residential and others,19.5,40.3,143,238
1/5/2006,Assam,Guwahati,Head Office,Residential and others,9.3,32.3,144,269
1/6/2006,Assam,Guwahati,Head Office,Residential and others,7.8,29,172,324
1/7/2006,Assam,Guwahati,Head Office,Residential and others,10.5,20.5,171,343
1/9/2006,Assam,Guwahati,Head Office,Residential and others,NA,21.9,268,333
1/10/2006,Assam,Guwahati,Head Office,Residential and others,3,18.4,154,279
1/11/2006,Assam,Guwahati,Head Office,Residential and others,3,28,264,359
1/12/2006,Assam,Guwahati,Head Office,Residential and others,4.8,32.3,198,258
13/1/2006,Assam,Guwahati,Head Office,Residential and others,NA,32.8,258,310
14/1/2006,Assam,Guwahati,Head Office,Residential and others,4.8,33,313,350
16/1/2006,Assam,Guwahati,Head Office,Residential and others,4.5,29.8,286,373
17/1/2006,Assam,Guwahati,Head Office,Residential and others,2.8,31.8,269,372
18/1/2006,Assam,Guwahati,Head Office,Residential and others,2.5,32.8,268,404
19/1/2006,Assam,Guwahati,Head Office,Residential and others,3,28.5,246,409
20/1/2006,Assam,Guwahati,Head Office,Residential and others,3.8,30.5,NA,NA
21/1/2006,Assam,Guwahati,Head Office,Residential and others,4.3,45.3,219,387
23/1/2006,Assam,Guwahati,Head Office,Residential and others,4.3,26.4,245,420
24/1/2006,Assam,Guwahati,Head Office,Residential and others,3,36.8,220,385
25/1/2006,Assam,Guwahati,Head Office,Residential and others,3.5,33.5,263,499
26/1/2006,Assam,Guwahati,Head Office,Residential and others,3.8,34.8,264,626
27/1/2006,Assam,Guwahati,Head Office,Residential and others,4,44.8,199,352
28/1/2006,Assam,Guwahati,Head Office,Residential and others,5.5,43.3,237,427
30/1/2006,Assam,Guwahati,Head Office,Residential and others,4.3,26.3,202,387
31/1/2006,Assam,Guwahati,Head Office,Residential and others,3.8,27.8,232,393
2/2/2006,Assam,Guwahati,Head Office,Residential and others,4,24,219,392
2/3/2006,Assam,Guwahati,Head Office,Residential and others,6.3,35,257,497
2/4/2006,Assam,Guwahati,Head Office,Residential and others,6,34.5,225,457
2/5/2006,Assam,Guwahati,Head Office,Residential and others,6,26.5,209,428
2/7/2006,Assam,Guwahati,Head Office,Residential and others,4.8,25,191,393
2/8/2006,Assam,Guwahati,Head Office,Residential and others,4,25.3,209,398
2/9/2006,Assam,Guwahati,Head Office,Residential and others,3.8,26.5,236,442
2/10/2006,Assam,Guwahati,Head Office,Residential and others,6,39.3,239,422
2/11/2006,Assam,Guwahati,Head Office,Residential and others,6,31.8,195,435
15/2/2006,Assam,Guwahati,Head Office,Residential and others,6,28,139,274
17/2/2006,Assam,Guwahati,Head Office,Residential and others,8,31.5,204,449
18/2/2006,Assam,Guwahati,Head Office,Residential and others,4.5,28,92,272
19/2/2006,Assam,Guwahati,Head Office,Residential and others,5.3,26.3,169,296
20/2/2006,Assam,Guwahati,Head Office,Residential and others,NA,NA,247,396
21/2/2006,Assam,Guwahati,Head Office,Residential and others,NA,17,234,374
22/2/2006,Assam,Guwahati,Head Office,Residential and others,NA,NA,109,264
23/2/2006,Assam,Guwahati,Head Office,Residential and others,3,23.3,156,278
24/2/2006,Assam,Guwahati,Head Office,Residential and others,2.5,18.5,215,350
25/2/2006,Assam,Guwahati,Head Office,Residential and others,3.5,24.3,223,356
27/2/2006,Assam,Guwahati,Head Office,Residential and others,4,26,248,343
28/2/2006,Assam,Guwahati,Head Office,Residential and others,6.3,24.3,502,864
3/1/2006,Assam,Guwahati,Head Office,Residential and others,3.3,24.5,275,490
3/2/2006,Assam,Guwahati,Head Office,Residential and others,5,32.5,225,425
3/3/2006,Assam,Guwahati,Head Office,Residential and others,3.8,27,187,374
3/4/2006,Assam,Guwahati,Head Office,Residential and others,4,26.8,205,381
3/6/2006,Assam,Guwahati,Head Office,Residential and others,2.5,23.5,203,354
3/7/2006,Assam,Guwahati,Head Office,Residential and others,3.3,25.3,193,399
3/8/2006,Assam,Guwahati,Head Office,Residential and others,5,23,186,380
3/9/2006,Assam,Guwahati,Head Office,Residential and others,4.8,33,215,344
3/10/2006,Assam,Guwahati,Head Office,Residential and others,6.5,39.8,192,342
3/11/2006,Assam,Guwahati,Head Office,Residential and others,5,34.5,182,496
13/3/2006,Assam,Guwahati,Head Office,Residential and others,2.5,34.5,149,234
14/3/2006,Assam,Guwahati,Head Office,Residential and others,3,20,150,236
15/3/2006,Assam,Guwahati,Head Office,Residential and others,3.8,12.6,100,266
16/3/2006,Assam,Guwahati,Head Office,Residential and others,3.3,12.4,137,215
17/3/2006,Assam,Guwahati,Head Office,Residential and others,4,27,111,236
18/3/2006,Assam,Guwahati,Head Office,Residential and others,6.5,14.3,115,223
20/3/2006,Assam,Guwahati,Head Office,Residential and others,4.5,20.3,193,330
21/3/2006,Assam,Guwahati,Head Office,Residential and others,9.8,35,282,453
22/3/2006,Assam,Guwahati,Head Office,Residential and others,3.3,25.3,769,1198
23/3/2006,Assam,Guwahati,Head Office,Residential and others,3.8,23.3,227,448
24/3/2006,Assam,Guwahati,Head Office,Residential and others,3.8,17.8,215,444
25/3/2006,Assam,Guwahati,Head Office,Residential and others,2.5,16.6,222,438
27/3/2006,Assam,Guwahati,Head Office,Residential and others,4,17.5,186,450
28/3/2006,Assam,Guwahati,Head Office,Residential and others,7.8,29.5,210,561
29/3/2006,Assam,Guwahati,Head Office,Residential and others,7.5,28,455,561
30/3/2006,Assam,Guwahati,Head Office,Residential and others,6.5,27.8,354,586
31/3/2006,Assam,Guwahati,Head Office,Residential and others,4.3,38,307,482
4/1/2006,Assam,Guwahati,Head Office,Residential and others,3.5,24.8,310,597
4/3/2006,Assam,Guwahati,Head Office,Residential and others,3.8,16.8,112,253
4/4/2006,Assam,Guwahati,Head Office,Residential and others,3.3,21,60,114
4/5/2006,Assam,Guwahati,Head Office,Residential and others,4,26,54,115
4/6/2006,Assam,Guwahati,Head Office,Residential and others,5.3,25.8,91,165
4/7/2006,Assam,Guwahati,Head Office,Residential and others,4,22.3,76,137
4/8/2006,Assam,Guwahati,Head Office,Residential and others,3.3,20.5,93,187
4/10/2006,Assam,Guwahati,Head Office,Residential and others,4,21.5,76,125
4/11/2006,Assam,Guwahati,Head Office,Residential and others,3.8,18.1,105,177
4/12/2006,Assam,Guwahati,Head Office,Residential and others,4.8,20.3,155,257
17/4/2006,Assam,Guwahati,Head Office,Residential and others,4.5,26,108,230
18/4/2006,Assam,Guwahati,Head Office,Residential and others,2.5,22.3,48,115
19/4/2006,Assam,Guwahati,Head Office,Residential and others,4,19.3,39,124
20/4/2006,Assam,Guwahati,Head Office,Residential and others,4.8,21.8,76,93
21/4/2006,Assam,Guwahati,Head Office,Residential and others,4.5,19.8,91,135
22/4/2006,Assam,Guwahati,Head Office,Residential and others,5,21.8,70,171
24/4/2006,Assam,Guwahati,Head Office,Residential and others,5,20.3,125,191
25/4/2006,Assam,Guwahati,Head Office,Residential and others,5.5,21.8,116,232
26/4/2006,Assam,Guwahati,Head Office,Residential and others,3.5,18.3,108,219
27/4/2006,Assam,Guwahati,Head Office,Residential and others,3,15,31,84
28/4/2006,Assam,Guwahati,Head Office,Residential and others,3,18.5,125,222
29/4/2006,Assam,Guwahati,Head Office,Residential and others,3.8,19,137,256
5/1/2006,Assam,Guwahati,Head Office,Residential and others,3,13.8,126,229
5/2/2006,Assam,Guwahati,Head Office,Residential and others,5.5,19.5,70,117
5/3/2006,Assam,Guwahati,Head Office,Residential and others,4.5,23.3,71,165
5/4/2006,Assam,Guwahati,Head Office,Residential and others,4.3,20,80,165
5/5/2006,Assam,Guwahati,Head Office,Residential and others,2.5,14.5,54,129
5/6/2006,Assam,Guwahati,Head Office,Residential and others,4.8,21,32,101
5/8/2006,Assam,Guwahati,Head Office,Residential and others,3.8,25.5,63,117
5/9/2006,Assam,Guwahati,Head Office,Residential and others,5,25.5,98,178
5/10/2006,Assam,Guwahati,Head Office,Residential and others,5,28.3,52,114
5/11/2006,Assam,Guwahati,Head Office,Residential and others,4.5,20.8,35,103
5/12/2006,Assam,Guwahati,Head Office,Residential and others,5.7,20.7,98,90
13/5/2006,Assam,Guwahati,Head Office,Residential and others,5,15.8,82,116
15/5/2006,Assam,Guwahati,Head Office,Residential and others,4,25.3,56,125
16/5/2006,Assam,Guwahati,Head Office,Residential and others,2.5,20.8,75,154
17/5/2006,Assam,Guwahati,Head Office,Residential and others,NA,25.8,82,203
18/5/2006,Assam,Guwahati,Head Office,Residential and others,4,26.8,66,131
19/5/2006,Assam,Guwahati,Head Office,Residential and others,4.5,18.5,34,90
20/5/2006,Assam,Guwahati,Head Office,Residential and others,5.8,16.3,42,92
22/5/2006,Assam,Guwahati,Head Office,Residential and others,4,15,72,140
23/5/2006,Assam,Guwahati,Head Office,Residential and others,5.8,17.5,73,151
24/5/2006,Assam,Guwahati,Head Office,Residential and others,3.8,13.8,65,105
25/5/2006,Assam,Guwahati,Head Office,Residential and others,5,13,70,203
26/5/2006,Assam,Guwahati,Head Office,Residential and others,4.5,21.3,48,107
27/5/2006,Assam,Guwahati,Head Office,Residential and others,3.8,19.8,47,183
31/5/2006,Assam,Guwahati,Head Office,Residential and others,NA,21,73,166
6/1/2006,Assam,Guwahati,Head Office,Residential and others,4.5,23.3,44,123
6/2/2006,Assam,Guwahati,Head Office,Residential and others,5,20.3,78,150
6/3/2006,Assam,Guwahati,Head Office,Residential and others,3,18.3,59,113
6/5/2006,Assam,Guwahati,Head Office,Residential and others,2.5,25.3,98,153
6/6/2006,Assam,Guwahati,Head Office,Residential and others,7,17.5,55,126
6/7/2006,Assam,Guwahati,Head Office,Residential and others,7,14.8,39,88
6/8/2006,Assam,Guwahati,Head Office,Residential and others,6,16,36,97
6/9/2006,Assam,Guwahati,Head Office,Residential and others,4.5,14.5,40,87
6/10/2006,Assam,Guwahati,Head Office,Residential and others,4.8,16,39,74
6/12/2006,Assam,Guwahati,Head Office,Residential and others,3.5,14.5,30,71
13/6/2006,Assam,Guwahati,Head Office,Residential and others,4,12.5,34,73
14/6/2006,Assam,Guwahati,Head Office,Residential and others,6.8,17,33,76
15/6/2006,Assam,Guwahati,Head Office,Residential and others,4,10.9,36,90
16/6/2006,Assam,Guwahati,Head Office,Residential and others,6.8,15.4,65,121
17/6/2006,Assam,Guwahati,Head Office,Residential and others,8.5,13,29,64
19/6/2006,Assam,Guwahati,Head Office,Residential and others,4,13.6,49,111
20/6/2006,Assam,Guwahati,Head Office,Residential and others,5,14.8,48,81
21/6/2006,Assam,Guwahati,Head Office,Residential and others,6.5,13.5,58,97
22/6/2006,Assam,Guwahati,Head Office,Residential and others,7,16.8,39,73
23/6/2006,Assam,Guwahati,Head Office,Residential and others,4,9.3,39,73
24/6/2006,Assam,Guwahati,Head Office,Residential and others,4.5,10.9,48,88
26/6/2006,Assam,Guwahati,Head Office,Residential and others,6.8,17.8,38,94
27/6/2006,Assam,Guwahati,Head Office,Residential and others,4,18.8,35,89
28/6/2006,Assam,Guwahati,Head Office,Residential and others,5.3,13.3,50,99
29/6/2006,Assam,Guwahati,Head Office,Residential and others,5.5,15.5,38,81
30/6/2006,Assam,Guwahati,Head Office,Residential and others,6,11.9,38,77
7/1/2006,Assam,Guwahati,Head Office,Residential and others,5,16.8,50,129
7/3/2006,Assam,Guwahati,Head Office,Residential and others,4.5,16.3,33,78
7/4/2006,Assam,Guwahati,Head Office,Residential and others,5.3,12.5,29,59
7/5/2006,Assam,Guwahati,Head Office,Residential and others,4.5,6.4,34,65
7/6/2006,Assam,Guwahati,Head Office,Residential and others,4,14,39,62
7/7/2006,Assam,Guwahati,Head Office,Residential and others,4.5,15.3,28,72
7/8/2006,Assam,Guwahati,Head Office,Residential and others,5,14.3,28,75
7/11/2006,Assam,Guwahati,Head Office,Residential and others,3.8,15.8,33,70
7/12/2006,Assam,Guwahati,Head Office,Residential and others,3.8,14.3,33,77
13/7/2006,Assam,Guwahati,Head Office,Residential and others,5.5,13.5,23,54
15/7/2006,Assam,Guwahati,Head Office,Residential and others,7.3,13.5,40,64
17/7/2006,Assam,Guwahati,Head Office,Residential and others,9,16.5,36,79
18/7/2006,Assam,Guwahati,Head Office,Residential and others,7.3,15.5,48,121
19/7/2006,Assam,Guwahati,Head Office,Residential and others,7.8,16.5,25,72
20/7/2006,Assam,Guwahati,Head Office,Residential and others,3,8.8,29,60
21/7/2006,Assam,Guwahati,Head Office,Residential and others,4,13,28,49
22/7/2006,Assam,Guwahati,Head Office,Residential and others,6.8,15.3,20,49
24/7/2006,Assam,Guwahati,Head Office,Residential and others,10,17,52,85
25/7/2006,Assam,Guwahati,Head Office,Residential and others,9.8,21.8,32,66
26/7/2006,Assam,Guwahati,Head Office,Residential and others,7.8,18.8,37,59
27/7/2006,Assam,Guwahati,Head Office,Residential and others,11.3,14.8,34,61
28/7/2006,Assam,Guwahati,Head Office,Residential and others,9.5,20,34,82
29/7/2006,Assam,Guwahati,Head Office,Residential and others,11.5,20.5,36,68
31/7/2006,Assam,Guwahati,Head Office,Residential and others,8.8,15.5,32,56
8/1/2006,Assam,Guwahati,Head Office,Residential and others,8.8,18.3,30,51
8/2/2006,Assam,Guwahati,Head Office,Residential and others,8,12.8,32,45
8/3/2006,Assam,Guwahati,Head Office,Residential and others,10.3,16,34,47
8/4/2006,Assam,Guwahati,Head Office,Residential and others,4.8,16.3,33,60
8/5/2006,Assam,Guwahati,Head Office,Residential and others,3.8,10.9,27,47
8/7/2006,Assam,Guwahati,Head Office,Residential and others,5.5,13.3,39,61
8/8/2006,Assam,Guwahati,Head Office,Residential and others,5,10.9,27,55
8/9/2006,Assam,Guwahati,Head Office,Residential and others,9.5,16.5,59,82
8/10/2006,Assam,Guwahati,Head Office,Residential and others,5.3,9.9,57,79
8/11/2006,Assam,Guwahati,Head Office,Residential and others,6,15.3,80,117
8/12/2006,Assam,Guwahati,Head Office,Residential and others,5.5,15,57,81
14/8/2006,Assam,Guwahati,Head Office,Residential and others,6,13.8,54,162
16/8/2006,Assam,Guwahati,Head Office,Residential and others,7.8,18.5,85,141
17/8/2006,Assam,Guwahati,Head Office,Residential and others,13.5,11.6,38,49
18/8/2006,Assam,Guwahati,Head Office,Residential and others,4,15,46,66
19/8/2006,Assam,Guwahati,Head Office,Residential and others,4.5,13.1,42,72
21/8/2006,Assam,Guwahati,Head Office,Residential and others,6.3,14.5,102,235
22/8/2006,Assam,Guwahati,Head Office,Residential and others,7.5,15.3,66,121
23/8/2006,Assam,Guwahati,Head Office,Residential and others,11,15.8,43,64
24/8/2006,Assam,Guwahati,Head Office,Residential and others,8.5,16.3,37,73
25/8/2006,Assam,Guwahati,Head Office,Residential and others,8.8,10.8,37,81
26/8/2006,Assam,Guwahati,Head Office,Residential and others,6,15.5,42,84
28/8/2006,Assam,Guwahati,Head Office,Residential and others,6.5,24.8,55,140
29/8/2006,Assam,Guwahati,Head Office,Residential and others,5.8,22,33,69
30/8/2006,Assam,Guwahati,Head Office,Residential and others,5,16.3,49,84
31/8/2006,Assam,Guwahati,Head Office,Residential and others,6.3,12,32,72
9/1/2006,Assam,Guwahati,Head Office,Residential and others,6.5,16.8,39,64
9/2/2006,Assam,Guwahati,Head Office,Residential and others,9.8,14,37,69
9/4/2006,Assam,Guwahati,Head Office,Residential and others,3.8,10.8,35,57
9/5/2006,Assam,Guwahati,Head Office,Residential and others,3.5,15.4,25,49
9/6/2006,Assam,Guwahati,Head Office,Residential and others,7,12.5,42,58
9/7/2006,Assam,Guwahati,Head Office,Residential and others,6.5,13,53,71
9/8/2006,Assam,Guwahati,Head Office,Residential and others,6,15.3,49,72
9/9/2006,Assam,Guwahati,Head Office,Residential and others,10,20.5,57,81
9/11/2006,Assam,Guwahati,Head Office,Residential and others,8,10.6,33,56
9/12/2006,Assam,Guwahati,Head Office,Residential and others,8,13.8,59,81
13/9/2006,Assam,Guwahati,Head Office,Residential and others,9.8,12.5,49,69
14/9/2006,Assam,Guwahati,Head Office,Residential and others,10.8,17.3,89,108
15/9/2006,Assam,Guwahati,Head Office,Residential and others,6.8,21,78,118
16/9/2006,Assam,Guwahati,Head Office,Residential and others,8,14.5,72,101
18/9/2006,Assam,Guwahati,Head Office,Residential and others,7.5,19.3,95,142
19/9/2006,Assam,Guwahati,Head Office,Residential and others,7.3,17,52,125
20/9/2006,Assam,Guwahati,Head Office,Residential and others,7,16.1,38,128
21/9/2006,Assam,Guwahati,Head Office,Residential and others,5,16,67,108
22/9/2006,Assam,Guwahati,Head Office,Residential and others,7.5,16,31,55
23/9/2006,Assam,Guwahati,Head Office,Residential and others,7.5,16.5,31,62
25/9/2006,Assam,Guwahati,Head Office,Residential and others,8,15.5,31,62
26/9/2006,Assam,Guwahati,Head Office,Residential and others,7.5,14.3,30,58
27/9/2006,Assam,Guwahati,Head Office,Residential and others,7.3,12.1,59,92
28/9/2006,Assam,Guwahati,Head Office,Residential and others,7.5,13.6,78,114
29/9/2006,Assam,Guwahati,Head Office,Residential and others,11,12.8,60,83
30/9/2006,Assam,Guwahati,Head Office,Residential and others,3.5,10.1,47,84
10/2/2006,Assam,Guwahati,Head Office,Residential and others,6.8,9.9,25,43
10/3/2006,Assam,Guwahati,Head Office,Residential and others,10.3,20.3,75,122
10/4/2006,Assam,Guwahati,Head Office,Residential and others,12.8,17.3,70,103
10/5/2006,Assam,Guwahati,Head Office,Residential and others,10.8,16.8,66,115
10/6/2006,Assam,Guwahati,Head Office,Residential and others,7.5,18.5,31,55
10/7/2006,Assam,Guwahati,Head Office,Residential and others,11,18.8,35,66
10/9/2006,Assam,Guwahati,Head Office,Residential and others,14.8,19.3,26,53
10/10/2006,Assam,Guwahati,Head Office,Residential and others,12,14.1,89,120
10/11/2006,Assam,Guwahati,Head Office,Residential and others,12,16.5,81,116
10/12/2006,Assam,Guwahati,Head Office,Residential and others,6.8,15.8,68,98
13/10/2006,Assam,Guwahati,Head Office,Residential and others,14,20.8,77,87
14/10/2006,Assam,Guwahati,Head Office,Residential and others,9.5,23,105,196
16/10/2006,Assam,Guwahati,Head Office,Residential and others,8.8,22.3,130,174
17/10/2006,Assam,Guwahati,Head Office,Residential and others,10.5,19,115,200
18/10/2006,Assam,Guwahati,Head Office,Residential and others,8.3,20.5,126,204
19/10/2006,Assam,Guwahati,Head Office,Residential and others,6.3,18.8,72,142
20/10/2006,Assam,Guwahati,Head Office,Residential and others,6.3,17.8,73,103
21/10/2006,Assam,Guwahati,Head Office,Residential and others,7,18.3,119,175
22/10/2006,Assam,Guwahati,Head Office,Residential and others,10.5,22.5,155,219
23/10/2006,Assam,Guwahati,Head Office,Residential and others,6.3,16.8,151,261
24/10/2006,Assam,Guwahati,Head Office,Residential and others,7.5,15.8,63,136
25/10/2006,Assam,Guwahati,Head Office,Residential and others,8.8,17.5,91,163
26/10/2006,Assam,Guwahati,Head Office,Residential and others,10.3,22,125,231
27/10/2006,Assam,Guwahati,Head Office,Residential and others,8.5,23.3,132,194
28/10/2006,Assam,Guwahati,Head Office,Residential and others,12,18,102,180
30/10/2006,Assam,Guwahati,Head Office,Residential and others,10.5,20.8,105,214
31/10/2006,Assam,Guwahati,Head Office,Residential and others,10.3,20.5,125,242
11/1/2006,Assam,Guwahati,Head Office,Residential and others,6.8,17.4,151,242
11/2/2006,Assam,Guwahati,Head Office,Residential and others,10.3,19.5,102,179
11/3/2006,Assam,Guwahati,Head Office,Residential and others,10.8,22.8,127,206
11/4/2006,Assam,Guwahati,Head Office,Residential and others,10.5,21.8,103,196
11/6/2006,Assam,Guwahati,Head Office,Residential and others,11.8,24.3,162,237
11/7/2006,Assam,Guwahati,Head Office,Residential and others,8.3,22.3,134,212
11/8/2006,Assam,Guwahati,Head Office,Residential and others,9.5,17.3,127,209
11/9/2006,Assam,Guwahati,Head Office,Residential and others,8.8,20.3,160,185
11/10/2006,Assam,Guwahati,Head Office,Residential and others,7.8,19,130,163
11/11/2006,Assam,Guwahati,Head Office,Residential and others,5.5,14.8,43,68
13/11/2006,Assam,Guwahati,Head Office,Residential and others,9.8,16.8,102,163
14/11/2006,Assam,Guwahati,Head Office,Residential and others,11.8,20,126,226
15/11/2006,Assam,Guwahati,Head Office,Residential and others,8.3,17.3,108,201
16/11/2006,Assam,Guwahati,Head Office,Residential and others,10.8,20.8,119,210
17/11/2006,Assam,Guwahati,Head Office,Residential and others,10.5,19.5,132,192
18/11/2006,Assam,Guwahati,Head Office,Residential and others,8.5,15,122,188
20/11/2006,Assam,Guwahati,Head Office,Residential and others,7,14.4,60,109
21/11/2006,Assam,Guwahati,Head Office,Residential and others,11,12.5,91,165
22/11/2006,Assam,Guwahati,Head Office,Residential and others,10.5,14.8,138,197
23/11/2006,Assam,Guwahati,Head Office,Residential and others,7.8,17.3,120,159
24/11/2006,Assam,Guwahati,Head Office,Residential and others,12.3,20.3,144,172
25/11/2006,Assam,Guwahati,Head Office,Residential and others,9.3,16,136,194
27/11/2006,Assam,Guwahati,Head Office,Residential and others,10.8,17.5,149,251
28/11/2006,Assam,Guwahati,Head Office,Residential and others,11.5,17.5,120,159
29/11/2006,Assam,Guwahati,Head Office,Residential and others,10.8,13.5,144,233
30/11/2006,Assam,Guwahati,Head Office,Residential and others,9.3,18.8,163,224
12/1/2006,Assam,Guwahati,Head Office,Residential and others,11.3,19.3,162,257
12/2/2006,Assam,Guwahati,Head Office,Residential and others,12.5,21.3,162,272
12/4/2006,Assam,Guwahati,Head Office,Residential and others,9,19.8,154,229
12/5/2006,Assam,Guwahati,Head Office,Residential and others,13.3,24.3,180,281
12/6/2006,Assam,Guwahati,Head Office,Residential and others,14.3,24.3,174,245
12/7/2006,Assam,Guwahati,Head Office,Residential and others,15.8,23.5,156,227
12/8/2006,Assam,Guwahati,Head Office,Residential and others,18.5,26,191,256
12/9/2006,Assam,Guwahati,Head Office,Residential and others,14,21.5,196,276
12/11/2006,Assam,Guwahati,Head Office,Residential and others,11.5,19.3,165,282
12/12/2006,Assam,Guwahati,Head Office,Residential and others,12,29.3,154,215
13/12/2006,Assam,Guwahati,Head Office,Residential and others,10.5,24.5,181,255
14/12/2006,Assam,Guwahati,Head Office,Residential and others,9.5,23,169,219
15/12/2006,Assam,Guwahati,Head Office,Residential and others,11.5,25.8,165,209
16/12/2006,Assam,Guwahati,Head Office,Residential and others,11.5,23.8,189,271
18/12/2006,Assam,Guwahati,Head Office,Residential and others,10.3,21.8,213,318
19/12/2006,Assam,Guwahati,Head Office,Residential and others,12.3,23.8,195,283
20/12/2006,Assam,Guwahati,Head Office,Residential and others,13,22.5,197,247
22/12/2006,Assam,Guwahati,Head Office,Residential and others,12.8,20.8,170,214
23/12/2006,Assam,Guwahati,Head Office,Residential and others,11.5,22,205,244
25/12/2006,Assam,Guwahati,Head Office,Residential and others,13.8,24.3,244,317
26/12/2006,Assam,Guwahati,Head Office,Residential and others,15.5,26,223,306
27/12/2006,Assam,Guwahati,Head Office,Residential and others,14.5,24.8,199,265
28/12/2006,Assam,Guwahati,Head Office,Residential and others,11.3,22,167,240
29/12/2006,Assam,Guwahati,Head Office,Residential and others,10.3,24.5,194,230
30/12/2006,Assam,Guwahati,Head Office,Residential and others,13.5,23,221,273
28/11/2006,Assam,Guwahati,Santipur,Residential and others,4.5,5.6,132,176
29/11/2006,Assam,Guwahati,Santipur,Residential and others,7.8,17.9,141,245
30/11/2006,Assam,Guwahati,Santipur,Residential and others,8.8,17.8,122,175
12/1/2006,Assam,Guwahati,Santipur,Residential and others,11,16.5,150,217
12/2/2006,Assam,Guwahati,Santipur,Residential and others,10.5,20,185,268
12/4/2006,Assam,Guwahati,Santipur,Residential and others,10.5,20.3,146,195
12/5/2006,Assam,Guwahati,Santipur,Residential and others,9.8,21.8,158,241
12/6/2006,Assam,Guwahati,Santipur,Residential and others,8.3,18,151,202
12/7/2006,Assam,Guwahati,Santipur,Residential and others,14.5,21.8,199,293
12/8/2006,Assam,Guwahati,Santipur,Residential and others,11.8,19.3,176,247
12/9/2006,Assam,Guwahati,Santipur,Residential and others,9.3,16.5,191,319
12/11/2006,Assam,Guwahati,Santipur,Residential and others,9.5,18.8,163,247
12/12/2006,Assam,Guwahati,Santipur,Residential and others,12,16.5,159,201
13/12/2006,Assam,Guwahati,Santipur,Residential and others,8.8,19.3,168,251
14/12/2006,Assam,Guwahati,Santipur,Residential and others,7,11.5,124,195
15/12/2006,Assam,Guwahati,Santipur,Residential and others,10,17.8,162,247
16/12/2006,Assam,Guwahati,Santipur,Residential and others,7.5,14.8,158,267
18/12/2006,Assam,Guwahati,Santipur,Residential and others,10.8,16,185,274
19/12/2006,Assam,Guwahati,Santipur,Residential and others,9.3,15,137,236
20/12/2006,Assam,Guwahati,Santipur,Residential and others,7.3,13,138,195
21/12/2006,Assam,Guwahati,Santipur,Residential and others,7,16,128,218
22/12/2006,Assam,Guwahati,Santipur,Residential and others,7,14.8,136,182
23/12/2006,Assam,Guwahati,Santipur,Residential and others,7,16,153,200
25/12/2006,Assam,Guwahati,Santipur,Residential and others,5.8,15,127,177
26/12/2006,Assam,Guwahati,Santipur,Residential and others,11.8,18.5,191,259
27/12/2006,Assam,Guwahati,Santipur,Residential and others,8.3,16.3,128,174
28/12/2006,Assam,Guwahati,Santipur,Residential and others,7.8,15.3,122,185
29/12/2006,Assam,Guwahati,Santipur,Residential and others,8.5,20.3,177,227
30/12/2006,Assam,Guwahati,Santipur,Residential and others,10.3,18.8,154,202
8/5/2006,Assam,Hailakandi,CISF Campus,Residential and others,5.3,7.3,13,23
8/10/2006,Assam,Hailakandi,CISF Campus,Residential and others,7.3,9.9,29,42
8/12/2006,Assam,Hailakandi,CISF Campus,Residential and others,7.8,11,27,50
17/8/2006,Assam,Hailakandi,CISF Campus,Residential and others,8.3,10.1,26,46
19/8/2006,Assam,Hailakandi,CISF Campus,Residential and others,2.5,NA,24,37
24/8/2006,Assam,Hailakandi,CISF Campus,Residential and others,4.3,5.9,17,34
26/8/2006,Assam,Hailakandi,CISF Campus,Residential and others,3.5,7.8,20,36
31/8/2006,Assam,Hailakandi,CISF Campus,Residential and others,7.3,14.9,25,59
9/2/2006,Assam,Hailakandi,CISF Campus,Residential and others,9.3,21.5,21,71
28/9/2006,Assam,Hailakandi,CISF Campus,Residential and others,7,24,25,94
30/9/2006,Assam,Hailakandi,CISF Campus,Residential and others,9,25.8,25,109
10/5/2006,Assam,Hailakandi,CISF Campus,Residential and others,8,20.5,43,68
10/7/2006,Assam,Hailakandi,CISF Campus,Residential and others,8.5,20.3,29,52
10/12/2006,Assam,Hailakandi,CISF Campus,Residential and others,8.8,17.3,18,43
14/10/2006,Assam,Hailakandi,CISF Campus,Residential and others,9,21.5,87,111
19/10/2006,Assam,Hailakandi,CISF Campus,Residential and others,5.8,14.8,35,53
22/10/2006,Assam,Hailakandi,CISF Campus,Residential and others,7,14.8,27,71
26/10/2006,Assam,Hailakandi,CISF Campus,Residential and others,6.8,16.5,23,58
28/10/2006,Assam,Hailakandi,CISF Campus,Residential and others,6.5,19.5,30,52
11/2/2006,Assam,Hailakandi,CISF Campus,Residential and others,7.5,14.3,34,89
11/4/2006,Assam,Hailakandi,CISF Campus,Residential and others,6.3,13,37,68
11/9/2006,Assam,Hailakandi,CISF Campus,Residential and others,4,9.9,36,59
11/11/2006,Assam,Hailakandi,CISF Campus,Residential and others,4.8,11.1,24,79
15/11/2006,Assam,Hailakandi,CISF Campus,Residential and others,4.8,6.1,36,61
18/11/2006,Assam,Hailakandi,CISF Campus,Residential and others,3.5,8.3,33,71
23/11/2006,Assam,Hailakandi,CISF Campus,Residential and others,4.5,12.1,39,91
25/11/2006,Assam,Hailakandi,CISF Campus,Residential and others,7.5,16,31,50
30/11/2006,Assam,Hailakandi,CISF Campus,Residential and others,7.3,13,52,103
12/2/2006,Assam,Hailakandi,CISF Campus,Residential and others,10,14.8,73,135
12/7/2006,Assam,Hailakandi,CISF Campus,Residential and others,7.5,19,32,82
12/9/2006,Assam,Hailakandi,CISF Campus,Residential and others,10.3,19.3,38,78
14/12/2006,Assam,Hailakandi,CISF Campus,Residential and others,10.5,22.5,88,124
16/12/2006,Assam,Hailakandi,CISF Campus,Residential and others,11.8,25,55,103
21/12/2006,Assam,Hailakandi,CISF Campus,Residential and others,7.3,14,30,73
23/12/2006,Assam,Hailakandi,CISF Campus,Residential and others,8.8,13,40,81
28/12/2006,Assam,Hailakandi,CISF Campus,Residential and others,6,15,38,91
30/12/2006,Assam,Hailakandi,CISF Campus,Residential and others,5.5,14.8,42,127
21/8/2006,Assam,Sibsagar,Sibasagar Off. Bldg,Residential and others,7.8,8,23,36
23/8/2006,Assam,Sibsagar,Sibasagar Off. Bldg,Residential and others,8.3,7.3,22,38
29/8/2006,Assam,Sibsagar,Sibasagar Off. Bldg,Residential and others,7.3,6.1,18,29
31/8/2006,Assam,Sibsagar,Sibasagar Off. Bldg,Residential and others,7.3,9.3,22,36
9/6/2006,Assam,Sibsagar,Sibasagar Off. Bldg,Residential and others,4.3,NA,33,47
9/8/2006,Assam,Sibsagar,Sibasagar Off. Bldg,Residential and others,5,6.1,20,36
9/11/2006,Assam,Sibsagar,Sibasagar Off. Bldg,Residential and others,3.5,5.9,18,38
13/9/2006,Assam,Sibsagar,Sibasagar Off. Bldg,Residential and others,4.8,6.4,22,57
19/9/2006,Assam,Sibsagar,Sibasagar Off. Bldg,Residential and others,2.5,NA,40,78
21/9/2006,Assam,Sibsagar,Sibasagar Off. Bldg,Residential and others,6.3,10.1,32,66
25/9/2006,Assam,Sibsagar,Sibasagar Off. Bldg,Residential and others,3,8.5,57,91
30/9/2006,Assam,Sibsagar,Sibasagar Off. Bldg,Residential and others,3,11.6,37,76
10/1/2006,Assam,Sibsagar,Sibasagar Off. Bldg,Residential and others,3.3,8.1,65,100
10/3/2006,Assam,Sibsagar,Sibasagar Off. Bldg,Residential and others,3,5.6,51,79
10/5/2006,Assam,Sibsagar,Sibasagar Off. Bldg,Residential and others,3.3,7.8,23,32
10/10/2006,Assam,Sibsagar,Sibasagar Off. Bldg,Residential and others,3,7.3,105,167
13/10/2006,Assam,Sibsagar,Sibasagar Off. Bldg,Residential and others,4,10.1,39,51
17/10/2006,Assam,Sibsagar,Sibasagar Off. Bldg,Residential and others,4,9.5,52,69
19/10/2006,Assam,Sibsagar,Sibasagar Off. Bldg,Residential and others,4.5,9.4,30,46
21/10/2006,Assam,Sibsagar,Sibasagar Off. Bldg,Residential and others,3.8,9.4,60,81
24/10/2006,Assam,Sibsagar,Sibasagar Off. Bldg,Residential and others,3.8,8.5,51,85
26/10/2006,Assam,Sibsagar,Sibasagar Off. Bldg,Residential and others,4.3,9.4,60,86
31/10/2006,Assam,Sibsagar,Sibasagar Off. Bldg,Residential and others,5,9.9,42,101
11/3/2006,Assam,Sibsagar,Sibasagar Off. Bldg,Residential and others,3.8,7.8,93,136
11/7/2006,Assam,Sibsagar,Sibasagar Off. Bldg,Residential and others,4.5,7.3,77,122
11/10/2006,Assam,Sibsagar,Sibasagar Off. Bldg,Residential and others,3.8,9.9,61,71
14/11/2006,Assam,Sibsagar,Sibasagar Off. Bldg,Residential and others,3.8,12.8,77,135
17/11/2006,Assam,Sibsagar,Sibasagar Off. Bldg,Residential and others,3,11.3,93,174
20/11/2006,Assam,Sibsagar,Sibasagar Off. Bldg,Residential and others,5,9,72,119
23/11/2006,Assam,Sibsagar,Sibasagar Off. Bldg,Residential and others,6.3,7.8,68,83
28/11/2006,Assam,Sibsagar,Sibasagar Off. Bldg,Residential and others,5,9.6,82,107
12/1/2006,Assam,Sibsagar,Sibasagar Off. Bldg,Residential and others,2.5,5.6,74,123
12/5/2006,Assam,Sibsagar,Sibasagar Off. Bldg,Residential and others,6.8,11,67,96
12/8/2006,Assam,Sibsagar,Sibasagar Off. Bldg,Residential and others,7.5,8.3,91,142
12/12/2006,Assam,Sibsagar,Sibasagar Off. Bldg,Residential and others,6.8,8,148,166
15/12/2006,Assam,Sibsagar,Sibasagar Off. Bldg,Residential and others,7.5,NA,79,98
19/12/2006,Assam,Sibsagar,Sibasagar Off. Bldg,Residential and others,6.3,12.5,83,106
22/12/2006,Assam,Sibsagar,Sibasagar Off. Bldg,Residential and others,7.3,12.3,107,126
26/12/2006,Assam,Sibsagar,Sibasagar Off. Bldg,Residential and others,4,7.5,100,167
29/12/2006,Assam,Sibsagar,Sibasagar Off. Bldg,Residential and others,7.3,14,107,135
7/3/2006,Assam,Tezpur,Tezpur Office Bldg,Residential and others,NA,NA,26,48
7/5/2006,Assam,Tezpur,Tezpur Office Bldg,Residential and others,NA,NA,17,48
7/11/2006,Assam,Tezpur,Tezpur Office Bldg,Residential and others,2.5,5.6,25,88
15/7/2006,Assam,Tezpur,Tezpur Office Bldg,Residential and others,3.3,7.3,33,60
26/7/2006,Assam,Tezpur,Tezpur Office Bldg,Residential and others,2.5,5.6,17,29
28/7/2006,Assam,Tezpur,Tezpur Office Bldg,Residential and others,2.5,5.6,30,59
8/1/2006,Assam,Tezpur,Tezpur Office Bldg,Residential and others,2.5,5.6,20,38
8/4/2006,Assam,Tezpur,Tezpur Office Bldg,Residential and others,2.5,5.9,9,27
8/7/2006,Assam,Tezpur,Tezpur Office Bldg,Residential and others,3.3,8,26,45
8/9/2006,Assam,Tezpur,Tezpur Office Bldg,Residential and others,4,7.8,49,76
16/8/2006,Assam,Tezpur,Tezpur Office Bldg,Residential and others,2.5,5.9,34,79
19/8/2006,Assam,Tezpur,Tezpur Office Bldg,Residential and others,2.6,6.1,19,44
22/8/2006,Assam,Tezpur,Tezpur Office Bldg,Residential and others,4.8,7.8,22,48
25/8/2006,Assam,Tezpur,Tezpur Office Bldg,Residential and others,3,11.4,21,56
28/8/2006,Assam,Tezpur,Tezpur Office Bldg,Residential and others,3,12.5,20,72
31/8/2006,Assam,Tezpur,Tezpur Office Bldg,Residential and others,5.3,8,24,44
9/4/2006,Assam,Tezpur,Tezpur Office Bldg,Residential and others,3,7.5,22,52
9/7/2006,Assam,Tezpur,Tezpur Office Bldg,Residential and others,4.8,7.5,33,92
9/11/2006,Assam,Tezpur,Tezpur Office Bldg,Residential and others,3.8,6.9,22,38
15/9/2006,Assam,Tezpur,Tezpur Office Bldg,Residential and others,3.3,7,27,56
18/9/2006,Assam,Tezpur,Tezpur Office Bldg,Residential and others,3.5,11.1,40,82
21/9/2006,Assam,Tezpur,Tezpur Office Bldg,Residential and others,4.3,9.8,17,51
25/9/2006,Assam,Tezpur,Tezpur Office Bldg,Residential and others,NA,9.4,44,82
28/9/2006,Assam,Tezpur,Tezpur Office Bldg,Residential and others,6,9.4,49,135
10/2/2006,Assam,Tezpur,Tezpur Office Bldg,Residential and others,5.5,6.6,42,74
10/5/2006,Assam,Tezpur,Tezpur Office Bldg,Residential and others,3.5,7.5,24,38
10/9/2006,Assam,Tezpur,Tezpur Office Bldg,Residential and others,4,8.5,104,123
10/12/2006,Assam,Tezpur,Tezpur Office Bldg,Residential and others,2.5,8.5,89,111
16/10/2006,Assam,Tezpur,Tezpur Office Bldg,Residential and others,3,8.6,21,32
19/10/2006,Assam,Tezpur,Tezpur Office Bldg,Residential and others,3,7.3,56,107
20/10/2006,Assam,Tezpur,Tezpur Office Bldg,Residential and others,4.8,11.5,56,108
22/10/2006,Assam,Tezpur,Tezpur Office Bldg,Residential and others,4.3,9.1,73,144
26/10/2006,Assam,Tezpur,Tezpur Office Bldg,Residential and others,4,7.8,60,127
30/10/2006,Assam,Tezpur,Tezpur Office Bldg,Residential and others,4.3,7.5,85,191
11/2/2006,Assam,Tezpur,Tezpur Office Bldg,Residential and others,5,9.6,84,191
11/6/2006,Assam,Tezpur,Tezpur Office Bldg,Residential and others,4.5,8,91,135
11/9/2006,Assam,Tezpur,Tezpur Office Bldg,Residential and others,3,7.5,88,189
13/11/2006,Assam,Tezpur,Tezpur Office Bldg,Residential and others,2.5,7.8,44,80
16/11/2006,Assam,Tezpur,Tezpur Office Bldg,Residential and others,3.5,9.6,51,117
20/11/2006,Assam,Tezpur,Tezpur Office Bldg,Residential and others,3.5,8,22,44
23/11/2006,Assam,Tezpur,Tezpur Office Bldg,Residential and others,6,14.5,61,76
28/11/2006,Assam,Tezpur,Tezpur Office Bldg,Residential and others,6.5,14,149,241
12/4/2006,Assam,Tezpur,Tezpur Office Bldg,Residential and others,3.3,10.5,160,212
12/7/2006,Assam,Tezpur,Tezpur Office Bldg,Residential and others,5,10.9,147,260
12/11/2006,Assam,Tezpur,Tezpur Office Bldg,Residential and others,5.5,12.3,130,179
15/12/2006,Assam,Tezpur,Tezpur Office Bldg,Residential and others,3.3,12.8,131,272
18/12/2006,Assam,Tezpur,Tezpur Office Bldg,Residential and others,2.5,9.9,184,320
21/12/2006,Assam,Tezpur,Tezpur Office Bldg,Residential and others,4.5,11.6,127,236
26/12/2006,Assam,Tezpur,Tezpur Office Bldg,Residential and others,8.5,9.6,116,244
29/12/2006,Assam,Tezpur,Tezpur Office Bldg,Residential and others,3.8,11.3,71,132
