Stn Code,Sampling Date,State,City/Town/Village/Area,Agency,Type of Location,SO2,NO2,RSPM/PM10,SPM
245,January - M011997,Rajasthan,Alwar,Rajasthan Pollution Control Board,NA,37.4,42.4,NA,308
158,January - M011997,Rajasthan,Jaipur,NA,Industrial Area,18.5,36.3,NA,211
156,January - M011997,Rajasthan,Jaipur,NA,"Residential, Rural and other Areas",12.1,18.6,NA,255
157,January - M011997,Rajasthan,Jaipur,NA,"Residential, Rural and other Areas",10.1,13.2,NA,338
243,January - M011997,Rajasthan,Alwar,Andhra Pradesh  Pollution Control Board,NA,15.9,74.5,NA,484
219,January - M011997,Rajasthan,Alwar,Rajasthan Pollution Control Board,NA,15.4,85.9,NA,234
250,January - M011997,Rajasthan,Alwar,Rajasthan Pollution Control Board,NA,17,91,NA,669
17,January - M011997,Rajasthan,Kota,Rajasthan Pollution Control Board,Industrial Area,18.5,52.1,NA,132
20,January - M011997,Rajasthan,Kota,Rajasthan Pollution Control Board,"Residential, Rural and other Areas",16.6,46.4,NA,134
18,January - M011997,Rajasthan,Kota,Rajasthan Pollution Control Board,Sensitive,18.8,52.5,NA,156
293,January - M011997,Rajasthan,Udaipur,Rajasthan State Pollution Control Board,"Residential, Rural and other Areas",14.6,26.2,NA,309
294,January - M011997,Rajasthan,Udaipur,Rajasthan State Pollution Control Board,"Residential, Rural and other Areas",16.7,79,NA,288
295,January - M011997,Rajasthan,Udaipur,Rajasthan State Pollution Control Board,Industrial Area,18.3,51,NA,614
291,January - M011997,Rajasthan,Chittorgarh,RJPB,Industrial Area,NA,NA,NA,241
245,February - M021997,Rajasthan,Alwar,Rajasthan Pollution Control Board,NA,42,48.2,NA,317
157,February - M021997,Rajasthan,Jaipur,NA,"Residential, Rural and other Areas",11.8,19.3,NA,301
156,February - M021997,Rajasthan,Jaipur,NA,"Residential, Rural and other Areas",7.1,9.4,NA,262
158,February - M021997,Rajasthan,Jaipur,NA,Industrial Area,18.7,25,NA,344
243,February - M021997,Rajasthan,Alwar,Andhra Pradesh  Pollution Control Board,NA,13.4,81.8,NA,431
250,February - M021997,Rajasthan,Alwar,Rajasthan Pollution Control Board,NA,14.2,86.8,NA,705
219,February - M021997,Rajasthan,Alwar,Rajasthan Pollution Control Board,NA,13.5,80.8,NA,307
20,February - M021997,Rajasthan,Kota,Rajasthan Pollution Control Board,"Residential, Rural and other Areas",18,58.7,NA,193
17,February - M021997,Rajasthan,Kota,Rajasthan Pollution Control Board,Industrial Area,19.1,56.7,NA,188
18,February - M021997,Rajasthan,Kota,Rajasthan Pollution Control Board,Sensitive,17.7,54.2,NA,166
293,February - M021997,Rajasthan,Udaipur,Rajasthan State Pollution Control Board,"Residential, Rural and other Areas",19.7,37.1,NA,312
294,February - M021997,Rajasthan,Udaipur,Rajasthan State Pollution Control Board,"Residential, Rural and other Areas",29,82.1,NA,318
295,February - M021997,Rajasthan,Udaipur,Rajasthan State Pollution Control Board,Industrial Area,25.1,70.7,NA,598
291,February - M021997,Rajasthan,Chittorgarh,RJPB,Industrial Area,17.7,50.7,NA,126
245,March - M031997,Rajasthan,Alwar,Rajasthan Pollution Control Board,NA,37.3,43.1,NA,320
157,March - M031997,Rajasthan,Jaipur,NA,"Residential, Rural and other Areas",6.8,7.7,NA,244
156,March - M031997,Rajasthan,Jaipur,NA,"Residential, Rural and other Areas",6.5,7.4,NA,291
158,March - M031997,Rajasthan,Jaipur,NA,Industrial Area,13.5,12.4,NA,344
250,March - M031997,Rajasthan,Alwar,Rajasthan Pollution Control Board,NA,NA,NA,NA,820
219,March - M031997,Rajasthan,Alwar,Rajasthan Pollution Control Board,NA,NA,NA,NA,360
243,March - M031997,Rajasthan,Alwar,Andhra Pradesh  Pollution Control Board,NA,NA,NA,NA,277
20,March - M031997,Rajasthan,Kota,Rajasthan Pollution Control Board,"Residential, Rural and other Areas",20.2,55.3,NA,152
17,March - M031997,Rajasthan,Kota,Rajasthan Pollution Control Board,Industrial Area,20.9,51.3,NA,168
18,March - M031997,Rajasthan,Kota,Rajasthan Pollution Control Board,Sensitive,19.6,53.1,NA,184
293,March - M031997,Rajasthan,Udaipur,Rajasthan State Pollution Control Board,"Residential, Rural and other Areas",16.6,34.8,NA,246
294,March - M031997,Rajasthan,Udaipur,Rajasthan State Pollution Control Board,"Residential, Rural and other Areas",20.8,50,NA,243
295,March - M031997,Rajasthan,Udaipur,Rajasthan State Pollution Control Board,Industrial Area,24.2,52.2,NA,434
291,March - M031997,Rajasthan,Chittorgarh,RJPB,Industrial Area,17.5,48.6,NA,123
245,April - M041997,Rajasthan,Alwar,Rajasthan Pollution Control Board,NA,30.1,33.9,NA,240
157,April - M041997,Rajasthan,Jaipur,NA,"Residential, Rural and other Areas",6.2,12,NA,335
156,April - M041997,Rajasthan,Jaipur,NA,"Residential, Rural and other Areas",6.6,13.2,NA,322
158,April - M041997,Rajasthan,Jaipur,NA,Industrial Area,7.5,24,NA,347
243,April - M041997,Rajasthan,Alwar,Andhra Pradesh  Pollution Control Board,NA,NA,NA,NA,329
250,April - M041997,Rajasthan,Alwar,Rajasthan Pollution Control Board,NA,NA,NA,NA,340
219,April - M041997,Rajasthan,Alwar,Rajasthan Pollution Control Board,NA,NA,NA,NA,299
17,April - M041997,Rajasthan,Kota,Rajasthan Pollution Control Board,Industrial Area,17.2,51.7,NA,111
20,April - M041997,Rajasthan,Kota,Rajasthan Pollution Control Board,"Residential, Rural and other Areas",19.7,51.5,NA,212
18,April - M041997,Rajasthan,Kota,Rajasthan Pollution Control Board,Sensitive,17.3,51,NA,129
293,April - M041997,Rajasthan,Udaipur,Rajasthan State Pollution Control Board,"Residential, Rural and other Areas",13.7,17.2,NA,99
294,April - M041997,Rajasthan,Udaipur,Rajasthan State Pollution Control Board,"Residential, Rural and other Areas",19.5,38.2,NA,208
295,April - M041997,Rajasthan,Udaipur,Rajasthan State Pollution Control Board,Industrial Area,19,41.2,NA,392
291,April - M041997,Rajasthan,Chittorgarh,RJPB,Industrial Area,13.6,43.4,NA,152
245,May - M051997,Rajasthan,Alwar,Rajasthan Pollution Control Board,NA,32.2,36.4,NA,242
157,May - M051997,Rajasthan,Jaipur,NA,"Residential, Rural and other Areas",6,11.8,NA,267
156,May - M051997,Rajasthan,Jaipur,NA,"Residential, Rural and other Areas",6.1,13.5,NA,NA
158,May - M051997,Rajasthan,Jaipur,NA,Industrial Area,11.4,36.6,NA,NA
243,May - M051997,Rajasthan,Alwar,Andhra Pradesh  Pollution Control Board,NA,NA,NA,NA,399
219,May - M051997,Rajasthan,Alwar,Rajasthan Pollution Control Board,NA,NA,NA,NA,333
250,May - M051997,Rajasthan,Alwar,Rajasthan Pollution Control Board,NA,NA,NA,NA,297
20,May - M051997,Rajasthan,Kota,Rajasthan Pollution Control Board,"Residential, Rural and other Areas",16.9,48.8,NA,176
18,May - M051997,Rajasthan,Kota,Rajasthan Pollution Control Board,Sensitive,16.7,51.2,NA,118
17,May - M051997,Rajasthan,Kota,Rajasthan Pollution Control Board,Industrial Area,17.3,48.6,NA,150
293,May - M051997,Rajasthan,Udaipur,Rajasthan State Pollution Control Board,"Residential, Rural and other Areas",13.8,13.9,NA,318
294,May - M051997,Rajasthan,Udaipur,Rajasthan State Pollution Control Board,"Residential, Rural and other Areas",17.1,27.1,NA,201
295,May - M051997,Rajasthan,Udaipur,Rajasthan State Pollution Control Board,Industrial Area,14.6,16.8,NA,318
291,May - M051997,Rajasthan,Chittorgarh,RJPB,Industrial Area,16,49.7,NA,113
245,June - M061997,Rajasthan,Alwar,Rajasthan Pollution Control Board,NA,32.7,35.6,NA,151
157,June - M061997,Rajasthan,Jaipur,NA,"Residential, Rural and other Areas",6,13.1,NA,149
156,June - M061997,Rajasthan,Jaipur,NA,"Residential, Rural and other Areas",6.2,7.5,NA,NA
158,June - M061997,Rajasthan,Jaipur,NA,Industrial Area,9.1,13.7,NA,NA
250,June - M061997,Rajasthan,Alwar,Rajasthan Pollution Control Board,NA,12.9,69.8,NA,198
219,June - M061997,Rajasthan,Alwar,Rajasthan Pollution Control Board,NA,13.8,83.4,NA,327
243,June - M061997,Rajasthan,Alwar,Andhra Pradesh  Pollution Control Board,NA,14.3,85,NA,277
20,June - M061997,Rajasthan,Kota,Rajasthan Pollution Control Board,"Residential, Rural and other Areas",16.8,48.9,NA,98
17,June - M061997,Rajasthan,Kota,Rajasthan Pollution Control Board,Industrial Area,14.9,46.9,NA,94
18,June - M061997,Rajasthan,Kota,Rajasthan Pollution Control Board,Sensitive,17.8,49.6,NA,124
293,June - M061997,Rajasthan,Udaipur,Rajasthan State Pollution Control Board,"Residential, Rural and other Areas",13.1,14.5,NA,156
294,June - M061997,Rajasthan,Udaipur,Rajasthan State Pollution Control Board,"Residential, Rural and other Areas",12.6,14.9,NA,130
295,June - M061997,Rajasthan,Udaipur,Rajasthan State Pollution Control Board,Industrial Area,13.3,17.1,NA,175
245,July - M071997,Rajasthan,Alwar,Rajasthan Pollution Control Board,NA,31.8,35.1,NA,95
157,July - M071997,Rajasthan,Jaipur,NA,"Residential, Rural and other Areas",6.5,8.5,NA,81
156,July - M071997,Rajasthan,Jaipur,NA,"Residential, Rural and other Areas",15.6,7.9,NA,NA
158,July - M071997,Rajasthan,Jaipur,NA,Industrial Area,6.7,19.9,NA,NA
243,July - M071997,Rajasthan,Alwar,Andhra Pradesh  Pollution Control Board,NA,12.9,75.9,NA,219
250,July - M071997,Rajasthan,Alwar,Rajasthan Pollution Control Board,NA,13.9,76.5,NA,160
219,July - M071997,Rajasthan,Alwar,Rajasthan Pollution Control Board,NA,14.1,80.7,NA,215
18,July - M071997,Rajasthan,Kota,Rajasthan Pollution Control Board,Sensitive,15.8,50.4,NA,136
17,July - M071997,Rajasthan,Kota,Rajasthan Pollution Control Board,Industrial Area,14.7,49.1,NA,188
20,July - M071997,Rajasthan,Kota,Rajasthan Pollution Control Board,"Residential, Rural and other Areas",14.8,46.4,NA,169
293,July - M071997,Rajasthan,Udaipur,Rajasthan State Pollution Control Board,"Residential, Rural and other Areas",NA,NA,NA,133
294,July - M071997,Rajasthan,Udaipur,Rajasthan State Pollution Control Board,"Residential, Rural and other Areas",NA,NA,NA,186
295,July - M071997,Rajasthan,Udaipur,Rajasthan State Pollution Control Board,Industrial Area,NA,NA,NA,152
272,July - M071997,Rajasthan,Jodhpur,RPCB,"Residential, Rural and other Areas",6.1,11.3,NA,198
273,July - M071997,Rajasthan,Jodhpur,Rajasthan State Pollution Control Board,"Residential, Rural and other Areas",6.9,9.2,NA,412
274,July - M071997,Rajasthan,Jodhpur,Rajasthan State Pollution Control Board,Industrial Area,6.6,10.4,NA,272
245,August - M081997,Rajasthan,Alwar,Rajasthan Pollution Control Board,NA,26.5,31.5,NA,120
157,August - M081997,Rajasthan,Jaipur,NA,"Residential, Rural and other Areas",6,8.7,NA,82
156,August - M081997,Rajasthan,Jaipur,NA,"Residential, Rural and other Areas",6,6.2,NA,NA
158,August - M081997,Rajasthan,Jaipur,NA,Industrial Area,7.9,15.6,NA,NA
219,August - M081997,Rajasthan,Alwar,Rajasthan Pollution Control Board,NA,13.8,82.5,NA,156
250,August - M081997,Rajasthan,Alwar,Rajasthan Pollution Control Board,NA,13,73.6,NA,144
243,August - M081997,Rajasthan,Alwar,Andhra Pradesh  Pollution Control Board,NA,12.9,77.1,NA,217
20,August - M081997,Rajasthan,Kota,Rajasthan Pollution Control Board,"Residential, Rural and other Areas",15.8,52,NA,68
17,August - M081997,Rajasthan,Kota,Rajasthan Pollution Control Board,Industrial Area,14,47,NA,149
18,August - M081997,Rajasthan,Kota,Rajasthan Pollution Control Board,Sensitive,13.3,48.1,NA,89
293,August - M081997,Rajasthan,Udaipur,Rajasthan State Pollution Control Board,"Residential, Rural and other Areas",NA,NA,NA,113
294,August - M081997,Rajasthan,Udaipur,Rajasthan State Pollution Control Board,"Residential, Rural and other Areas",NA,NA,NA,156
295,August - M081997,Rajasthan,Udaipur,Rajasthan State Pollution Control Board,Industrial Area,NA,NA,NA,195
272,August - M081997,Rajasthan,Jodhpur,RPCB,"Residential, Rural and other Areas",6.3,17.1,NA,193
273,August - M081997,Rajasthan,Jodhpur,Rajasthan State Pollution Control Board,"Residential, Rural and other Areas",6.1,16.5,NA,297
274,August - M081997,Rajasthan,Jodhpur,Rajasthan State Pollution Control Board,Industrial Area,7.1,25.6,NA,268
245,September - M091997,Rajasthan,Alwar,Rajasthan Pollution Control Board,NA,31,34.1,NA,123
157,September - M091997,Rajasthan,Jaipur,NA,"Residential, Rural and other Areas",6.8,9.3,NA,64
156,September - M091997,Rajasthan,Jaipur,NA,"Residential, Rural and other Areas",6.7,13.4,NA,108
158,September - M091997,Rajasthan,Jaipur,NA,Industrial Area,6.9,12.6,NA,198
243,September - M091997,Rajasthan,Alwar,Andhra Pradesh  Pollution Control Board,NA,12.9,80.3,NA,291
219,September - M091997,Rajasthan,Alwar,Rajasthan Pollution Control Board,NA,12.4,79.6,NA,157
250,September - M091997,Rajasthan,Alwar,Rajasthan Pollution Control Board,NA,13,81,NA,345
20,September - M091997,Rajasthan,Kota,Rajasthan Pollution Control Board,"Residential, Rural and other Areas",16.6,47.2,NA,91
17,September - M091997,Rajasthan,Kota,Rajasthan Pollution Control Board,Industrial Area,15.5,46.6,NA,128
18,September - M091997,Rajasthan,Kota,Rajasthan Pollution Control Board,Sensitive,15.9,44.3,NA,107
293,September - M091997,Rajasthan,Udaipur,Rajasthan State Pollution Control Board,"Residential, Rural and other Areas",NA,31.5,NA,108
294,September - M091997,Rajasthan,Udaipur,Rajasthan State Pollution Control Board,"Residential, Rural and other Areas",NA,61.8,NA,134
295,September - M091997,Rajasthan,Udaipur,Rajasthan State Pollution Control Board,Industrial Area,NA,46.4,NA,253
274,September - M091997,Rajasthan,Jodhpur,Rajasthan State Pollution Control Board,Industrial Area,12.7,22.4,NA,223
273,September - M091997,Rajasthan,Jodhpur,Rajasthan State Pollution Control Board,"Residential, Rural and other Areas",6.8,18.1,NA,315
272,September - M091997,Rajasthan,Jodhpur,RPCB,"Residential, Rural and other Areas",6.3,11.5,NA,135
245,October - M101997,Rajasthan,Alwar,Rajasthan Pollution Control Board,NA,31.5,35.6,NA,235
157,October - M101997,Rajasthan,Jaipur,NA,"Residential, Rural and other Areas",6,14.8,NA,59
156,October - M101997,Rajasthan,Jaipur,NA,"Residential, Rural and other Areas",6.2,17.5,NA,89
158,October - M101997,Rajasthan,Jaipur,NA,Industrial Area,6,18.2,NA,176
20,October - M101997,Rajasthan,Kota,Rajasthan Pollution Control Board,"Residential, Rural and other Areas",16.4,46.4,NA,140
17,October - M101997,Rajasthan,Kota,Rajasthan Pollution Control Board,Industrial Area,17,47.5,NA,199
18,October - M101997,Rajasthan,Kota,Rajasthan Pollution Control Board,Sensitive,16.1,48.4,NA,104
293,October - M101997,Rajasthan,Udaipur,Rajasthan State Pollution Control Board,"Residential, Rural and other Areas",NA,18.2,NA,174
294,October - M101997,Rajasthan,Udaipur,Rajasthan State Pollution Control Board,"Residential, Rural and other Areas",NA,31.3,NA,286
295,October - M101997,Rajasthan,Udaipur,Rajasthan State Pollution Control Board,Industrial Area,NA,29.2,NA,385
243,October - M101997,Rajasthan,Alwar,Andhra Pradesh  Pollution Control Board,NA,12.6,74.5,NA,307
250,October - M101997,Rajasthan,Alwar,Rajasthan Pollution Control Board,NA,12.7,78.7,NA,382
219,October - M101997,Rajasthan,Alwar,Rajasthan Pollution Control Board,NA,13.5,81.2,NA,307
272,October - M101997,Rajasthan,Jodhpur,RPCB,"Residential, Rural and other Areas",6.1,9.3,NA,149
273,October - M101997,Rajasthan,Jodhpur,Rajasthan State Pollution Control Board,"Residential, Rural and other Areas",7.5,13.1,NA,318
274,October - M101997,Rajasthan,Jodhpur,Rajasthan State Pollution Control Board,Industrial Area,6.1,12,NA,248
245,November - M111997,Rajasthan,Alwar,Rajasthan Pollution Control Board,NA,30.2,34.2,NA,287
157,November - M111997,Rajasthan,Jaipur,NA,"Residential, Rural and other Areas",6,9.9,NA,122
156,November - M111997,Rajasthan,Jaipur,NA,"Residential, Rural and other Areas",6.1,14.8,NA,149
158,November - M111997,Rajasthan,Jaipur,NA,Industrial Area,10.2,18.9,NA,192
20,November - M111997,Rajasthan,Kota,Rajasthan Pollution Control Board,"Residential, Rural and other Areas",20,49.3,NA,166
17,November - M111997,Rajasthan,Kota,Rajasthan Pollution Control Board,Industrial Area,15.9,49.8,NA,218
18,November - M111997,Rajasthan,Kota,Rajasthan Pollution Control Board,Sensitive,14.5,48.6,NA,152
293,November - M111997,Rajasthan,Udaipur,Rajasthan State Pollution Control Board,"Residential, Rural and other Areas",NA,65,NA,298
294,November - M111997,Rajasthan,Udaipur,Rajasthan State Pollution Control Board,"Residential, Rural and other Areas",NA,49.7,NA,191
295,November - M111997,Rajasthan,Udaipur,Rajasthan State Pollution Control Board,Industrial Area,NA,41,NA,408
272,November - M111997,Rajasthan,Jodhpur,RPCB,"Residential, Rural and other Areas",6.3,10.3,NA,220
273,November - M111997,Rajasthan,Jodhpur,Rajasthan State Pollution Control Board,"Residential, Rural and other Areas",10.6,23.3,NA,348
274,November - M111997,Rajasthan,Jodhpur,Rajasthan State Pollution Control Board,Industrial Area,10.8,19.1,NA,223
243,November - M111997,Rajasthan,Alwar,Andhra Pradesh  Pollution Control Board,NA,12.5,70.9,NA,437
250,November - M111997,Rajasthan,Alwar,Rajasthan Pollution Control Board,NA,12.8,73.7,NA,518
219,November - M111997,Rajasthan,Alwar,Rajasthan Pollution Control Board,NA,13,73.5,NA,310
245,December - M121997,Rajasthan,Alwar,Rajasthan Pollution Control Board,NA,33.1,36.1,NA,215
157,December - M121997,Rajasthan,Jaipur,NA,"Residential, Rural and other Areas",6,12.7,NA,118
156,December - M121997,Rajasthan,Jaipur,NA,"Residential, Rural and other Areas",6,12.9,NA,112
158,December - M121997,Rajasthan,Jaipur,NA,Industrial Area,6.3,10.7,NA,154
272,December - M121997,Rajasthan,Jodhpur,RPCB,"Residential, Rural and other Areas",6,8.4,NA,258
273,December - M121997,Rajasthan,Jodhpur,Rajasthan State Pollution Control Board,"Residential, Rural and other Areas",6.4,17.4,NA,342
274,December - M121997,Rajasthan,Jodhpur,Rajasthan State Pollution Control Board,Industrial Area,8.2,23.5,NA,343
17,December - M121997,Rajasthan,Kota,Rajasthan Pollution Control Board,Industrial Area,11.1,29.1,NA,229
18,December - M121997,Rajasthan,Kota,Rajasthan Pollution Control Board,Sensitive,12.7,30.2,NA,159
20,December - M121997,Rajasthan,Kota,Rajasthan Pollution Control Board,"Residential, Rural and other Areas",11.2,32,NA,220
243,December - M121997,Rajasthan,Alwar,Andhra Pradesh  Pollution Control Board,NA,12,69.9,NA,285
219,December - M121997,Rajasthan,Alwar,Rajasthan Pollution Control Board,NA,12.7,76.7,NA,177
250,December - M121997,Rajasthan,Alwar,Rajasthan Pollution Control Board,NA,13.3,79.4,NA,413
293,December - M121997,Rajasthan,Udaipur,Rajasthan State Pollution Control Board,"Residential, Rural and other Areas",NA,100.2,NA,292
294,December - M121997,Rajasthan,Udaipur,Rajasthan State Pollution Control Board,"Residential, Rural and other Areas",NA,59,NA,151
295,December - M121997,Rajasthan,Udaipur,Rajasthan State Pollution Control Board,Industrial Area,NA,65.1,NA,400
