Stn Code,Sampling Date,State,City/Town/Village/Area,Location of Monitoring Station,Agency,Type of Location,SO2,NO2,RSPM/PM10,SPM
340,25/02/2012,Meghalaya,Shillong,"State Tuberculosis Hospital, Shillong",Meghalaya State Pollution Control Board,"Residential, Rural and other Areas",2,9,114,NA
340,28/02/2012,Meghalaya,Shillong,"State Tuberculosis Hospital, Shillong",Meghalaya State Pollution Control Board,"Residential, Rural and other Areas",2,13,75,NA
120,1/3/2012,Meghalaya,Shillong,"Boards Office Permises, Lumpyngngad, Shillong",Meghalaya State Pollution Control Board,"Residential, Rural and other Areas",2,5,51,NA
120,1/5/2012,Meghalaya,Shillong,"Boards Office Permises, Lumpyngngad, Shillong",Meghalaya State Pollution Control Board,"Residential, Rural and other Areas",2,5,47,NA
120,1/10/2012,Meghalaya,Shillong,"Boards Office Permises, Lumpyngngad, Shillong",Meghalaya State Pollution Control Board,"Residential, Rural and other Areas",2,5,55,NA
120,1/12/2012,Meghalaya,Shillong,"Boards Office Permises, Lumpyngngad, Shillong",Meghalaya State Pollution Control Board,"Residential, Rural and other Areas",2,5,47,NA
120,17/01/2012,Meghalaya,Shillong,"Boards Office Permises, Lumpyngngad, Shillong",Meghalaya State Pollution Control Board,"Residential, Rural and other Areas",2,12,67,NA
120,19/01/2012,Meghalaya,Shillong,"Boards Office Permises, Lumpyngngad, Shillong",Meghalaya State Pollution Control Board,"Residential, Rural and other Areas",2,5,46,NA
120,24/01/2012,Meghalaya,Shillong,"Boards Office Permises, Lumpyngngad, Shillong",Meghalaya State Pollution Control Board,"Residential, Rural and other Areas",2,5,66,NA
120,25/01/2012,Meghalaya,Shillong,"Boards Office Permises, Lumpyngngad, Shillong",Meghalaya State Pollution Control Board,"Residential, Rural and other Areas",2,5,54,NA
120,31/01/2012,Meghalaya,Shillong,"Boards Office Permises, Lumpyngngad, Shillong",Meghalaya State Pollution Control Board,"Residential, Rural and other Areas",2,5,59,NA
120,2/2/2012,Meghalaya,Shillong,"Boards Office Permises, Lumpyngngad, Shillong",Meghalaya State Pollution Control Board,"Residential, Rural and other Areas",2,5,46,NA
120,2/7/2012,Meghalaya,Shillong,"Boards Office Permises, Lumpyngngad, Shillong",Meghalaya State Pollution Control Board,"Residential, Rural and other Areas",2,5,46,NA
120,2/9/2012,Meghalaya,Shillong,"Boards Office Permises, Lumpyngngad, Shillong",Meghalaya State Pollution Control Board,"Residential, Rural and other Areas",2,11,41,NA
120,14/02/2012,Meghalaya,Shillong,"Boards Office Permises, Lumpyngngad, Shillong",Meghalaya State Pollution Control Board,"Residential, Rural and other Areas",2,6,46,NA
120,16/02/2012,Meghalaya,Shillong,"Boards Office Permises, Lumpyngngad, Shillong",Meghalaya State Pollution Control Board,"Residential, Rural and other Areas",2,5,49,NA
120,21/02/2012,Meghalaya,Shillong,"Boards Office Permises, Lumpyngngad, Shillong",Meghalaya State Pollution Control Board,"Residential, Rural and other Areas",2,5,51,NA
120,23/02/2012,Meghalaya,Shillong,"Boards Office Permises, Lumpyngngad, Shillong",Meghalaya State Pollution Control Board,"Residential, Rural and other Areas",2,5,48,NA
120,28/02/2012,Meghalaya,Shillong,"Boards Office Permises, Lumpyngngad, Shillong",Meghalaya State Pollution Control Board,"Residential, Rural and other Areas",2,5,39,NA
120,3/1/2012,Meghalaya,Shillong,"Boards Office Permises, Lumpyngngad, Shillong",Meghalaya State Pollution Control Board,"Residential, Rural and other Areas",2,5,39,NA
120,3/4/2012,Meghalaya,Shillong,"Boards Office Permises, Lumpyngngad, Shillong",Meghalaya State Pollution Control Board,"Residential, Rural and other Areas",2,5,54,NA
120,3/8/2012,Meghalaya,Shillong,"Boards Office Permises, Lumpyngngad, Shillong",Meghalaya State Pollution Control Board,"Residential, Rural and other Areas",2,5,41,NA
120,13/03/2012,Meghalaya,Shillong,"Boards Office Permises, Lumpyngngad, Shillong",Meghalaya State Pollution Control Board,"Residential, Rural and other Areas",2,5,41,NA
120,15/03/2012,Meghalaya,Shillong,"Boards Office Permises, Lumpyngngad, Shillong",Meghalaya State Pollution Control Board,"Residential, Rural and other Areas",2,5,42,NA
120,20/03/2012,Meghalaya,Shillong,"Boards Office Permises, Lumpyngngad, Shillong",Meghalaya State Pollution Control Board,"Residential, Rural and other Areas",2,5,56,NA
120,22/03/2012,Meghalaya,Shillong,"Boards Office Permises, Lumpyngngad, Shillong",Meghalaya State Pollution Control Board,"Residential, Rural and other Areas",2,5,54,NA
120,27/03/2012,Meghalaya,Shillong,"Boards Office Permises, Lumpyngngad, Shillong",Meghalaya State Pollution Control Board,"Residential, Rural and other Areas",2,6,73,NA
120,29/03/2012,Meghalaya,Shillong,"Boards Office Permises, Lumpyngngad, Shillong",Meghalaya State Pollution Control Board,"Residential, Rural and other Areas",2,9,71,NA
120,4/3/2012,Meghalaya,Shillong,"Boards Office Permises, Lumpyngngad, Shillong",Meghalaya State Pollution Control Board,"Residential, Rural and other Areas",2,5,38,NA
120,4/5/2012,Meghalaya,Shillong,"Boards Office Permises, Lumpyngngad, Shillong",Meghalaya State Pollution Control Board,"Residential, Rural and other Areas",2,5,43,NA
120,4/10/2012,Meghalaya,Shillong,"Boards Office Permises, Lumpyngngad, Shillong",Meghalaya State Pollution Control Board,"Residential, Rural and other Areas",2,5,43,NA
120,4/12/2012,Meghalaya,Shillong,"Boards Office Permises, Lumpyngngad, Shillong",Meghalaya State Pollution Control Board,"Residential, Rural and other Areas",2,5,38,NA
120,17/04/2012,Meghalaya,Shillong,"Boards Office Permises, Lumpyngngad, Shillong",Meghalaya State Pollution Control Board,"Residential, Rural and other Areas",2,9,35,NA
120,19/04/2012,Meghalaya,Shillong,"Boards Office Permises, Lumpyngngad, Shillong",Meghalaya State Pollution Control Board,"Residential, Rural and other Areas",2,5,38,NA
120,24/04/2012,Meghalaya,Shillong,"Boards Office Permises, Lumpyngngad, Shillong",Meghalaya State Pollution Control Board,"Residential, Rural and other Areas",2,6,44,NA
120,26/04/2012,Meghalaya,Shillong,"Boards Office Permises, Lumpyngngad, Shillong",Meghalaya State Pollution Control Board,"Residential, Rural and other Areas",2,6,40,NA
120,5/1/2012,Meghalaya,Shillong,"Boards Office Permises, Lumpyngngad, Shillong",Meghalaya State Pollution Control Board,"Residential, Rural and other Areas",2,5,42,NA
120,5/3/2012,Meghalaya,Shillong,"Boards Office Permises, Lumpyngngad, Shillong",Meghalaya State Pollution Control Board,"Residential, Rural and other Areas",2,5,39,NA
120,5/8/2012,Meghalaya,Shillong,"Boards Office Permises, Lumpyngngad, Shillong",Meghalaya State Pollution Control Board,"Residential, Rural and other Areas",2,5,46,NA
120,5/10/2012,Meghalaya,Shillong,"Boards Office Permises, Lumpyngngad, Shillong",Meghalaya State Pollution Control Board,"Residential, Rural and other Areas",2,5,40,NA
120,15/05/2012,Meghalaya,Shillong,"Boards Office Permises, Lumpyngngad, Shillong",Meghalaya State Pollution Control Board,"Residential, Rural and other Areas",2,7,41,NA
120,17/05/2012,Meghalaya,Shillong,"Boards Office Permises, Lumpyngngad, Shillong",Meghalaya State Pollution Control Board,"Residential, Rural and other Areas",2,5,31,NA
120,22/05/2012,Meghalaya,Shillong,"Boards Office Permises, Lumpyngngad, Shillong",Meghalaya State Pollution Control Board,"Residential, Rural and other Areas",2,5,33,NA
120,24/05/2012,Meghalaya,Shillong,"Boards Office Permises, Lumpyngngad, Shillong",Meghalaya State Pollution Control Board,"Residential, Rural and other Areas",2,5,37,NA
120,29/05/2012,Meghalaya,Shillong,"Boards Office Permises, Lumpyngngad, Shillong",Meghalaya State Pollution Control Board,"Residential, Rural and other Areas",2,5,34,NA
120,31/05/2012,Meghalaya,Shillong,"Boards Office Permises, Lumpyngngad, Shillong",Meghalaya State Pollution Control Board,"Residential, Rural and other Areas",2,5,45,NA
120,6/5/2012,Meghalaya,Shillong,"Boards Office Permises, Lumpyngngad, Shillong",Meghalaya State Pollution Control Board,"Residential, Rural and other Areas",2,5,40,NA
120,6/7/2012,Meghalaya,Shillong,"Boards Office Permises, Lumpyngngad, Shillong",Meghalaya State Pollution Control Board,"Residential, Rural and other Areas",2,5,42,NA
120,6/12/2012,Meghalaya,Shillong,"Boards Office Permises, Lumpyngngad, Shillong",Meghalaya State Pollution Control Board,"Residential, Rural and other Areas",2,5,40,NA
120,14/06/2012,Meghalaya,Shillong,"Boards Office Permises, Lumpyngngad, Shillong",Meghalaya State Pollution Control Board,"Residential, Rural and other Areas",2,5,43,NA
120,19/06/2012,Meghalaya,Shillong,"Boards Office Permises, Lumpyngngad, Shillong",Meghalaya State Pollution Control Board,"Residential, Rural and other Areas",2,5,35,NA
120,21/06/2012,Meghalaya,Shillong,"Boards Office Permises, Lumpyngngad, Shillong",Meghalaya State Pollution Control Board,"Residential, Rural and other Areas",2,5,36,NA
120,26/06/2012,Meghalaya,Shillong,"Boards Office Permises, Lumpyngngad, Shillong",Meghalaya State Pollution Control Board,"Residential, Rural and other Areas",2,5,36,NA
120,28/06/2012,Meghalaya,Shillong,"Boards Office Permises, Lumpyngngad, Shillong",Meghalaya State Pollution Control Board,"Residential, Rural and other Areas",2,5,36,NA
120,7/3/2012,Meghalaya,Shillong,"Boards Office Permises, Lumpyngngad, Shillong",Meghalaya State Pollution Control Board,"Residential, Rural and other Areas",2,5,41,NA
120,7/5/2012,Meghalaya,Shillong,"Boards Office Permises, Lumpyngngad, Shillong",Meghalaya State Pollution Control Board,"Residential, Rural and other Areas",2,5,38,NA
120,7/10/2012,Meghalaya,Shillong,"Boards Office Permises, Lumpyngngad, Shillong",Meghalaya State Pollution Control Board,"Residential, Rural and other Areas",2,5,34,NA
120,7/12/2012,Meghalaya,Shillong,"Boards Office Permises, Lumpyngngad, Shillong",Meghalaya State Pollution Control Board,"Residential, Rural and other Areas",2,5,35,NA
120,17/07/2012,Meghalaya,Shillong,"Boards Office Permises, Lumpyngngad, Shillong",Meghalaya State Pollution Control Board,"Residential, Rural and other Areas",2,5,38,NA
120,19/07/2012,Meghalaya,Shillong,"Boards Office Permises, Lumpyngngad, Shillong",Meghalaya State Pollution Control Board,"Residential, Rural and other Areas",2,5,41,NA
120,24/07/2012,Meghalaya,Shillong,"Boards Office Permises, Lumpyngngad, Shillong",Meghalaya State Pollution Control Board,"Residential, Rural and other Areas",2,5,37,NA
120,26/07/2012,Meghalaya,Shillong,"Boards Office Permises, Lumpyngngad, Shillong",Meghalaya State Pollution Control Board,"Residential, Rural and other Areas",2,5,47,NA
120,31/07/2012,Meghalaya,Shillong,"Boards Office Permises, Lumpyngngad, Shillong",Meghalaya State Pollution Control Board,"Residential, Rural and other Areas",2,5,49,NA
120,8/2/2012,Meghalaya,Shillong,"Boards Office Permises, Lumpyngngad, Shillong",Meghalaya State Pollution Control Board,"Residential, Rural and other Areas",2,5,37,NA
120,8/7/2012,Meghalaya,Shillong,"Boards Office Permises, Lumpyngngad, Shillong",Meghalaya State Pollution Control Board,"Residential, Rural and other Areas",2,5,39,NA
120,8/9/2012,Meghalaya,Shillong,"Boards Office Permises, Lumpyngngad, Shillong",Meghalaya State Pollution Control Board,"Residential, Rural and other Areas",2,5,39,NA
120,13/08/2012,Meghalaya,Shillong,"Boards Office Permises, Lumpyngngad, Shillong",Meghalaya State Pollution Control Board,"Residential, Rural and other Areas",2,5,43,NA
120,16/08/2012,Meghalaya,Shillong,"Boards Office Permises, Lumpyngngad, Shillong",Meghalaya State Pollution Control Board,"Residential, Rural and other Areas",2,5,39,NA
120,21/08/2012,Meghalaya,Shillong,"Boards Office Permises, Lumpyngngad, Shillong",Meghalaya State Pollution Control Board,"Residential, Rural and other Areas",2,5,34,NA
120,23/08/2012,Meghalaya,Shillong,"Boards Office Permises, Lumpyngngad, Shillong",Meghalaya State Pollution Control Board,"Residential, Rural and other Areas",2,5,37,NA
120,28/08/2012,Meghalaya,Shillong,"Boards Office Permises, Lumpyngngad, Shillong",Meghalaya State Pollution Control Board,"Residential, Rural and other Areas",2,5,34,NA
120,30/08/2012,Meghalaya,Shillong,"Boards Office Permises, Lumpyngngad, Shillong",Meghalaya State Pollution Control Board,"Residential, Rural and other Areas",2,5,38,NA
120,9/4/2012,Meghalaya,Shillong,"Boards Office Permises, Lumpyngngad, Shillong",Meghalaya State Pollution Control Board,"Residential, Rural and other Areas",2,5,29,NA
120,9/6/2012,Meghalaya,Shillong,"Boards Office Permises, Lumpyngngad, Shillong",Meghalaya State Pollution Control Board,"Residential, Rural and other Areas",2,5,29,NA
120,9/11/2012,Meghalaya,Shillong,"Boards Office Permises, Lumpyngngad, Shillong",Meghalaya State Pollution Control Board,"Residential, Rural and other Areas",2,5,30,NA
120,13/09/2012,Meghalaya,Shillong,"Boards Office Permises, Lumpyngngad, Shillong",Meghalaya State Pollution Control Board,"Residential, Rural and other Areas",2,5,31,NA
120,17/09/2012,Meghalaya,Shillong,"Boards Office Permises, Lumpyngngad, Shillong",Meghalaya State Pollution Control Board,"Residential, Rural and other Areas",2,5,35,NA
120,19/09/2012,Meghalaya,Shillong,"Boards Office Permises, Lumpyngngad, Shillong",Meghalaya State Pollution Control Board,"Residential, Rural and other Areas",2,5,37,NA
120,25/09/2012,Meghalaya,Shillong,"Boards Office Permises, Lumpyngngad, Shillong",Meghalaya State Pollution Control Board,"Residential, Rural and other Areas",2,5,35,NA
120,27/09/2012,Meghalaya,Shillong,"Boards Office Permises, Lumpyngngad, Shillong",Meghalaya State Pollution Control Board,"Residential, Rural and other Areas",2,5,32,NA
120,10/3/2012,Meghalaya,Shillong,"Boards Office Permises, Lumpyngngad, Shillong",Meghalaya State Pollution Control Board,"Residential, Rural and other Areas",2,5,32,NA
120,10/4/2012,Meghalaya,Shillong,"Boards Office Permises, Lumpyngngad, Shillong",Meghalaya State Pollution Control Board,"Residential, Rural and other Areas",2,5,35,NA
120,10/10/2012,Meghalaya,Shillong,"Boards Office Permises, Lumpyngngad, Shillong",Meghalaya State Pollution Control Board,"Residential, Rural and other Areas",2,5,38,NA
120,10/11/2012,Meghalaya,Shillong,"Boards Office Permises, Lumpyngngad, Shillong",Meghalaya State Pollution Control Board,"Residential, Rural and other Areas",2,5,31,NA
120,16/10/2012,Meghalaya,Shillong,"Boards Office Permises, Lumpyngngad, Shillong",Meghalaya State Pollution Control Board,"Residential, Rural and other Areas",2,5,35,NA
120,18/10/2012,Meghalaya,Shillong,"Boards Office Permises, Lumpyngngad, Shillong",Meghalaya State Pollution Control Board,"Residential, Rural and other Areas",2,5,38,NA
120,25/10/2012,Meghalaya,Shillong,"Boards Office Permises, Lumpyngngad, Shillong",Meghalaya State Pollution Control Board,"Residential, Rural and other Areas",2,5,34,NA
120,26/10/2012,Meghalaya,Shillong,"Boards Office Permises, Lumpyngngad, Shillong",Meghalaya State Pollution Control Board,"Residential, Rural and other Areas",2,5,37,NA
120,30/10/2012,Meghalaya,Shillong,"Boards Office Permises, Lumpyngngad, Shillong",Meghalaya State Pollution Control Board,"Residential, Rural and other Areas",2,5,38,NA
588,1/3/2012,Meghalaya,Dawki,"Terrace building, Dawki, Jaintia Hills District, Meghalaya",Meghalaya State Pollution Control Board,"Residential, Rural and other Areas",2,6,63,NA
588,1/4/2012,Meghalaya,Dawki,"Terrace building, Dawki, Jaintia Hills District, Meghalaya",Meghalaya State Pollution Control Board,"Residential, Rural and other Areas",2,9,76,NA
588,1/10/2012,Meghalaya,Dawki,"Terrace building, Dawki, Jaintia Hills District, Meghalaya",Meghalaya State Pollution Control Board,"Residential, Rural and other Areas",2,8,74,NA
588,1/11/2012,Meghalaya,Dawki,"Terrace building, Dawki, Jaintia Hills District, Meghalaya",Meghalaya State Pollution Control Board,"Residential, Rural and other Areas",2,5,78,NA
588,17/01/2012,Meghalaya,Dawki,"Terrace building, Dawki, Jaintia Hills District, Meghalaya",Meghalaya State Pollution Control Board,"Residential, Rural and other Areas",2,12,72,NA
588,18/01/2012,Meghalaya,Dawki,"Terrace building, Dawki, Jaintia Hills District, Meghalaya",Meghalaya State Pollution Control Board,"Residential, Rural and other Areas",2,11,70,NA
588,23/01/2012,Meghalaya,Dawki,"Terrace building, Dawki, Jaintia Hills District, Meghalaya",Meghalaya State Pollution Control Board,"Residential, Rural and other Areas",2,5,78,NA
588,24/01/2012,Meghalaya,Dawki,"Terrace building, Dawki, Jaintia Hills District, Meghalaya",Meghalaya State Pollution Control Board,"Residential, Rural and other Areas",2,5,70,NA
588,31/01/2012,Meghalaya,Dawki,"Terrace building, Dawki, Jaintia Hills District, Meghalaya",Meghalaya State Pollution Control Board,"Residential, Rural and other Areas",2,5,79,NA
588,2/1/2012,Meghalaya,Dawki,"Terrace building, Dawki, Jaintia Hills District, Meghalaya",Meghalaya State Pollution Control Board,"Residential, Rural and other Areas",2,6,81,NA
588,2/7/2012,Meghalaya,Dawki,"Terrace building, Dawki, Jaintia Hills District, Meghalaya",Meghalaya State Pollution Control Board,"Residential, Rural and other Areas",2,14,71,NA
588,2/8/2012,Meghalaya,Dawki,"Terrace building, Dawki, Jaintia Hills District, Meghalaya",Meghalaya State Pollution Control Board,"Residential, Rural and other Areas",2,14,63,NA
588,14/02/2012,Meghalaya,Dawki,"Terrace building, Dawki, Jaintia Hills District, Meghalaya",Meghalaya State Pollution Control Board,"Residential, Rural and other Areas",3,13,79,NA
588,15/02/2012,Meghalaya,Dawki,"Terrace building, Dawki, Jaintia Hills District, Meghalaya",Meghalaya State Pollution Control Board,"Residential, Rural and other Areas",5,10,84,NA
588,21/02/2012,Meghalaya,Dawki,"Terrace building, Dawki, Jaintia Hills District, Meghalaya",Meghalaya State Pollution Control Board,"Residential, Rural and other Areas",6,14,76,NA
588,22/02/2012,Meghalaya,Dawki,"Terrace building, Dawki, Jaintia Hills District, Meghalaya",Meghalaya State Pollution Control Board,"Residential, Rural and other Areas",2,5,72,NA
588,28/02/2012,Meghalaya,Dawki,"Terrace building, Dawki, Jaintia Hills District, Meghalaya",Meghalaya State Pollution Control Board,"Residential, Rural and other Areas",2,5,66,NA
588,29/02/2012,Meghalaya,Dawki,"Terrace building, Dawki, Jaintia Hills District, Meghalaya",Meghalaya State Pollution Control Board,"Residential, Rural and other Areas",2,5,72,NA
588,3/6/2012,Meghalaya,Dawki,"Terrace building, Dawki, Jaintia Hills District, Meghalaya",Meghalaya State Pollution Control Board,"Residential, Rural and other Areas",2,7,58,NA
588,3/8/2012,Meghalaya,Dawki,"Terrace building, Dawki, Jaintia Hills District, Meghalaya",Meghalaya State Pollution Control Board,"Residential, Rural and other Areas",2,13,57,NA
588,13/03/2012,Meghalaya,Dawki,"Terrace building, Dawki, Jaintia Hills District, Meghalaya",Meghalaya State Pollution Control Board,"Residential, Rural and other Areas",2,16,53,NA
588,15/03/2012,Meghalaya,Dawki,"Terrace building, Dawki, Jaintia Hills District, Meghalaya",Meghalaya State Pollution Control Board,"Residential, Rural and other Areas",2,14,57,NA
588,20/03/2012,Meghalaya,Dawki,"Terrace building, Dawki, Jaintia Hills District, Meghalaya",Meghalaya State Pollution Control Board,"Residential, Rural and other Areas",2,10,24,NA
588,22/03/2012,Meghalaya,Dawki,"Terrace building, Dawki, Jaintia Hills District, Meghalaya",Meghalaya State Pollution Control Board,"Residential, Rural and other Areas",2,11,52,NA
588,27/03/2012,Meghalaya,Dawki,"Terrace building, Dawki, Jaintia Hills District, Meghalaya",Meghalaya State Pollution Control Board,"Residential, Rural and other Areas",2,11,48,NA
588,29/03/2012,Meghalaya,Dawki,"Terrace building, Dawki, Jaintia Hills District, Meghalaya",Meghalaya State Pollution Control Board,"Residential, Rural and other Areas",2,14,55,NA
588,4/3/2012,Meghalaya,Dawki,"Terrace building, Dawki, Jaintia Hills District, Meghalaya",Meghalaya State Pollution Control Board,"Residential, Rural and other Areas",2,9,51,NA
588,4/4/2012,Meghalaya,Dawki,"Terrace building, Dawki, Jaintia Hills District, Meghalaya",Meghalaya State Pollution Control Board,"Residential, Rural and other Areas",2,7,25,NA
588,4/10/2012,Meghalaya,Dawki,"Terrace building, Dawki, Jaintia Hills District, Meghalaya",Meghalaya State Pollution Control Board,"Residential, Rural and other Areas",2,9,48,NA
588,4/11/2012,Meghalaya,Dawki,"Terrace building, Dawki, Jaintia Hills District, Meghalaya",Meghalaya State Pollution Control Board,"Residential, Rural and other Areas",2,8,52,NA
588,17/04/2012,Meghalaya,Dawki,"Terrace building, Dawki, Jaintia Hills District, Meghalaya",Meghalaya State Pollution Control Board,"Residential, Rural and other Areas",2,10,43,NA
588,18/04/2012,Meghalaya,Dawki,"Terrace building, Dawki, Jaintia Hills District, Meghalaya",Meghalaya State Pollution Control Board,"Residential, Rural and other Areas",2,10,39,NA
588,24/04/2012,Meghalaya,Dawki,"Terrace building, Dawki, Jaintia Hills District, Meghalaya",Meghalaya State Pollution Control Board,"Residential, Rural and other Areas",2,5,25,NA
588,25/04/2012,Meghalaya,Dawki,"Terrace building, Dawki, Jaintia Hills District, Meghalaya",Meghalaya State Pollution Control Board,"Residential, Rural and other Areas",2,5,34,NA
588,5/1/2012,Meghalaya,Dawki,"Terrace building, Dawki, Jaintia Hills District, Meghalaya",Meghalaya State Pollution Control Board,"Residential, Rural and other Areas",2,7,38,NA
588,5/2/2012,Meghalaya,Dawki,"Terrace building, Dawki, Jaintia Hills District, Meghalaya",Meghalaya State Pollution Control Board,"Residential, Rural and other Areas",2,5,40,NA
588,5/8/2012,Meghalaya,Dawki,"Terrace building, Dawki, Jaintia Hills District, Meghalaya",Meghalaya State Pollution Control Board,"Residential, Rural and other Areas",2,7,33,NA
588,5/9/2012,Meghalaya,Dawki,"Terrace building, Dawki, Jaintia Hills District, Meghalaya",Meghalaya State Pollution Control Board,"Residential, Rural and other Areas",2,9,40,NA
588,15/05/2012,Meghalaya,Dawki,"Terrace building, Dawki, Jaintia Hills District, Meghalaya",Meghalaya State Pollution Control Board,"Residential, Rural and other Areas",2,8,29,NA
588,16/05/2012,Meghalaya,Dawki,"Terrace building, Dawki, Jaintia Hills District, Meghalaya",Meghalaya State Pollution Control Board,"Residential, Rural and other Areas",2,9,25,NA
588,22/05/2012,Meghalaya,Dawki,"Terrace building, Dawki, Jaintia Hills District, Meghalaya",Meghalaya State Pollution Control Board,"Residential, Rural and other Areas",2,5,27,NA
588,23/05/2012,Meghalaya,Dawki,"Terrace building, Dawki, Jaintia Hills District, Meghalaya",Meghalaya State Pollution Control Board,"Residential, Rural and other Areas",2,5,20,NA
588,29/05/2012,Meghalaya,Dawki,"Terrace building, Dawki, Jaintia Hills District, Meghalaya",Meghalaya State Pollution Control Board,"Residential, Rural and other Areas",2,5,40,NA
588,30/05/2012,Meghalaya,Dawki,"Terrace building, Dawki, Jaintia Hills District, Meghalaya",Meghalaya State Pollution Control Board,"Residential, Rural and other Areas",2,5,40,NA
588,6/5/2012,Meghalaya,Dawki,"Terrace building, Dawki, Jaintia Hills District, Meghalaya",Meghalaya State Pollution Control Board,"Residential, Rural and other Areas",2,8,38,NA
588,6/6/2012,Meghalaya,Dawki,"Terrace building, Dawki, Jaintia Hills District, Meghalaya",Meghalaya State Pollution Control Board,"Residential, Rural and other Areas",2,6,25,NA
588,6/12/2012,Meghalaya,Dawki,"Terrace building, Dawki, Jaintia Hills District, Meghalaya",Meghalaya State Pollution Control Board,"Residential, Rural and other Areas",2,5,17,NA
588,13/06/2012,Meghalaya,Dawki,"Terrace building, Dawki, Jaintia Hills District, Meghalaya",Meghalaya State Pollution Control Board,"Residential, Rural and other Areas",2,6,25,NA
588,19/06/2012,Meghalaya,Dawki,"Terrace building, Dawki, Jaintia Hills District, Meghalaya",Meghalaya State Pollution Control Board,"Residential, Rural and other Areas",2,5,14,NA
588,20/06/2012,Meghalaya,Dawki,"Terrace building, Dawki, Jaintia Hills District, Meghalaya",Meghalaya State Pollution Control Board,"Residential, Rural and other Areas",2,7,32,NA
588,26/06/2012,Meghalaya,Dawki,"Terrace building, Dawki, Jaintia Hills District, Meghalaya",Meghalaya State Pollution Control Board,"Residential, Rural and other Areas",2,5,20,NA
588,27/06/2012,Meghalaya,Dawki,"Terrace building, Dawki, Jaintia Hills District, Meghalaya",Meghalaya State Pollution Control Board,"Residential, Rural and other Areas",2,9,25,NA
588,7/3/2012,Meghalaya,Dawki,"Terrace building, Dawki, Jaintia Hills District, Meghalaya",Meghalaya State Pollution Control Board,"Residential, Rural and other Areas",2,9,30,NA
588,7/4/2012,Meghalaya,Dawki,"Terrace building, Dawki, Jaintia Hills District, Meghalaya",Meghalaya State Pollution Control Board,"Residential, Rural and other Areas",2,10,24,NA
588,7/10/2012,Meghalaya,Dawki,"Terrace building, Dawki, Jaintia Hills District, Meghalaya",Meghalaya State Pollution Control Board,"Residential, Rural and other Areas",2,5,25,NA
588,7/11/2012,Meghalaya,Dawki,"Terrace building, Dawki, Jaintia Hills District, Meghalaya",Meghalaya State Pollution Control Board,"Residential, Rural and other Areas",2,5,18,NA
588,17/07/2012,Meghalaya,Dawki,"Terrace building, Dawki, Jaintia Hills District, Meghalaya",Meghalaya State Pollution Control Board,"Residential, Rural and other Areas",2,10,23,NA
588,18/07/2012,Meghalaya,Dawki,"Terrace building, Dawki, Jaintia Hills District, Meghalaya",Meghalaya State Pollution Control Board,"Residential, Rural and other Areas",2,9,33,NA
588,24/07/2012,Meghalaya,Dawki,"Terrace building, Dawki, Jaintia Hills District, Meghalaya",Meghalaya State Pollution Control Board,"Residential, Rural and other Areas",2,5,36,NA
588,25/07/2012,Meghalaya,Dawki,"Terrace building, Dawki, Jaintia Hills District, Meghalaya",Meghalaya State Pollution Control Board,"Residential, Rural and other Areas",2,5,26,NA
588,31/07/2012,Meghalaya,Dawki,"Terrace building, Dawki, Jaintia Hills District, Meghalaya",Meghalaya State Pollution Control Board,"Residential, Rural and other Areas",2,5,21,NA
588,8/7/2012,Meghalaya,Dawki,"Terrace building, Dawki, Jaintia Hills District, Meghalaya",Meghalaya State Pollution Control Board,"Residential, Rural and other Areas",2,5,41,NA
588,8/8/2012,Meghalaya,Dawki,"Terrace building, Dawki, Jaintia Hills District, Meghalaya",Meghalaya State Pollution Control Board,"Residential, Rural and other Areas",2,5,41,NA
588,14/08/2012,Meghalaya,Dawki,"Terrace building, Dawki, Jaintia Hills District, Meghalaya",Meghalaya State Pollution Control Board,"Residential, Rural and other Areas",2,5,37,NA
588,15/08/2012,Meghalaya,Dawki,"Terrace building, Dawki, Jaintia Hills District, Meghalaya",Meghalaya State Pollution Control Board,"Residential, Rural and other Areas",2,5,33,NA
588,21/08/2012,Meghalaya,Dawki,"Terrace building, Dawki, Jaintia Hills District, Meghalaya",Meghalaya State Pollution Control Board,"Residential, Rural and other Areas",2,5,37,NA
588,22/08/2012,Meghalaya,Dawki,"Terrace building, Dawki, Jaintia Hills District, Meghalaya",Meghalaya State Pollution Control Board,"Residential, Rural and other Areas",2,9,37,NA
588,28/08/2012,Meghalaya,Dawki,"Terrace building, Dawki, Jaintia Hills District, Meghalaya",Meghalaya State Pollution Control Board,"Residential, Rural and other Areas",2,15,33,NA
588,29/08/2012,Meghalaya,Dawki,"Terrace building, Dawki, Jaintia Hills District, Meghalaya",Meghalaya State Pollution Control Board,"Residential, Rural and other Areas",2,15,35,NA
588,9/4/2012,Meghalaya,Dawki,"Terrace building, Dawki, Jaintia Hills District, Meghalaya",Meghalaya State Pollution Control Board,"Residential, Rural and other Areas",2,5,44,NA
588,9/5/2012,Meghalaya,Dawki,"Terrace building, Dawki, Jaintia Hills District, Meghalaya",Meghalaya State Pollution Control Board,"Residential, Rural and other Areas",2,10,46,NA
588,9/11/2012,Meghalaya,Dawki,"Terrace building, Dawki, Jaintia Hills District, Meghalaya",Meghalaya State Pollution Control Board,"Residential, Rural and other Areas",2,8,45,NA
588,9/12/2012,Meghalaya,Dawki,"Terrace building, Dawki, Jaintia Hills District, Meghalaya",Meghalaya State Pollution Control Board,"Residential, Rural and other Areas",2,10,37,NA
588,18/09/2012,Meghalaya,Dawki,"Terrace building, Dawki, Jaintia Hills District, Meghalaya",Meghalaya State Pollution Control Board,"Residential, Rural and other Areas",2,6,40,NA
588,19/09/2012,Meghalaya,Dawki,"Terrace building, Dawki, Jaintia Hills District, Meghalaya",Meghalaya State Pollution Control Board,"Residential, Rural and other Areas",2,8,45,NA
588,25/09/2012,Meghalaya,Dawki,"Terrace building, Dawki, Jaintia Hills District, Meghalaya",Meghalaya State Pollution Control Board,"Residential, Rural and other Areas",2,11,37,NA
588,26/09/2012,Meghalaya,Dawki,"Terrace building, Dawki, Jaintia Hills District, Meghalaya",Meghalaya State Pollution Control Board,"Residential, Rural and other Areas",2,10,41,NA
588,10/2/2012,Meghalaya,Dawki,"Terrace building, Dawki, Jaintia Hills District, Meghalaya",Meghalaya State Pollution Control Board,"Residential, Rural and other Areas",2,5,43,NA
588,10/3/2012,Meghalaya,Dawki,"Terrace building, Dawki, Jaintia Hills District, Meghalaya",Meghalaya State Pollution Control Board,"Residential, Rural and other Areas",2,5,43,NA
588,10/9/2012,Meghalaya,Dawki,"Terrace building, Dawki, Jaintia Hills District, Meghalaya",Meghalaya State Pollution Control Board,"Residential, Rural and other Areas",2,10,40,NA
588,10/10/2012,Meghalaya,Dawki,"Terrace building, Dawki, Jaintia Hills District, Meghalaya",Meghalaya State Pollution Control Board,"Residential, Rural and other Areas",2,9,40,NA
588,16/10/2012,Meghalaya,Dawki,"Terrace building, Dawki, Jaintia Hills District, Meghalaya",Meghalaya State Pollution Control Board,"Residential, Rural and other Areas",2,10,42,NA
588,17/10/2012,Meghalaya,Dawki,"Terrace building, Dawki, Jaintia Hills District, Meghalaya",Meghalaya State Pollution Control Board,"Residential, Rural and other Areas",2,10,42,NA
588,23/10/2012,Meghalaya,Dawki,"Terrace building, Dawki, Jaintia Hills District, Meghalaya",Meghalaya State Pollution Control Board,"Residential, Rural and other Areas",2,7,44,NA
588,24/10/2012,Meghalaya,Dawki,"Terrace building, Dawki, Jaintia Hills District, Meghalaya",Meghalaya State Pollution Control Board,"Residential, Rural and other Areas",2,8,44,NA
588,30/10/2012,Meghalaya,Dawki,"Terrace building, Dawki, Jaintia Hills District, Meghalaya",Meghalaya State Pollution Control Board,"Residential, Rural and other Areas",2,10,40,NA
588,31/10/2012,Meghalaya,Dawki,"Terrace building, Dawki, Jaintia Hills District, Meghalaya",Meghalaya State Pollution Control Board,"Residential, Rural and other Areas",2,10,42,NA
568,1/3/2012,Meghalaya,Byrnihat,"Export Promotion Industrial Park (EPIP). Byrnihat,Ri-Bhoi dist Meghalaya",Meghalaya State Pollution Control Board,Industrial Area,40,17,134.17,NA
568,1/4/2012,Meghalaya,Byrnihat,"Export Promotion Industrial Park (EPIP). Byrnihat,Ri-Bhoi dist Meghalaya",Meghalaya State Pollution Control Board,Industrial Area,39,19,135.1,NA
568,1/10/2012,Meghalaya,Byrnihat,"Export Promotion Industrial Park (EPIP). Byrnihat,Ri-Bhoi dist Meghalaya",Meghalaya State Pollution Control Board,Industrial Area,33,22,142.37,NA
568,1/11/2012,Meghalaya,Byrnihat,"Export Promotion Industrial Park (EPIP). Byrnihat,Ri-Bhoi dist Meghalaya",Meghalaya State Pollution Control Board,Industrial Area,40,22,161,NA
568,17/01/2012,Meghalaya,Byrnihat,"Export Promotion Industrial Park (EPIP). Byrnihat,Ri-Bhoi dist Meghalaya",Meghalaya State Pollution Control Board,Industrial Area,32,38,170.73,NA
568,18/01/2012,Meghalaya,Byrnihat,"Export Promotion Industrial Park (EPIP). Byrnihat,Ri-Bhoi dist Meghalaya",Meghalaya State Pollution Control Board,Industrial Area,43,29,148.97,NA
568,23/01/2012,Meghalaya,Byrnihat,"Export Promotion Industrial Park (EPIP). Byrnihat,Ri-Bhoi dist Meghalaya",Meghalaya State Pollution Control Board,Industrial Area,42,35,189.33,NA
568,24/01/2012,Meghalaya,Byrnihat,"Export Promotion Industrial Park (EPIP). Byrnihat,Ri-Bhoi dist Meghalaya",Meghalaya State Pollution Control Board,Industrial Area,35,24,154.77,NA
568,31/01/2012,Meghalaya,Byrnihat,"Export Promotion Industrial Park (EPIP). Byrnihat,Ri-Bhoi dist Meghalaya",Meghalaya State Pollution Control Board,Industrial Area,41,24,150.07,NA
568,2/1/2012,Meghalaya,Byrnihat,"Export Promotion Industrial Park (EPIP). Byrnihat,Ri-Bhoi dist Meghalaya",Meghalaya State Pollution Control Board,Industrial Area,30,23,149.43,NA
568,2/7/2012,Meghalaya,Byrnihat,"Export Promotion Industrial Park (EPIP). Byrnihat,Ri-Bhoi dist Meghalaya",Meghalaya State Pollution Control Board,Industrial Area,29,20,131.17,NA
568,2/8/2012,Meghalaya,Byrnihat,"Export Promotion Industrial Park (EPIP). Byrnihat,Ri-Bhoi dist Meghalaya",Meghalaya State Pollution Control Board,Industrial Area,31,19,133.87,NA
568,14/02/2012,Meghalaya,Byrnihat,"Export Promotion Industrial Park (EPIP). Byrnihat,Ri-Bhoi dist Meghalaya",Meghalaya State Pollution Control Board,Industrial Area,35,22,161.4,NA
568,15/02/2012,Meghalaya,Byrnihat,"Export Promotion Industrial Park (EPIP). Byrnihat,Ri-Bhoi dist Meghalaya",Meghalaya State Pollution Control Board,Industrial Area,42,22,155.27,NA
568,21/02/2012,Meghalaya,Byrnihat,"Export Promotion Industrial Park (EPIP). Byrnihat,Ri-Bhoi dist Meghalaya",Meghalaya State Pollution Control Board,Industrial Area,33,19,119.17,NA
568,22/02/2012,Meghalaya,Byrnihat,"Export Promotion Industrial Park (EPIP). Byrnihat,Ri-Bhoi dist Meghalaya",Meghalaya State Pollution Control Board,Industrial Area,44,20,120.43,NA
568,28/02/2012,Meghalaya,Byrnihat,"Export Promotion Industrial Park (EPIP). Byrnihat,Ri-Bhoi dist Meghalaya",Meghalaya State Pollution Control Board,Industrial Area,32,23,128.2,NA
568,29/02/2012,Meghalaya,Byrnihat,"Export Promotion Industrial Park (EPIP). Byrnihat,Ri-Bhoi dist Meghalaya",Meghalaya State Pollution Control Board,Industrial Area,29,19,135.1,NA
568,3/6/2012,Meghalaya,Byrnihat,"Export Promotion Industrial Park (EPIP). Byrnihat,Ri-Bhoi dist Meghalaya",Meghalaya State Pollution Control Board,Industrial Area,49,27,163.97,NA
568,3/7/2012,Meghalaya,Byrnihat,"Export Promotion Industrial Park (EPIP). Byrnihat,Ri-Bhoi dist Meghalaya",Meghalaya State Pollution Control Board,Industrial Area,42,26,155.47,NA
568,3/12/2012,Meghalaya,Byrnihat,"Export Promotion Industrial Park (EPIP). Byrnihat,Ri-Bhoi dist Meghalaya",Meghalaya State Pollution Control Board,Industrial Area,34,34,208.9,NA
568,13/03/2012,Meghalaya,Byrnihat,"Export Promotion Industrial Park (EPIP). Byrnihat,Ri-Bhoi dist Meghalaya",Meghalaya State Pollution Control Board,Industrial Area,48,33,160.87,NA
568,20/03/2012,Meghalaya,Byrnihat,"Export Promotion Industrial Park (EPIP). Byrnihat,Ri-Bhoi dist Meghalaya",Meghalaya State Pollution Control Board,Industrial Area,49,22,164.77,NA
568,21/03/2012,Meghalaya,Byrnihat,"Export Promotion Industrial Park (EPIP). Byrnihat,Ri-Bhoi dist Meghalaya",Meghalaya State Pollution Control Board,Industrial Area,53,17,155.67,NA
568,27/03/2012,Meghalaya,Byrnihat,"Export Promotion Industrial Park (EPIP). Byrnihat,Ri-Bhoi dist Meghalaya",Meghalaya State Pollution Control Board,Industrial Area,50,19,160.8,NA
568,28/03/2012,Meghalaya,Byrnihat,"Export Promotion Industrial Park (EPIP). Byrnihat,Ri-Bhoi dist Meghalaya",Meghalaya State Pollution Control Board,Industrial Area,55,23,175.8,NA
568,4/3/2012,Meghalaya,Byrnihat,"Export Promotion Industrial Park (EPIP). Byrnihat,Ri-Bhoi dist Meghalaya",Meghalaya State Pollution Control Board,Industrial Area,59,23,149.4,NA
568,4/4/2012,Meghalaya,Byrnihat,"Export Promotion Industrial Park (EPIP). Byrnihat,Ri-Bhoi dist Meghalaya",Meghalaya State Pollution Control Board,Industrial Area,52,19,143.87,NA
568,4/10/2012,Meghalaya,Byrnihat,"Export Promotion Industrial Park (EPIP). Byrnihat,Ri-Bhoi dist Meghalaya",Meghalaya State Pollution Control Board,Industrial Area,49,19,144,NA
568,4/11/2012,Meghalaya,Byrnihat,"Export Promotion Industrial Park (EPIP). Byrnihat,Ri-Bhoi dist Meghalaya",Meghalaya State Pollution Control Board,Industrial Area,51,25,153.77,NA
568,17/04/2012,Meghalaya,Byrnihat,"Export Promotion Industrial Park (EPIP). Byrnihat,Ri-Bhoi dist Meghalaya",Meghalaya State Pollution Control Board,Industrial Area,62,24,148.47,NA
568,18/04/2012,Meghalaya,Byrnihat,"Export Promotion Industrial Park (EPIP). Byrnihat,Ri-Bhoi dist Meghalaya",Meghalaya State Pollution Control Board,Industrial Area,46,30,143.97,NA
568,24/04/2012,Meghalaya,Byrnihat,"Export Promotion Industrial Park (EPIP). Byrnihat,Ri-Bhoi dist Meghalaya",Meghalaya State Pollution Control Board,Industrial Area,55,26,183.2,NA
568,25/04/2012,Meghalaya,Byrnihat,"Export Promotion Industrial Park (EPIP). Byrnihat,Ri-Bhoi dist Meghalaya",Meghalaya State Pollution Control Board,Industrial Area,55,24,167.67,NA
568,5/1/2012,Meghalaya,Byrnihat,"Export Promotion Industrial Park (EPIP). Byrnihat,Ri-Bhoi dist Meghalaya",Meghalaya State Pollution Control Board,Industrial Area,49,23,169.3,NA
568,5/2/2012,Meghalaya,Byrnihat,"Export Promotion Industrial Park (EPIP). Byrnihat,Ri-Bhoi dist Meghalaya",Meghalaya State Pollution Control Board,Industrial Area,39,25,162.4,NA
568,5/8/2012,Meghalaya,Byrnihat,"Export Promotion Industrial Park (EPIP). Byrnihat,Ri-Bhoi dist Meghalaya",Meghalaya State Pollution Control Board,Industrial Area,40,18,185.3,NA
568,5/9/2012,Meghalaya,Byrnihat,"Export Promotion Industrial Park (EPIP). Byrnihat,Ri-Bhoi dist Meghalaya",Meghalaya State Pollution Control Board,Industrial Area,38,24,153.27,NA
568,15/05/2012,Meghalaya,Byrnihat,"Export Promotion Industrial Park (EPIP). Byrnihat,Ri-Bhoi dist Meghalaya",Meghalaya State Pollution Control Board,Industrial Area,49,17,153.27,NA
568,16/05/2012,Meghalaya,Byrnihat,"Export Promotion Industrial Park (EPIP). Byrnihat,Ri-Bhoi dist Meghalaya",Meghalaya State Pollution Control Board,Industrial Area,50,21,159.8,NA
568,22/05/2012,Meghalaya,Byrnihat,"Export Promotion Industrial Park (EPIP). Byrnihat,Ri-Bhoi dist Meghalaya",Meghalaya State Pollution Control Board,Industrial Area,43,24,193.07,NA
568,23/05/2012,Meghalaya,Byrnihat,"Export Promotion Industrial Park (EPIP). Byrnihat,Ri-Bhoi dist Meghalaya",Meghalaya State Pollution Control Board,Industrial Area,41,26,156.8,NA
568,29/05/2012,Meghalaya,Byrnihat,"Export Promotion Industrial Park (EPIP). Byrnihat,Ri-Bhoi dist Meghalaya",Meghalaya State Pollution Control Board,Industrial Area,37,18,160.7,NA
568,30/05/2012,Meghalaya,Byrnihat,"Export Promotion Industrial Park (EPIP). Byrnihat,Ri-Bhoi dist Meghalaya",Meghalaya State Pollution Control Board,Industrial Area,43,24,179.93,NA
568,6/5/2012,Meghalaya,Byrnihat,"Export Promotion Industrial Park (EPIP). Byrnihat,Ri-Bhoi dist Meghalaya",Meghalaya State Pollution Control Board,Industrial Area,35,25,250.57,NA
568,6/6/2012,Meghalaya,Byrnihat,"Export Promotion Industrial Park (EPIP). Byrnihat,Ri-Bhoi dist Meghalaya",Meghalaya State Pollution Control Board,Industrial Area,34,26,153.93,NA
568,6/12/2012,Meghalaya,Byrnihat,"Export Promotion Industrial Park (EPIP). Byrnihat,Ri-Bhoi dist Meghalaya",Meghalaya State Pollution Control Board,Industrial Area,26,21,155.2,NA
568,13/06/2012,Meghalaya,Byrnihat,"Export Promotion Industrial Park (EPIP). Byrnihat,Ri-Bhoi dist Meghalaya",Meghalaya State Pollution Control Board,Industrial Area,25,19,169.33,NA
568,19/06/2012,Meghalaya,Byrnihat,"Export Promotion Industrial Park (EPIP). Byrnihat,Ri-Bhoi dist Meghalaya",Meghalaya State Pollution Control Board,Industrial Area,38,13,103.9,NA
568,20/06/2012,Meghalaya,Byrnihat,"Export Promotion Industrial Park (EPIP). Byrnihat,Ri-Bhoi dist Meghalaya",Meghalaya State Pollution Control Board,Industrial Area,37,17,139.1,NA
568,26/06/2012,Meghalaya,Byrnihat,"Export Promotion Industrial Park (EPIP). Byrnihat,Ri-Bhoi dist Meghalaya",Meghalaya State Pollution Control Board,Industrial Area,27,23,159.97,NA
568,27/06/2012,Meghalaya,Byrnihat,"Export Promotion Industrial Park (EPIP). Byrnihat,Ri-Bhoi dist Meghalaya",Meghalaya State Pollution Control Board,Industrial Area,26,18,165.1,NA
568,7/3/2012,Meghalaya,Byrnihat,"Export Promotion Industrial Park (EPIP). Byrnihat,Ri-Bhoi dist Meghalaya",Meghalaya State Pollution Control Board,Industrial Area,25,14,139.67,NA
568,7/4/2012,Meghalaya,Byrnihat,"Export Promotion Industrial Park (EPIP). Byrnihat,Ri-Bhoi dist Meghalaya",Meghalaya State Pollution Control Board,Industrial Area,22,16,149.87,NA
568,7/10/2012,Meghalaya,Byrnihat,"Export Promotion Industrial Park (EPIP). Byrnihat,Ri-Bhoi dist Meghalaya",Meghalaya State Pollution Control Board,Industrial Area,25,13,175.27,NA
568,7/11/2012,Meghalaya,Byrnihat,"Export Promotion Industrial Park (EPIP). Byrnihat,Ri-Bhoi dist Meghalaya",Meghalaya State Pollution Control Board,Industrial Area,22,16,181.2,NA
568,17/07/2012,Meghalaya,Byrnihat,"Export Promotion Industrial Park (EPIP). Byrnihat,Ri-Bhoi dist Meghalaya",Meghalaya State Pollution Control Board,Industrial Area,25,14,131.33,NA
568,18/07/2012,Meghalaya,Byrnihat,"Export Promotion Industrial Park (EPIP). Byrnihat,Ri-Bhoi dist Meghalaya",Meghalaya State Pollution Control Board,Industrial Area,27,14,111.87,NA
568,24/07/2012,Meghalaya,Byrnihat,"Export Promotion Industrial Park (EPIP). Byrnihat,Ri-Bhoi dist Meghalaya",Meghalaya State Pollution Control Board,Industrial Area,23,13,67.47,NA
568,25/07/2012,Meghalaya,Byrnihat,"Export Promotion Industrial Park (EPIP). Byrnihat,Ri-Bhoi dist Meghalaya",Meghalaya State Pollution Control Board,Industrial Area,21,13,97.83,NA
568,31/07/2012,Meghalaya,Byrnihat,"Export Promotion Industrial Park (EPIP). Byrnihat,Ri-Bhoi dist Meghalaya",Meghalaya State Pollution Control Board,Industrial Area,22,14,64.67,NA
568,8/1/2012,Meghalaya,Byrnihat,"Export Promotion Industrial Park (EPIP). Byrnihat,Ri-Bhoi dist Meghalaya",Meghalaya State Pollution Control Board,Industrial Area,22,12,78.57,NA
568,8/7/2012,Meghalaya,Byrnihat,"Export Promotion Industrial Park (EPIP). Byrnihat,Ri-Bhoi dist Meghalaya",Meghalaya State Pollution Control Board,Industrial Area,23,15,153.23,NA
568,8/8/2012,Meghalaya,Byrnihat,"Export Promotion Industrial Park (EPIP). Byrnihat,Ri-Bhoi dist Meghalaya",Meghalaya State Pollution Control Board,Industrial Area,22,15,162.53,NA
568,16/08/2012,Meghalaya,Byrnihat,"Export Promotion Industrial Park (EPIP). Byrnihat,Ri-Bhoi dist Meghalaya",Meghalaya State Pollution Control Board,Industrial Area,21,16,163.53,NA
568,21/08/2012,Meghalaya,Byrnihat,"Export Promotion Industrial Park (EPIP). Byrnihat,Ri-Bhoi dist Meghalaya",Meghalaya State Pollution Control Board,Industrial Area,20,12,85.73,NA
568,22/08/2012,Meghalaya,Byrnihat,"Export Promotion Industrial Park (EPIP). Byrnihat,Ri-Bhoi dist Meghalaya",Meghalaya State Pollution Control Board,Industrial Area,21,11,62.87,NA
568,28/08/2012,Meghalaya,Byrnihat,"Export Promotion Industrial Park (EPIP). Byrnihat,Ri-Bhoi dist Meghalaya",Meghalaya State Pollution Control Board,Industrial Area,26,12,72.3,NA
568,29/08/2012,Meghalaya,Byrnihat,"Export Promotion Industrial Park (EPIP). Byrnihat,Ri-Bhoi dist Meghalaya",Meghalaya State Pollution Control Board,Industrial Area,24,11,74.73,NA
568,9/4/2012,Meghalaya,Byrnihat,"Export Promotion Industrial Park (EPIP). Byrnihat,Ri-Bhoi dist Meghalaya",Meghalaya State Pollution Control Board,Industrial Area,28,13,67.7,NA
568,9/5/2012,Meghalaya,Byrnihat,"Export Promotion Industrial Park (EPIP). Byrnihat,Ri-Bhoi dist Meghalaya",Meghalaya State Pollution Control Board,Industrial Area,23,13,74.33,NA
568,9/11/2012,Meghalaya,Byrnihat,"Export Promotion Industrial Park (EPIP). Byrnihat,Ri-Bhoi dist Meghalaya",Meghalaya State Pollution Control Board,Industrial Area,25,15,80.13,NA
568,9/12/2012,Meghalaya,Byrnihat,"Export Promotion Industrial Park (EPIP). Byrnihat,Ri-Bhoi dist Meghalaya",Meghalaya State Pollution Control Board,Industrial Area,28,14,70.93,NA
568,18/09/2012,Meghalaya,Byrnihat,"Export Promotion Industrial Park (EPIP). Byrnihat,Ri-Bhoi dist Meghalaya",Meghalaya State Pollution Control Board,Industrial Area,26,15,94.53,NA
568,19/09/2012,Meghalaya,Byrnihat,"Export Promotion Industrial Park (EPIP). Byrnihat,Ri-Bhoi dist Meghalaya",Meghalaya State Pollution Control Board,Industrial Area,23,14,96.27,NA
568,27/09/2012,Meghalaya,Byrnihat,"Export Promotion Industrial Park (EPIP). Byrnihat,Ri-Bhoi dist Meghalaya",Meghalaya State Pollution Control Board,Industrial Area,29,12,69.83,NA
568,10/2/2012,Meghalaya,Byrnihat,"Export Promotion Industrial Park (EPIP). Byrnihat,Ri-Bhoi dist Meghalaya",Meghalaya State Pollution Control Board,Industrial Area,32,22,107.03,NA
568,10/3/2012,Meghalaya,Byrnihat,"Export Promotion Industrial Park (EPIP). Byrnihat,Ri-Bhoi dist Meghalaya",Meghalaya State Pollution Control Board,Industrial Area,29,23,103.9,NA
568,10/10/2012,Meghalaya,Byrnihat,"Export Promotion Industrial Park (EPIP). Byrnihat,Ri-Bhoi dist Meghalaya",Meghalaya State Pollution Control Board,Industrial Area,20,15,100.23,NA
568,15/10/2012,Meghalaya,Byrnihat,"Export Promotion Industrial Park (EPIP). Byrnihat,Ri-Bhoi dist Meghalaya",Meghalaya State Pollution Control Board,Industrial Area,22,18,104.3,NA
568,16/10/2012,Meghalaya,Byrnihat,"Export Promotion Industrial Park (EPIP). Byrnihat,Ri-Bhoi dist Meghalaya",Meghalaya State Pollution Control Board,Industrial Area,25,24,106.07,NA
568,29/10/2012,Meghalaya,Byrnihat,"Export Promotion Industrial Park (EPIP). Byrnihat,Ri-Bhoi dist Meghalaya",Meghalaya State Pollution Control Board,Industrial Area,32,24,106.27,NA
568,30/10/2012,Meghalaya,Byrnihat,"Export Promotion Industrial Park (EPIP). Byrnihat,Ri-Bhoi dist Meghalaya",Meghalaya State Pollution Control Board,Industrial Area,30,25,109.23,NA
340,1/3/2012,Meghalaya,Shillong,"State Tuberculosis Hospital, Shillong",Meghalaya State Pollution Control Board,"Residential, Rural and other Areas",5,18.75,90.6,NA
340,1/5/2012,Meghalaya,Shillong,"State Tuberculosis Hospital, Shillong",Meghalaya State Pollution Control Board,"Residential, Rural and other Areas",5,20.43,98.83,NA
340,1/10/2012,Meghalaya,Shillong,"State Tuberculosis Hospital, Shillong",Meghalaya State Pollution Control Board,"Residential, Rural and other Areas",3,15.85,95.97,NA
340,1/12/2012,Meghalaya,Shillong,"State Tuberculosis Hospital, Shillong",Meghalaya State Pollution Control Board,"Residential, Rural and other Areas",6,26.52,101.33,NA
340,17/01/2012,Meghalaya,Shillong,"State Tuberculosis Hospital, Shillong",Meghalaya State Pollution Control Board,"Residential, Rural and other Areas",4,22.82,95.77,NA
340,19/01/2012,Meghalaya,Shillong,"State Tuberculosis Hospital, Shillong",Meghalaya State Pollution Control Board,"Residential, Rural and other Areas",4,17.72,87.93,NA
340,24/01/2012,Meghalaya,Shillong,"State Tuberculosis Hospital, Shillong",Meghalaya State Pollution Control Board,"Residential, Rural and other Areas",3,16.38,92.27,NA
340,25/01/2012,Meghalaya,Shillong,"State Tuberculosis Hospital, Shillong",Meghalaya State Pollution Control Board,"Residential, Rural and other Areas",2,12.82,84.83,NA
340,30/01/2012,Meghalaya,Shillong,"State Tuberculosis Hospital, Shillong",Meghalaya State Pollution Control Board,"Residential, Rural and other Areas",4,18.4,90.07,NA
340,2/2/2012,Meghalaya,Shillong,"State Tuberculosis Hospital, Shillong",Meghalaya State Pollution Control Board,"Residential, Rural and other Areas",3,12.4,87.5,NA
340,2/7/2012,Meghalaya,Shillong,"State Tuberculosis Hospital, Shillong",Meghalaya State Pollution Control Board,"Residential, Rural and other Areas",3,22.8,106.37,NA
340,2/9/2012,Meghalaya,Shillong,"State Tuberculosis Hospital, Shillong",Meghalaya State Pollution Control Board,"Residential, Rural and other Areas",2,24.83,95,NA
340,14/02/2012,Meghalaya,Shillong,"State Tuberculosis Hospital, Shillong",Meghalaya State Pollution Control Board,"Residential, Rural and other Areas",2,14.35,93.47,NA
340,16/02/2012,Meghalaya,Shillong,"State Tuberculosis Hospital, Shillong",Meghalaya State Pollution Control Board,"Residential, Rural and other Areas",3,15.27,92.97,NA
340,21/02/2012,Meghalaya,Shillong,"State Tuberculosis Hospital, Shillong",Meghalaya State Pollution Control Board,"Residential, Rural and other Areas",2,16.05,92.37,NA
340,23/02/2012,Meghalaya,Shillong,"State Tuberculosis Hospital, Shillong",Meghalaya State Pollution Control Board,"Residential, Rural and other Areas",4,18.22,86.2,NA
340,28/02/2012,Meghalaya,Shillong,"State Tuberculosis Hospital, Shillong",Meghalaya State Pollution Control Board,"Residential, Rural and other Areas",2,13.85,91.8,NA
340,3/1/2012,Meghalaya,Shillong,"State Tuberculosis Hospital, Shillong",Meghalaya State Pollution Control Board,"Residential, Rural and other Areas",2,15.68,96.33,NA
340,3/6/2012,Meghalaya,Shillong,"State Tuberculosis Hospital, Shillong",Meghalaya State Pollution Control Board,"Residential, Rural and other Areas",2,12.57,94.33,NA
340,3/8/2012,Meghalaya,Shillong,"State Tuberculosis Hospital, Shillong",Meghalaya State Pollution Control Board,"Residential, Rural and other Areas",2,14.68,91.77,NA
340,13/03/2012,Meghalaya,Shillong,"State Tuberculosis Hospital, Shillong",Meghalaya State Pollution Control Board,"Residential, Rural and other Areas",3,12.23,92.83,NA
340,15/03/2012,Meghalaya,Shillong,"State Tuberculosis Hospital, Shillong",Meghalaya State Pollution Control Board,"Residential, Rural and other Areas",2,12.17,92.67,NA
340,20/03/2012,Meghalaya,Shillong,"State Tuberculosis Hospital, Shillong",Meghalaya State Pollution Control Board,"Residential, Rural and other Areas",2,11.05,94.63,NA
340,22/03/2012,Meghalaya,Shillong,"State Tuberculosis Hospital, Shillong",Meghalaya State Pollution Control Board,"Residential, Rural and other Areas",2,18.57,94.7,NA
340,27/03/2012,Meghalaya,Shillong,"State Tuberculosis Hospital, Shillong",Meghalaya State Pollution Control Board,"Residential, Rural and other Areas",2,16.53,97.17,NA
340,29/03/2012,Meghalaya,Shillong,"State Tuberculosis Hospital, Shillong",Meghalaya State Pollution Control Board,"Residential, Rural and other Areas",2,16.72,94.73,NA
340,3/4/2012,Meghalaya,Shillong,"State Tuberculosis Hospital, Shillong",Meghalaya State Pollution Control Board,"Residential, Rural and other Areas",2,14.18,90.47,NA
340,4/5/2012,Meghalaya,Shillong,"State Tuberculosis Hospital, Shillong",Meghalaya State Pollution Control Board,"Residential, Rural and other Areas",2,12.23,94.2,NA
340,4/10/2012,Meghalaya,Shillong,"State Tuberculosis Hospital, Shillong",Meghalaya State Pollution Control Board,"Residential, Rural and other Areas",2,12.48,88.73,NA
340,4/12/2012,Meghalaya,Shillong,"State Tuberculosis Hospital, Shillong",Meghalaya State Pollution Control Board,"Residential, Rural and other Areas",2,19.25,94.83,NA
340,17/04/2012,Meghalaya,Shillong,"State Tuberculosis Hospital, Shillong",Meghalaya State Pollution Control Board,"Residential, Rural and other Areas",2,14.52,96.63,NA
340,19/04/2012,Meghalaya,Shillong,"State Tuberculosis Hospital, Shillong",Meghalaya State Pollution Control Board,"Residential, Rural and other Areas",2,13.87,98.97,NA
340,24/04/2012,Meghalaya,Shillong,"State Tuberculosis Hospital, Shillong",Meghalaya State Pollution Control Board,"Residential, Rural and other Areas",2,13.57,96.13,NA
340,26/04/2012,Meghalaya,Shillong,"State Tuberculosis Hospital, Shillong",Meghalaya State Pollution Control Board,"Residential, Rural and other Areas",2,16.03,96.43,NA
340,5/1/2012,Meghalaya,Shillong,"State Tuberculosis Hospital, Shillong",Meghalaya State Pollution Control Board,"Residential, Rural and other Areas",2,21.8,101.87,NA
340,5/3/2012,Meghalaya,Shillong,"State Tuberculosis Hospital, Shillong",Meghalaya State Pollution Control Board,"Residential, Rural and other Areas",2,16.53,101.57,NA
340,5/8/2012,Meghalaya,Shillong,"State Tuberculosis Hospital, Shillong",Meghalaya State Pollution Control Board,"Residential, Rural and other Areas",2,18.22,99.8,NA
340,5/10/2012,Meghalaya,Shillong,"State Tuberculosis Hospital, Shillong",Meghalaya State Pollution Control Board,"Residential, Rural and other Areas",2,18.32,93.17,NA
340,15/05/2012,Meghalaya,Shillong,"State Tuberculosis Hospital, Shillong",Meghalaya State Pollution Control Board,"Residential, Rural and other Areas",2,14.52,99,NA
340,17/05/2012,Meghalaya,Shillong,"State Tuberculosis Hospital, Shillong",Meghalaya State Pollution Control Board,"Residential, Rural and other Areas",2,17.23,92.53,NA
340,22/05/2012,Meghalaya,Shillong,"State Tuberculosis Hospital, Shillong",Meghalaya State Pollution Control Board,"Residential, Rural and other Areas",2,14.68,100.27,NA
340,24/05/2012,Meghalaya,Shillong,"State Tuberculosis Hospital, Shillong",Meghalaya State Pollution Control Board,"Residential, Rural and other Areas",4,17.03,105.37,NA
340,29/05/2012,Meghalaya,Shillong,"State Tuberculosis Hospital, Shillong",Meghalaya State Pollution Control Board,"Residential, Rural and other Areas",2,4.5,102.87,NA
340,31/05/2012,Meghalaya,Shillong,"State Tuberculosis Hospital, Shillong",Meghalaya State Pollution Control Board,"Residential, Rural and other Areas",3,14.68,93,NA
340,6/6/2012,Meghalaya,Shillong,"State Tuberculosis Hospital, Shillong",Meghalaya State Pollution Control Board,"Residential, Rural and other Areas",2,11.45,96.6,NA
340,6/7/2012,Meghalaya,Shillong,"State Tuberculosis Hospital, Shillong",Meghalaya State Pollution Control Board,"Residential, Rural and other Areas",4,15.35,89.7,NA
340,6/12/2012,Meghalaya,Shillong,"State Tuberculosis Hospital, Shillong",Meghalaya State Pollution Control Board,"Residential, Rural and other Areas",5,14.68,91.53,NA
340,14/06/2012,Meghalaya,Shillong,"State Tuberculosis Hospital, Shillong",Meghalaya State Pollution Control Board,"Residential, Rural and other Areas",2,17.72,87.7,NA
340,19/06/2012,Meghalaya,Shillong,"State Tuberculosis Hospital, Shillong",Meghalaya State Pollution Control Board,"Residential, Rural and other Areas",3,15.85,95,NA
340,21/06/2012,Meghalaya,Shillong,"State Tuberculosis Hospital, Shillong",Meghalaya State Pollution Control Board,"Residential, Rural and other Areas",5,16.28,89.5,NA
340,26/06/2012,Meghalaya,Shillong,"State Tuberculosis Hospital, Shillong",Meghalaya State Pollution Control Board,"Residential, Rural and other Areas",2,20.93,84.17,NA
340,28/06/2012,Meghalaya,Shillong,"State Tuberculosis Hospital, Shillong",Meghalaya State Pollution Control Board,"Residential, Rural and other Areas",4,13.73,90.97,NA
340,7/3/2012,Meghalaya,Shillong,"State Tuberculosis Hospital, Shillong",Meghalaya State Pollution Control Board,"Residential, Rural and other Areas",4,15.02,81.17,NA
340,7/5/2012,Meghalaya,Shillong,"State Tuberculosis Hospital, Shillong",Meghalaya State Pollution Control Board,"Residential, Rural and other Areas",2,12.65,84.73,NA
340,7/10/2012,Meghalaya,Shillong,"State Tuberculosis Hospital, Shillong",Meghalaya State Pollution Control Board,"Residential, Rural and other Areas",4,14.93,81.27,NA
340,7/12/2012,Meghalaya,Shillong,"State Tuberculosis Hospital, Shillong",Meghalaya State Pollution Control Board,"Residential, Rural and other Areas",4,17.38,87.9,NA
340,18/07/2012,Meghalaya,Shillong,"State Tuberculosis Hospital, Shillong",Meghalaya State Pollution Control Board,"Residential, Rural and other Areas",3,16.03,82.8,NA
340,19/07/2012,Meghalaya,Shillong,"State Tuberculosis Hospital, Shillong",Meghalaya State Pollution Control Board,"Residential, Rural and other Areas",2,18.75,83.7,NA
340,24/07/2012,Meghalaya,Shillong,"State Tuberculosis Hospital, Shillong",Meghalaya State Pollution Control Board,"Residential, Rural and other Areas",2,14.17,85.1,NA
340,26/07/2012,Meghalaya,Shillong,"State Tuberculosis Hospital, Shillong",Meghalaya State Pollution Control Board,"Residential, Rural and other Areas",3,16.53,83.33,NA
340,31/07/2012,Meghalaya,Shillong,"State Tuberculosis Hospital, Shillong",Meghalaya State Pollution Control Board,"Residential, Rural and other Areas",4,18.4,73.3,NA
340,8/2/2012,Meghalaya,Shillong,"State Tuberculosis Hospital, Shillong",Meghalaya State Pollution Control Board,"Residential, Rural and other Areas",4,20.08,72.67,NA
340,8/7/2012,Meghalaya,Shillong,"State Tuberculosis Hospital, Shillong",Meghalaya State Pollution Control Board,"Residential, Rural and other Areas",3,20.1,72.43,NA
340,8/9/2012,Meghalaya,Shillong,"State Tuberculosis Hospital, Shillong",Meghalaya State Pollution Control Board,"Residential, Rural and other Areas",4,17.05,80.8,NA
340,13/08/2012,Meghalaya,Shillong,"State Tuberculosis Hospital, Shillong",Meghalaya State Pollution Control Board,"Residential, Rural and other Areas",5,17.23,71.77,NA
340,16/08/2012,Meghalaya,Shillong,"State Tuberculosis Hospital, Shillong",Meghalaya State Pollution Control Board,"Residential, Rural and other Areas",4,17.05,76.17,NA
340,21/08/2012,Meghalaya,Shillong,"State Tuberculosis Hospital, Shillong",Meghalaya State Pollution Control Board,"Residential, Rural and other Areas",4,15.67,69.7,NA
340,23/08/2012,Meghalaya,Shillong,"State Tuberculosis Hospital, Shillong",Meghalaya State Pollution Control Board,"Residential, Rural and other Areas",2,20.1,82.67,NA
340,28/08/2012,Meghalaya,Shillong,"State Tuberculosis Hospital, Shillong",Meghalaya State Pollution Control Board,"Residential, Rural and other Areas",2,14.52,73.27,NA
340,30/08/2012,Meghalaya,Shillong,"State Tuberculosis Hospital, Shillong",Meghalaya State Pollution Control Board,"Residential, Rural and other Areas",2,18.05,82.57,NA
340,9/4/2012,Meghalaya,Shillong,"State Tuberculosis Hospital, Shillong",Meghalaya State Pollution Control Board,"Residential, Rural and other Areas",2,14.5,75.17,NA
340,9/6/2012,Meghalaya,Shillong,"State Tuberculosis Hospital, Shillong",Meghalaya State Pollution Control Board,"Residential, Rural and other Areas",2,16.72,75.53,NA
340,9/11/2012,Meghalaya,Shillong,"State Tuberculosis Hospital, Shillong",Meghalaya State Pollution Control Board,"Residential, Rural and other Areas",2,17.55,74.73,NA
340,13/09/2012,Meghalaya,Shillong,"State Tuberculosis Hospital, Shillong",Meghalaya State Pollution Control Board,"Residential, Rural and other Areas",3,17.05,73.9,NA
340,18/09/2012,Meghalaya,Shillong,"State Tuberculosis Hospital, Shillong",Meghalaya State Pollution Control Board,"Residential, Rural and other Areas",2,15.18,77.87,NA
340,20/09/2012,Meghalaya,Shillong,"State Tuberculosis Hospital, Shillong",Meghalaya State Pollution Control Board,"Residential, Rural and other Areas",2,16.02,95.17,NA
340,25/09/2012,Meghalaya,Shillong,"State Tuberculosis Hospital, Shillong",Meghalaya State Pollution Control Board,"Residential, Rural and other Areas",3,16.37,94.63,NA
340,27/09/2012,Meghalaya,Shillong,"State Tuberculosis Hospital, Shillong",Meghalaya State Pollution Control Board,"Residential, Rural and other Areas",2,6.37,77.87,NA
340,10/2/2012,Meghalaya,Shillong,"State Tuberculosis Hospital, Shillong",Meghalaya State Pollution Control Board,"Residential, Rural and other Areas",2,17.72,70.9,NA
340,10/4/2012,Meghalaya,Shillong,"State Tuberculosis Hospital, Shillong",Meghalaya State Pollution Control Board,"Residential, Rural and other Areas",2,18.4,70.33,NA
340,10/9/2012,Meghalaya,Shillong,"State Tuberculosis Hospital, Shillong",Meghalaya State Pollution Control Board,"Residential, Rural and other Areas",2,13.75,70.13,NA
340,10/11/2012,Meghalaya,Shillong,"State Tuberculosis Hospital, Shillong",Meghalaya State Pollution Control Board,"Residential, Rural and other Areas",2,14.77,72.6,NA
340,16/10/2012,Meghalaya,Shillong,"State Tuberculosis Hospital, Shillong",Meghalaya State Pollution Control Board,"Residential, Rural and other Areas",2,14,81.73,NA
340,18/10/2012,Meghalaya,Shillong,"State Tuberculosis Hospital, Shillong",Meghalaya State Pollution Control Board,"Residential, Rural and other Areas",2,16.03,68.07,NA
340,23/10/2012,Meghalaya,Shillong,"State Tuberculosis Hospital, Shillong",Meghalaya State Pollution Control Board,"Residential, Rural and other Areas",2,14.68,76.8,NA
340,24/10/2012,Meghalaya,Shillong,"State Tuberculosis Hospital, Shillong",Meghalaya State Pollution Control Board,"Residential, Rural and other Areas",2,16.55,74.3,NA
340,30/10/2012,Meghalaya,Shillong,"State Tuberculosis Hospital, Shillong",Meghalaya State Pollution Control Board,"Residential, Rural and other Areas",2,19.75,70.07,NA
608,1/5/2012,Meghalaya,Tura,"Office building of Add Chief Engineer,PHED, Araimille, Tura West Garo Hills District",Meghalaya State Pollution Control Board,"Residential, Rural and other Areas",2,5,40,NA
608,1/10/2012,Meghalaya,Tura,"Office building of Add Chief Engineer,PHED, Araimille, Tura West Garo Hills District",Meghalaya State Pollution Control Board,"Residential, Rural and other Areas",2,5,56,NA
608,1/12/2012,Meghalaya,Tura,"Office building of Add Chief Engineer,PHED, Araimille, Tura West Garo Hills District",Meghalaya State Pollution Control Board,"Residential, Rural and other Areas",2,5,62,NA
608,17/01/2012,Meghalaya,Tura,"Office building of Add Chief Engineer,PHED, Araimille, Tura West Garo Hills District",Meghalaya State Pollution Control Board,"Residential, Rural and other Areas",2,5,59,NA
608,19/01/2012,Meghalaya,Tura,"Office building of Add Chief Engineer,PHED, Araimille, Tura West Garo Hills District",Meghalaya State Pollution Control Board,"Residential, Rural and other Areas",2,5,46,NA
608,24/01/2012,Meghalaya,Tura,"Office building of Add Chief Engineer,PHED, Araimille, Tura West Garo Hills District",Meghalaya State Pollution Control Board,"Residential, Rural and other Areas",2,5,65,NA
608,31/01/2012,Meghalaya,Tura,"Office building of Add Chief Engineer,PHED, Araimille, Tura West Garo Hills District",Meghalaya State Pollution Control Board,"Residential, Rural and other Areas",2,5,47,NA
608,2/2/2012,Meghalaya,Tura,"Office building of Add Chief Engineer,PHED, Araimille, Tura West Garo Hills District",Meghalaya State Pollution Control Board,"Residential, Rural and other Areas",2,5,61,NA
608,2/7/2012,Meghalaya,Tura,"Office building of Add Chief Engineer,PHED, Araimille, Tura West Garo Hills District",Meghalaya State Pollution Control Board,"Residential, Rural and other Areas",2,5,60,NA
608,2/9/2012,Meghalaya,Tura,"Office building of Add Chief Engineer,PHED, Araimille, Tura West Garo Hills District",Meghalaya State Pollution Control Board,"Residential, Rural and other Areas",2,5,49,NA
608,14/02/2012,Meghalaya,Tura,"Office building of Add Chief Engineer,PHED, Araimille, Tura West Garo Hills District",Meghalaya State Pollution Control Board,"Residential, Rural and other Areas",2,5,57,NA
608,16/02/2012,Meghalaya,Tura,"Office building of Add Chief Engineer,PHED, Araimille, Tura West Garo Hills District",Meghalaya State Pollution Control Board,"Residential, Rural and other Areas",2,5,47,NA
608,21/02/2012,Meghalaya,Tura,"Office building of Add Chief Engineer,PHED, Araimille, Tura West Garo Hills District",Meghalaya State Pollution Control Board,"Residential, Rural and other Areas",2,5,52,NA
608,23/02/2012,Meghalaya,Tura,"Office building of Add Chief Engineer,PHED, Araimille, Tura West Garo Hills District",Meghalaya State Pollution Control Board,"Residential, Rural and other Areas",2,5,58,NA
608,28/02/2012,Meghalaya,Tura,"Office building of Add Chief Engineer,PHED, Araimille, Tura West Garo Hills District",Meghalaya State Pollution Control Board,"Residential, Rural and other Areas",2,5,58,NA
608,3/1/2012,Meghalaya,Tura,"Office building of Add Chief Engineer,PHED, Araimille, Tura West Garo Hills District",Meghalaya State Pollution Control Board,"Residential, Rural and other Areas",2,5,70,NA
608,3/6/2012,Meghalaya,Tura,"Office building of Add Chief Engineer,PHED, Araimille, Tura West Garo Hills District",Meghalaya State Pollution Control Board,"Residential, Rural and other Areas",2,5,71,NA
608,13/03/2012,Meghalaya,Tura,"Office building of Add Chief Engineer,PHED, Araimille, Tura West Garo Hills District",Meghalaya State Pollution Control Board,"Residential, Rural and other Areas",2,5,57,NA
608,15/03/2012,Meghalaya,Tura,"Office building of Add Chief Engineer,PHED, Araimille, Tura West Garo Hills District",Meghalaya State Pollution Control Board,"Residential, Rural and other Areas",2,5,56,NA
608,20/03/2012,Meghalaya,Tura,"Office building of Add Chief Engineer,PHED, Araimille, Tura West Garo Hills District",Meghalaya State Pollution Control Board,"Residential, Rural and other Areas",2,5,57,NA
608,22/03/2012,Meghalaya,Tura,"Office building of Add Chief Engineer,PHED, Araimille, Tura West Garo Hills District",Meghalaya State Pollution Control Board,"Residential, Rural and other Areas",2,5,61,NA
608,27/03/2012,Meghalaya,Tura,"Office building of Add Chief Engineer,PHED, Araimille, Tura West Garo Hills District",Meghalaya State Pollution Control Board,"Residential, Rural and other Areas",2,5,46,NA
608,29/03/2012,Meghalaya,Tura,"Office building of Add Chief Engineer,PHED, Araimille, Tura West Garo Hills District",Meghalaya State Pollution Control Board,"Residential, Rural and other Areas",2,5,58,NA
608,4/3/2012,Meghalaya,Tura,"Office building of Add Chief Engineer,PHED, Araimille, Tura West Garo Hills District",Meghalaya State Pollution Control Board,"Residential, Rural and other Areas",2,5,57,NA
608,4/5/2012,Meghalaya,Tura,"Office building of Add Chief Engineer,PHED, Araimille, Tura West Garo Hills District",Meghalaya State Pollution Control Board,"Residential, Rural and other Areas",2,5,47,NA
608,4/10/2012,Meghalaya,Tura,"Office building of Add Chief Engineer,PHED, Araimille, Tura West Garo Hills District",Meghalaya State Pollution Control Board,"Residential, Rural and other Areas",2,5,50,NA
608,4/12/2012,Meghalaya,Tura,"Office building of Add Chief Engineer,PHED, Araimille, Tura West Garo Hills District",Meghalaya State Pollution Control Board,"Residential, Rural and other Areas",2,5,53,NA
608,17/04/2012,Meghalaya,Tura,"Office building of Add Chief Engineer,PHED, Araimille, Tura West Garo Hills District",Meghalaya State Pollution Control Board,"Residential, Rural and other Areas",2,5,66,NA
608,19/04/2012,Meghalaya,Tura,"Office building of Add Chief Engineer,PHED, Araimille, Tura West Garo Hills District",Meghalaya State Pollution Control Board,"Residential, Rural and other Areas",2,5,56,NA
608,24/04/2012,Meghalaya,Tura,"Office building of Add Chief Engineer,PHED, Araimille, Tura West Garo Hills District",Meghalaya State Pollution Control Board,"Residential, Rural and other Areas",2,5,45,NA
608,26/04/2012,Meghalaya,Tura,"Office building of Add Chief Engineer,PHED, Araimille, Tura West Garo Hills District",Meghalaya State Pollution Control Board,"Residential, Rural and other Areas",2,5,46,NA
608,5/1/2012,Meghalaya,Tura,"Office building of Add Chief Engineer,PHED, Araimille, Tura West Garo Hills District",Meghalaya State Pollution Control Board,"Residential, Rural and other Areas",2,5,63,NA
608,5/3/2012,Meghalaya,Tura,"Office building of Add Chief Engineer,PHED, Araimille, Tura West Garo Hills District",Meghalaya State Pollution Control Board,"Residential, Rural and other Areas",2,5,56,NA
608,15/05/2012,Meghalaya,Tura,"Office building of Add Chief Engineer,PHED, Araimille, Tura West Garo Hills District",Meghalaya State Pollution Control Board,"Residential, Rural and other Areas",2,5,54,NA
608,17/05/2012,Meghalaya,Tura,"Office building of Add Chief Engineer,PHED, Araimille, Tura West Garo Hills District",Meghalaya State Pollution Control Board,"Residential, Rural and other Areas",2,5,63,NA
608,22/05/2012,Meghalaya,Tura,"Office building of Add Chief Engineer,PHED, Araimille, Tura West Garo Hills District",Meghalaya State Pollution Control Board,"Residential, Rural and other Areas",2,5,46,NA
608,24/05/2012,Meghalaya,Tura,"Office building of Add Chief Engineer,PHED, Araimille, Tura West Garo Hills District",Meghalaya State Pollution Control Board,"Residential, Rural and other Areas",2,5,52,NA
608,29/05/2012,Meghalaya,Tura,"Office building of Add Chief Engineer,PHED, Araimille, Tura West Garo Hills District",Meghalaya State Pollution Control Board,"Residential, Rural and other Areas",2,5,37,NA
608,31/05/2012,Meghalaya,Tura,"Office building of Add Chief Engineer,PHED, Araimille, Tura West Garo Hills District",Meghalaya State Pollution Control Board,"Residential, Rural and other Areas",2,5,45,NA
608,6/5/2012,Meghalaya,Tura,"Office building of Add Chief Engineer,PHED, Araimille, Tura West Garo Hills District",Meghalaya State Pollution Control Board,"Residential, Rural and other Areas",2,5,59,NA
608,6/7/2012,Meghalaya,Tura,"Office building of Add Chief Engineer,PHED, Araimille, Tura West Garo Hills District",Meghalaya State Pollution Control Board,"Residential, Rural and other Areas",2,5,40,NA
608,6/12/2012,Meghalaya,Tura,"Office building of Add Chief Engineer,PHED, Araimille, Tura West Garo Hills District",Meghalaya State Pollution Control Board,"Residential, Rural and other Areas",2,5,54,NA
608,14/06/2012,Meghalaya,Tura,"Office building of Add Chief Engineer,PHED, Araimille, Tura West Garo Hills District",Meghalaya State Pollution Control Board,"Residential, Rural and other Areas",2,5,34,NA
608,19/06/2012,Meghalaya,Tura,"Office building of Add Chief Engineer,PHED, Araimille, Tura West Garo Hills District",Meghalaya State Pollution Control Board,"Residential, Rural and other Areas",2,5,54,NA
608,21/06/2012,Meghalaya,Tura,"Office building of Add Chief Engineer,PHED, Araimille, Tura West Garo Hills District",Meghalaya State Pollution Control Board,"Residential, Rural and other Areas",2,5,53,NA
608,26/06/2012,Meghalaya,Tura,"Office building of Add Chief Engineer,PHED, Araimille, Tura West Garo Hills District",Meghalaya State Pollution Control Board,"Residential, Rural and other Areas",2,5,35,NA
608,28/06/2012,Meghalaya,Tura,"Office building of Add Chief Engineer,PHED, Araimille, Tura West Garo Hills District",Meghalaya State Pollution Control Board,"Residential, Rural and other Areas",2,5,53,NA
608,7/3/2012,Meghalaya,Tura,"Office building of Add Chief Engineer,PHED, Araimille, Tura West Garo Hills District",Meghalaya State Pollution Control Board,"Residential, Rural and other Areas",2,5,52,NA
608,7/5/2012,Meghalaya,Tura,"Office building of Add Chief Engineer,PHED, Araimille, Tura West Garo Hills District",Meghalaya State Pollution Control Board,"Residential, Rural and other Areas",2,5,51,NA
608,7/10/2012,Meghalaya,Tura,"Office building of Add Chief Engineer,PHED, Araimille, Tura West Garo Hills District",Meghalaya State Pollution Control Board,"Residential, Rural and other Areas",2,5,46,NA
608,7/12/2012,Meghalaya,Tura,"Office building of Add Chief Engineer,PHED, Araimille, Tura West Garo Hills District",Meghalaya State Pollution Control Board,"Residential, Rural and other Areas",2,5,56,NA
608,17/07/2012,Meghalaya,Tura,"Office building of Add Chief Engineer,PHED, Araimille, Tura West Garo Hills District",Meghalaya State Pollution Control Board,"Residential, Rural and other Areas",2,5,48,NA
608,19/07/2012,Meghalaya,Tura,"Office building of Add Chief Engineer,PHED, Araimille, Tura West Garo Hills District",Meghalaya State Pollution Control Board,"Residential, Rural and other Areas",2,5,55,NA
608,26/07/2012,Meghalaya,Tura,"Office building of Add Chief Engineer,PHED, Araimille, Tura West Garo Hills District",Meghalaya State Pollution Control Board,"Residential, Rural and other Areas",2,5,55,NA
608,8/2/2012,Meghalaya,Tura,"Office building of Add Chief Engineer,PHED, Araimille, Tura West Garo Hills District",Meghalaya State Pollution Control Board,"Residential, Rural and other Areas",2,5,46,NA
608,8/7/2012,Meghalaya,Tura,"Office building of Add Chief Engineer,PHED, Araimille, Tura West Garo Hills District",Meghalaya State Pollution Control Board,"Residential, Rural and other Areas",2,5,53,NA
608,8/9/2012,Meghalaya,Tura,"Office building of Add Chief Engineer,PHED, Araimille, Tura West Garo Hills District",Meghalaya State Pollution Control Board,"Residential, Rural and other Areas",2,5,48,NA
608,14/08/2012,Meghalaya,Tura,"Office building of Add Chief Engineer,PHED, Araimille, Tura West Garo Hills District",Meghalaya State Pollution Control Board,"Residential, Rural and other Areas",2,5,47,NA
608,16/08/2012,Meghalaya,Tura,"Office building of Add Chief Engineer,PHED, Araimille, Tura West Garo Hills District",Meghalaya State Pollution Control Board,"Residential, Rural and other Areas",2,5,51,NA
608,21/08/2012,Meghalaya,Tura,"Office building of Add Chief Engineer,PHED, Araimille, Tura West Garo Hills District",Meghalaya State Pollution Control Board,"Residential, Rural and other Areas",2,5,50,NA
608,23/08/2012,Meghalaya,Tura,"Office building of Add Chief Engineer,PHED, Araimille, Tura West Garo Hills District",Meghalaya State Pollution Control Board,"Residential, Rural and other Areas",2,5,46,NA
608,28/08/2012,Meghalaya,Tura,"Office building of Add Chief Engineer,PHED, Araimille, Tura West Garo Hills District",Meghalaya State Pollution Control Board,"Residential, Rural and other Areas",2,5,41,NA
608,30/08/2012,Meghalaya,Tura,"Office building of Add Chief Engineer,PHED, Araimille, Tura West Garo Hills District",Meghalaya State Pollution Control Board,"Residential, Rural and other Areas",2,5,46,NA
608,9/3/2012,Meghalaya,Tura,"Office building of Add Chief Engineer,PHED, Araimille, Tura West Garo Hills District",Meghalaya State Pollution Control Board,"Residential, Rural and other Areas",2,5,49,NA
608,9/6/2012,Meghalaya,Tura,"Office building of Add Chief Engineer,PHED, Araimille, Tura West Garo Hills District",Meghalaya State Pollution Control Board,"Residential, Rural and other Areas",2,5,53,NA
608,9/10/2012,Meghalaya,Tura,"Office building of Add Chief Engineer,PHED, Araimille, Tura West Garo Hills District",Meghalaya State Pollution Control Board,"Residential, Rural and other Areas",2,5,54,NA
608,13/09/2012,Meghalaya,Tura,"Office building of Add Chief Engineer,PHED, Araimille, Tura West Garo Hills District",Meghalaya State Pollution Control Board,"Residential, Rural and other Areas",2,5,46,NA
608,17/09/2012,Meghalaya,Tura,"Office building of Add Chief Engineer,PHED, Araimille, Tura West Garo Hills District",Meghalaya State Pollution Control Board,"Residential, Rural and other Areas",2,5,53,NA
608,20/09/2012,Meghalaya,Tura,"Office building of Add Chief Engineer,PHED, Araimille, Tura West Garo Hills District",Meghalaya State Pollution Control Board,"Residential, Rural and other Areas",2,5,54,NA
608,24/09/2012,Meghalaya,Tura,"Office building of Add Chief Engineer,PHED, Araimille, Tura West Garo Hills District",Meghalaya State Pollution Control Board,"Residential, Rural and other Areas",2,5,48,NA
608,27/09/2012,Meghalaya,Tura,"Office building of Add Chief Engineer,PHED, Araimille, Tura West Garo Hills District",Meghalaya State Pollution Control Board,"Residential, Rural and other Areas",2,5,53,NA
608,10/2/2012,Meghalaya,Tura,"Office building of Add Chief Engineer,PHED, Araimille, Tura West Garo Hills District",Meghalaya State Pollution Control Board,"Residential, Rural and other Areas",2,5,45,NA
608,10/4/2012,Meghalaya,Tura,"Office building of Add Chief Engineer,PHED, Araimille, Tura West Garo Hills District",Meghalaya State Pollution Control Board,"Residential, Rural and other Areas",2,5,53,NA
608,10/9/2012,Meghalaya,Tura,"Office building of Add Chief Engineer,PHED, Araimille, Tura West Garo Hills District",Meghalaya State Pollution Control Board,"Residential, Rural and other Areas",2,5,47,NA
608,10/11/2012,Meghalaya,Tura,"Office building of Add Chief Engineer,PHED, Araimille, Tura West Garo Hills District",Meghalaya State Pollution Control Board,"Residential, Rural and other Areas",2,5,53,NA
608,16/10/2012,Meghalaya,Tura,"Office building of Add Chief Engineer,PHED, Araimille, Tura West Garo Hills District",Meghalaya State Pollution Control Board,"Residential, Rural and other Areas",2,5,51,NA
608,18/10/2012,Meghalaya,Tura,"Office building of Add Chief Engineer,PHED, Araimille, Tura West Garo Hills District",Meghalaya State Pollution Control Board,"Residential, Rural and other Areas",2,5,53,NA
608,23/10/2012,Meghalaya,Tura,"Office building of Add Chief Engineer,PHED, Araimille, Tura West Garo Hills District",Meghalaya State Pollution Control Board,"Residential, Rural and other Areas",2,5,53,NA
608,25/10/2012,Meghalaya,Tura,"Office building of Add Chief Engineer,PHED, Araimille, Tura West Garo Hills District",Meghalaya State Pollution Control Board,"Residential, Rural and other Areas",2,5,48,NA
