Sampling Date,State,City/Town/Village/Area,Location of Monitoring Station,Type of Location,SO2,NO2,RSPM/PM10,SPM
2/10/2005,Chandigarh,Chandigarh,Industrial Area,Industrial Areas,NA,30,97,188
2/12/2005,Chandigarh,Chandigarh,Industrial Area,Industrial Areas,7.8,27.1,68,239
15-02-05,Chandigarh,Chandigarh,Industrial Area,Industrial Areas,14.8,23.7,69,116
22-02-05,Chandigarh,Chandigarh,Industrial Area,Industrial Areas,4.8,26,85,182
26-02-05,Chandigarh,Chandigarh,Industrial Area,Industrial Areas,3.3,14.8,85,239
1/1/2005,Chandigarh,Chandigarh,Modern Foods,Industrial Areas,NA,24,108,223
1/4/2005,Chandigarh,Chandigarh,Modern Foods,Industrial Areas,4,14,110,137
1/6/2005,Chandigarh,Chandigarh,Modern Foods,Industrial Areas,4,14,104,139
1/8/2005,Chandigarh,Chandigarh,Modern Foods,Industrial Areas,4,40,80,202
1/11/2005,Chandigarh,Chandigarh,Modern Foods,Industrial Areas,7,22,176,445
15-01-05,Chandigarh,Chandigarh,Modern Foods,Industrial Areas,7,42,164,412
18-01-05,Chandigarh,Chandigarh,Modern Foods,Industrial Areas,5,37,149,262
20-01-05,Chandigarh,Chandigarh,Modern Foods,Industrial Areas,5,40,151,308
22-01-05,Chandigarh,Chandigarh,Modern Foods,Industrial Areas,NA,19,99,335
25-01-05,Chandigarh,Chandigarh,Modern Foods,Industrial Areas,NA,18,152,175
27-01-05,Chandigarh,Chandigarh,Modern Foods,Industrial Areas,7,35,181,299
29-01-05,Chandigarh,Chandigarh,Modern Foods,Industrial Areas,NA,15,132,249
2/1/2005,Chandigarh,Chandigarh,Modern Foods,Industrial Areas,9,17,103,176
2/2/2005,Chandigarh,Chandigarh,Modern Foods,Industrial Areas,7,45,171,441
2/5/2005,Chandigarh,Chandigarh,Modern Foods,Industrial Areas,5,17,153,403
2/8/2005,Chandigarh,Chandigarh,Modern Foods,Industrial Areas,5,41,96,255
19-02-05,Chandigarh,Chandigarh,Modern Foods,Industrial Areas,5,29,140,477
3/1/2005,Chandigarh,Chandigarh,Modern Foods,Industrial Areas,NA,21,77,235
3/3/2005,Chandigarh,Chandigarh,Modern Foods,Industrial Areas,8,35,133,419
3/5/2005,Chandigarh,Chandigarh,Modern Foods,Industrial Areas,NA,43,97,314
3/8/2005,Chandigarh,Chandigarh,Modern Foods,Industrial Areas,5,41,96,255
3/10/2005,Chandigarh,Chandigarh,Modern Foods,Industrial Areas,4,40,58,368
3/12/2005,Chandigarh,Chandigarh,Modern Foods,Industrial Areas,NA,28,119,451
15-03-05,Chandigarh,Chandigarh,Modern Foods,Industrial Areas,7,34,140,477
19-03-05,Chandigarh,Chandigarh,Modern Foods,Industrial Areas,7,29,140,177
22-03-05,Chandigarh,Chandigarh,Modern Foods,Industrial Areas,18,49,176,436
24-03-05,Chandigarh,Chandigarh,Modern Foods,Industrial Areas,NA,12,83,210
29-03-05,Chandigarh,Chandigarh,Modern Foods,Industrial Areas,5,35,143,401
31-03-05,Chandigarh,Chandigarh,Modern Foods,Industrial Areas,4,24,75,157
4/2/2005,Chandigarh,Chandigarh,Modern Foods,Industrial Areas,4,18,90,485
4/5/2005,Chandigarh,Chandigarh,Modern Foods,Industrial Areas,4,47,113,422
4/9/2005,Chandigarh,Chandigarh,Modern Foods,Industrial Areas,NA,32,222,790
4/12/2005,Chandigarh,Chandigarh,Modern Foods,Industrial Areas,NA,25,110,375
14-04-05,Chandigarh,Chandigarh,Modern Foods,Industrial Areas,NA,20,110,375
16-04-05,Chandigarh,Chandigarh,Modern Foods,Industrial Areas,NA,29,104,454
19-04-05,Chandigarh,Chandigarh,Modern Foods,Industrial Areas,NA,41,143,397
21-04-05,Chandigarh,Chandigarh,Modern Foods,Industrial Areas,NA,15,86,397
23-04-05,Chandigarh,Chandigarh,Modern Foods,Industrial Areas,NA,43,167,623
26-04-05,Chandigarh,Chandigarh,Modern Foods,Industrial Areas,NA,33,82,285
28-04-05,Chandigarh,Chandigarh,Modern Foods,Industrial Areas,NA,26,118,255
30-04-05,Chandigarh,Chandigarh,Modern Foods,Industrial Areas,6,36,94,323
5/3/2005,Chandigarh,Chandigarh,Modern Foods,Industrial Areas,NA,17,89,243
5/7/2005,Chandigarh,Chandigarh,Modern Foods,Industrial Areas,NA,20,181,523
5/10/2005,Chandigarh,Chandigarh,Modern Foods,Industrial Areas,NA,22,133,416
5/12/2005,Chandigarh,Chandigarh,Modern Foods,Industrial Areas,NA,27,134,316
14-05-05,Chandigarh,Chandigarh,Modern Foods,Industrial Areas,4,14,95,302
17-05-05,Chandigarh,Chandigarh,Modern Foods,Industrial Areas,6,29,158,465
19-05-05,Chandigarh,Chandigarh,Modern Foods,Industrial Areas,NA,25,141,474
24-05-05,Chandigarh,Chandigarh,Modern Foods,Industrial Areas,NA,17,160,464
26-05-05,Chandigarh,Chandigarh,Modern Foods,Industrial Areas,NA,19,210,500
28-05-05,Chandigarh,Chandigarh,Modern Foods,Industrial Areas,NA,19,109,347
31-05-05,Chandigarh,Chandigarh,Modern Foods,Industrial Areas,NA,17,132,320
6/2/2005,Chandigarh,Chandigarh,Modern Foods,Industrial Areas,NA,38,114,382
6/4/2005,Chandigarh,Chandigarh,Modern Foods,Industrial Areas,NA,18,120,368
6/7/2005,Chandigarh,Chandigarh,Modern Foods,Industrial Areas,NA,18,103,309
6/9/2005,Chandigarh,Chandigarh,Modern Foods,Industrial Areas,NA,14,201,673
6/11/2005,Chandigarh,Chandigarh,Modern Foods,Industrial Areas,NA,15,234,606
14-06-05,Chandigarh,Chandigarh,Modern Foods,Industrial Areas,NA,15,152,399
18-06-05,Chandigarh,Chandigarh,Modern Foods,Industrial Areas,NA,12,215,526
23-06-05,Chandigarh,Chandigarh,Modern Foods,Industrial Areas,NA,14,160,381
25-06-05,Chandigarh,Chandigarh,Modern Foods,Industrial Areas,NA,13,228,528
28-06-05,Chandigarh,Chandigarh,Modern Foods,Industrial Areas,NA,9,84,212
30-06-05,Chandigarh,Chandigarh,Modern Foods,Industrial Areas,NA,13,80,196
7/2/2005,Chandigarh,Chandigarh,Modern Foods,Industrial Areas,4,15,115,287
7/5/2005,Chandigarh,Chandigarh,Modern Foods,Industrial Areas,NA,14,54,132
7/7/2005,Chandigarh,Chandigarh,Modern Foods,Industrial Areas,NA,21,68,167
7/9/2005,Chandigarh,Chandigarh,Modern Foods,Industrial Areas,NA,15,84,217
7/12/2005,Chandigarh,Chandigarh,Modern Foods,Industrial Areas,NA,12,50,115
14-07-05,Chandigarh,Chandigarh,Modern Foods,Industrial Areas,NA,14,43,108
16-07-05,Chandigarh,Chandigarh,Modern Foods,Industrial Areas,NA,16,61,158
19-07-05,Chandigarh,Chandigarh,Modern Foods,Industrial Areas,NA,17,84,210
21-07-05,Chandigarh,Chandigarh,Modern Foods,Industrial Areas,4,12,93,216
23-07-05,Chandigarh,Chandigarh,Modern Foods,Industrial Areas,NA,14,67,155
27-07-05,Chandigarh,Chandigarh,Modern Foods,Industrial Areas,NA,17,79,171
29-07-05,Chandigarh,Chandigarh,Modern Foods,Industrial Areas,NA,14,60,163
8/1/2005,Chandigarh,Chandigarh,Modern Foods,Industrial Areas,NA,13,60,138
8/3/2005,Chandigarh,Chandigarh,Modern Foods,Industrial Areas,NA,19,58,147
8/5/2005,Chandigarh,Chandigarh,Modern Foods,Industrial Areas,NA,14,49,120
8/8/2005,Chandigarh,Chandigarh,Modern Foods,Industrial Areas,NA,16,38,89
8/10/2005,Chandigarh,Chandigarh,Modern Foods,Industrial Areas,NA,11,56,145
8/12/2005,Chandigarh,Chandigarh,Modern Foods,Industrial Areas,NA,15,69,152
17-08-05,Chandigarh,Chandigarh,Modern Foods,Industrial Areas,NA,14,66,154
19-08-05,Chandigarh,Chandigarh,Modern Foods,Industrial Areas,NA,13,55,128
22-08-05,Chandigarh,Chandigarh,Modern Foods,Industrial Areas,NA,12,68,163
24-08-05,Chandigarh,Chandigarh,Modern Foods,Industrial Areas,NA,13,68,163
26-08-05,Chandigarh,Chandigarh,Modern Foods,Industrial Areas,NA,15,72,174
29-08-05,Chandigarh,Chandigarh,Modern Foods,Industrial Areas,NA,12,93,218
31-08-05,Chandigarh,Chandigarh,Modern Foods,Industrial Areas,NA,11,114,261
9/2/2005,Chandigarh,Chandigarh,Modern Foods,Industrial Areas,NA,13,130,285
9/5/2005,Chandigarh,Chandigarh,Modern Foods,Industrial Areas,NA,14,100,228
9/7/2005,Chandigarh,Chandigarh,Modern Foods,Industrial Areas,NA,12,66,154
9/9/2005,Chandigarh,Chandigarh,Modern Foods,Industrial Areas,NA,14,48,116
9/12/2005,Chandigarh,Chandigarh,Modern Foods,Industrial Areas,NA,12,56,128
14-09-05,Chandigarh,Chandigarh,Modern Foods,Industrial Areas,NA,13,44,95
16-09-05,Chandigarh,Chandigarh,Modern Foods,Industrial Areas,NA,12,38,84
19-09-05,Chandigarh,Chandigarh,Modern Foods,Industrial Areas,NA,12,103,229
21-09-05,Chandigarh,Chandigarh,Modern Foods,Industrial Areas,NA,12,76,196
23-09-05,Chandigarh,Chandigarh,Modern Foods,Industrial Areas,NA,13,55,136
26-09-05,Chandigarh,Chandigarh,Modern Foods,Industrial Areas,NA,11,76,186
28-09-05,Chandigarh,Chandigarh,Modern Foods,Industrial Areas,NA,13,79,181
30-09-05,Chandigarh,Chandigarh,Modern Foods,Industrial Areas,NA,13,82,233
10/5/2005,Chandigarh,Chandigarh,Modern Foods,Industrial Areas,NA,13,116,325
10/7/2005,Chandigarh,Chandigarh,Modern Foods,Industrial Areas,NA,15,109,310
10/10/2005,Chandigarh,Chandigarh,Modern Foods,Industrial Areas,NA,15,125,353
10/12/2005,Chandigarh,Chandigarh,Modern Foods,Industrial Areas,NA,14,190,378
14-10-05,Chandigarh,Chandigarh,Modern Foods,Industrial Areas,NA,17,181,441
17-10-05,Chandigarh,Chandigarh,Modern Foods,Industrial Areas,NA,15,165,360
21-10-05,Chandigarh,Chandigarh,Modern Foods,Industrial Areas,NA,15,155,355
22-10-05,Chandigarh,Chandigarh,Modern Foods,Industrial Areas,NA,12,107,257
24-10-05,Chandigarh,Chandigarh,Modern Foods,Industrial Areas,NA,14,170,376
26-10-05,Chandigarh,Chandigarh,Modern Foods,Industrial Areas,NA,14,253,548
11/4/2005,Chandigarh,Chandigarh,Modern Foods,Industrial Areas,NA,10,157,367
11/7/2005,Chandigarh,Chandigarh,Modern Foods,Industrial Areas,NA,9,210,444
11/9/2005,Chandigarh,Chandigarh,Modern Foods,Industrial Areas,NA,10,141,314
11/11/2005,Chandigarh,Chandigarh,Modern Foods,Industrial Areas,NA,9,136,349
14-11-05,Chandigarh,Chandigarh,Modern Foods,Industrial Areas,NA,9,119,261
16-11-05,Chandigarh,Chandigarh,Modern Foods,Industrial Areas,NA,9,101,253
18-11-05,Chandigarh,Chandigarh,Modern Foods,Industrial Areas,NA,9,134,323
21-11-05,Chandigarh,Chandigarh,Modern Foods,Industrial Areas,NA,9,210,464
23-11-05,Chandigarh,Chandigarh,Modern Foods,Industrial Areas,NA,9,137,361
25-11-05,Chandigarh,Chandigarh,Modern Foods,Industrial Areas,NA,10,200,484
28-11-05,Chandigarh,Chandigarh,Modern Foods,Industrial Areas,NA,11,136,342
12/2/2005,Chandigarh,Chandigarh,Modern Foods,Industrial Areas,NA,10,NA,NA
12/5/2005,Chandigarh,Chandigarh,Modern Foods,Industrial Areas,NA,10,NA,NA
12/7/2005,Chandigarh,Chandigarh,Modern Foods,Industrial Areas,NA,9,NA,NA
12/9/2005,Chandigarh,Chandigarh,Modern Foods,Industrial Areas,NA,34,NA,NA
12/12/2005,Chandigarh,Chandigarh,Modern Foods,Industrial Areas,NA,17,NA,NA
14-12-05,Chandigarh,Chandigarh,Modern Foods,Industrial Areas,NA,53,NA,NA
16-12-05,Chandigarh,Chandigarh,Modern Foods,Industrial Areas,NA,9,NA,NA
19-12-05,Chandigarh,Chandigarh,Modern Foods,Industrial Areas,NA,28,198,455
21-12-05,Chandigarh,Chandigarh,Modern Foods,Industrial Areas,NA,24,252,528
23-12-05,Chandigarh,Chandigarh,Modern Foods,Industrial Areas,6,21,245,NA
26-12-05,Chandigarh,Chandigarh,Modern Foods,Industrial Areas,4.5,14,194,489
28-12-05,Chandigarh,Chandigarh,Modern Foods,Industrial Areas,NA,21,233,NA
30-12-05,Chandigarh,Chandigarh,Modern Foods,Industrial Areas,NA,14,NA,NA
2/2/2005,Chandigarh,Chandigarh,Kaimbwala Village,Residential and others,4.2,18.6,82,114
2/4/2005,Chandigarh,Chandigarh,Kaimbwala Village,Residential and others,11,23.9,101,148
2/7/2005,Chandigarh,Chandigarh,Kaimbwala Village,Residential and others,3.5,11,52,101
2/9/2005,Chandigarh,Chandigarh,Kaimbwala Village,Residential and others,NA,NA,140,268
2/11/2005,Chandigarh,Chandigarh,Kaimbwala Village,Residential and others,5.8,9.7,37,58
14-02-05,Chandigarh,Chandigarh,Kaimbwala Village,Residential and others,6.7,18.7,35,68
16-02-05,Chandigarh,Chandigarh,Kaimbwala Village,Residential and others,4.8,21.7,32,66
18-02-05,Chandigarh,Chandigarh,Kaimbwala Village,Residential and others,6.3,22.2,130,321
21-02-05,Chandigarh,Chandigarh,Kaimbwala Village,Residential and others,4.3,12,48,92
23-02-05,Chandigarh,Chandigarh,Kaimbwala Village,Residential and others,5,16.8,88,153
25-02-05,Chandigarh,Chandigarh,Kaimbwala Village,Residential and others,4.5,9.4,49,93
28-02-05,Chandigarh,Chandigarh,Kaimbwala Village,Residential and others,4.7,15.8,44,116
3/2/2005,Chandigarh,Chandigarh,Kaimbwala Village,Residential and others,3.3,7.9,42,113
3/4/2005,Chandigarh,Chandigarh,Kaimbwala Village,Residential and others,5.2,16.2,55,159
3/7/2005,Chandigarh,Chandigarh,Kaimbwala Village,Residential and others,4.7,23.8,56,155
3/9/2005,Chandigarh,Chandigarh,Kaimbwala Village,Residential and others,2.8,8.9,68,113
3/10/2005,Chandigarh,Chandigarh,Kaimbwala Village,Residential and others,NA,NA,112,261
3/11/2005,Chandigarh,Chandigarh,Kaimbwala Village,Residential and others,5.7,20.5,42,89
14-03-05,Chandigarh,Chandigarh,Kaimbwala Village,Residential and others,6.2,22.2,101,178
16-03-05,Chandigarh,Chandigarh,Kaimbwala Village,Residential and others,5.3,12.1,84,174
18-03-05,Chandigarh,Chandigarh,Kaimbwala Village,Residential and others,6.5,11.8,48,145
21-03-05,Chandigarh,Chandigarh,Kaimbwala Village,Residential and others,4.2,13.8,31,148
23-03-05,Chandigarh,Chandigarh,Kaimbwala Village,Residential and others,6.5,18.1,28,79
25-03-05,Chandigarh,Chandigarh,Kaimbwala Village,Residential and others,4.3,NA,66,169
28-03-05,Chandigarh,Chandigarh,Kaimbwala Village,Residential and others,NA,5.3,44,129
30-03-05,Chandigarh,Chandigarh,Kaimbwala Village,Residential and others,NA,15.3,41,148
4/1/2005,Chandigarh,Chandigarh,Kaimbwala Village,Residential and others,7.2,13.3,38,109
4/4/2005,Chandigarh,Chandigarh,Kaimbwala Village,Residential and others,NA,NA,88,261
4/6/2005,Chandigarh,Chandigarh,Kaimbwala Village,Residential and others,NA,10.8,159,444
4/8/2005,Chandigarh,Chandigarh,Kaimbwala Village,Residential and others,NA,27,290,974
4/11/2005,Chandigarh,Chandigarh,Kaimbwala Village,Residential and others,NA,20,110,314
13-04-05,Chandigarh,Chandigarh,Kaimbwala Village,Residential and others,NA,21.3,87,233
15-04-05,Chandigarh,Chandigarh,Kaimbwala Village,Residential and others,NA,15.3,83,276
18-04-05,Chandigarh,Chandigarh,Kaimbwala Village,Residential and others,NA,20,83,283
20-04-05,Chandigarh,Chandigarh,Kaimbwala Village,Residential and others,NA,18.7,79,205
22-04-05,Chandigarh,Chandigarh,Kaimbwala Village,Residential and others,NA,16.2,118,386
25-04-05,Chandigarh,Chandigarh,Kaimbwala Village,Residential and others,NA,NA,94,238
29-04-05,Chandigarh,Chandigarh,Kaimbwala Village,Residential and others,2.3,19.5,68,186
5/2/2005,Chandigarh,Chandigarh,Kaimbwala Village,Residential and others,NA,12.3,98,319
5/4/2005,Chandigarh,Chandigarh,Kaimbwala Village,Residential and others,NA,NA,70,218
5/6/2005,Chandigarh,Chandigarh,Kaimbwala Village,Residential and others,NA,6.9,84,290
5/9/2005,Chandigarh,Chandigarh,Kaimbwala Village,Residential and others,NA,7.3,88,265
5/11/2005,Chandigarh,Chandigarh,Kaimbwala Village,Residential and others,NA,6.3,123,310
13-05-05,Chandigarh,Chandigarh,Kaimbwala Village,Residential and others,NA,8.8,108,181
16-05-05,Chandigarh,Chandigarh,Kaimbwala Village,Residential and others,2.7,12.3,127,228
18-05-05,Chandigarh,Chandigarh,Kaimbwala Village,Residential and others,NA,6.7,80,199
20-05-05,Chandigarh,Chandigarh,Kaimbwala Village,Residential and others,NA,NA,97,285
23-05-05,Chandigarh,Chandigarh,Kaimbwala Village,Residential and others,NA,NA,96,307
25-05-05,Chandigarh,Chandigarh,Kaimbwala Village,Residential and others,NA,5.4,125,277
27-05-05,Chandigarh,Chandigarh,Kaimbwala Village,Residential and others,NA,9.8,87,207
30-05-05,Chandigarh,Chandigarh,Kaimbwala Village,Residential and others,NA,5.4,134,330
6/3/2005,Chandigarh,Chandigarh,Kaimbwala Village,Residential and others,NA,NA,152,363
6/8/2005,Chandigarh,Chandigarh,Kaimbwala Village,Residential and others,NA,NA,152,363
6/10/2005,Chandigarh,Chandigarh,Kaimbwala Village,Residential and others,NA,NA,112,261
13-06-05,Chandigarh,Chandigarh,Kaimbwala Village,Residential and others,NA,NA,121,288
15-06-05,Chandigarh,Chandigarh,Kaimbwala Village,Residential and others,NA,NA,65,200
17-06-05,Chandigarh,Chandigarh,Kaimbwala Village,Residential and others,NA,7,105,259
20-06-05,Chandigarh,Chandigarh,Kaimbwala Village,Residential and others,NA,5.4,166,412
22-06-05,Chandigarh,Chandigarh,Kaimbwala Village,Residential and others,2.5,6.3,197,416
24-06-05,Chandigarh,Chandigarh,Kaimbwala Village,Residential and others,NA,NA,146,439
27-06-05,Chandigarh,Chandigarh,Kaimbwala Village,Residential and others,NA,NA,109,292
29-06-05,Chandigarh,Chandigarh,Kaimbwala Village,Residential and others,NA,NA,123,265
7/1/2005,Chandigarh,Chandigarh,Kaimbwala Village,Residential and others,NA,9.2,91,226
7/4/2005,Chandigarh,Chandigarh,Kaimbwala Village,Residential and others,NA,9.7,44,144
7/6/2005,Chandigarh,Chandigarh,Kaimbwala Village,Residential and others,NA,9.4,53,153
7/8/2005,Chandigarh,Chandigarh,Kaimbwala Village,Residential and others,NA,9.5,68,157
7/11/2005,Chandigarh,Chandigarh,Kaimbwala Village,Residential and others,NA,9.8,60,150
13-07-05,Chandigarh,Chandigarh,Kaimbwala Village,Residential and others,NA,9.5,72,200
15-07-05,Chandigarh,Chandigarh,Kaimbwala Village,Residential and others,NA,10.3,61,147
18-07-05,Chandigarh,Chandigarh,Kaimbwala Village,Residential and others,NA,9.8,51,142
20-07-05,Chandigarh,Chandigarh,Kaimbwala Village,Residential and others,NA,10,58,141
22-07-05,Chandigarh,Chandigarh,Kaimbwala Village,Residential and others,NA,12.3,110,286
28-07-05,Chandigarh,Chandigarh,Kaimbwala Village,Residential and others,NA,10,61,136
30-07-05,Chandigarh,Chandigarh,Kaimbwala Village,Residential and others,NA,10.5,39,117
8/2/2005,Chandigarh,Chandigarh,Kaimbwala Village,Residential and others,NA,9.8,28,70
8/4/2005,Chandigarh,Chandigarh,Kaimbwala Village,Residential and others,NA,9,24,65
8/6/2005,Chandigarh,Chandigarh,Kaimbwala Village,Residential and others,NA,10.2,31,71
8/9/2005,Chandigarh,Chandigarh,Kaimbwala Village,Residential and others,NA,10,68,143
8/11/2005,Chandigarh,Chandigarh,Kaimbwala Village,Residential and others,NA,9.5,56,139
13-08-05,Chandigarh,Chandigarh,Kaimbwala Village,Residential and others,NA,10.5,35,78
16-08-05,Chandigarh,Chandigarh,Kaimbwala Village,Residential and others,NA,9.5,25,63
18-08-05,Chandigarh,Chandigarh,Kaimbwala Village,Residential and others,NA,10.2,29,66
20-08-05,Chandigarh,Chandigarh,Kaimbwala Village,Residential and others,NA,9.8,34,80
23-08-05,Chandigarh,Chandigarh,Kaimbwala Village,Residential and others,NA,9.4,42,104
25-08-05,Chandigarh,Chandigarh,Kaimbwala Village,Residential and others,NA,9.3,88,209
27-08-05,Chandigarh,Chandigarh,Kaimbwala Village,Residential and others,NA,9.5,50,108
30-08-05,Chandigarh,Chandigarh,Kaimbwala Village,Residential and others,NA,9.5,67,154
9/1/2005,Chandigarh,Chandigarh,Kaimbwala Village,Residential and others,NA,10.2,53,127
9/3/2005,Chandigarh,Chandigarh,Kaimbwala Village,Residential and others,NA,11,50,117
9/6/2005,Chandigarh,Chandigarh,Kaimbwala Village,Residential and others,NA,10.3,30,70
9/8/2005,Chandigarh,Chandigarh,Kaimbwala Village,Residential and others,NA,10.5,37,87
13-09-05,Chandigarh,Chandigarh,Kaimbwala Village,Residential and others,NA,9.7,31,77
15-09-05,Chandigarh,Chandigarh,Kaimbwala Village,Residential and others,NA,9.7,41,90
17-09-05,Chandigarh,Chandigarh,Kaimbwala Village,Residential and others,NA,11.5,31,76
20-09-05,Chandigarh,Chandigarh,Kaimbwala Village,Residential and others,NA,10.3,33,75
22-09-05,Chandigarh,Chandigarh,Kaimbwala Village,Residential and others,NA,10.3,17,45
24-09-05,Chandigarh,Chandigarh,Kaimbwala Village,Residential and others,NA,10.5,30,72
27-09-05,Chandigarh,Chandigarh,Kaimbwala Village,Residential and others,NA,10.8,52,110
29-09-05,Chandigarh,Chandigarh,Kaimbwala Village,Residential and others,NA,10.3,42,114
10/1/2005,Chandigarh,Chandigarh,Kaimbwala Village,Residential and others,NA,10.7,61,148
10/4/2005,Chandigarh,Chandigarh,Kaimbwala Village,Residential and others,NA,10.3,77,200
10/6/2005,Chandigarh,Chandigarh,Kaimbwala Village,Residential and others,NA,10.7,73,176
10/8/2005,Chandigarh,Chandigarh,Kaimbwala Village,Residential and others,NA,10.5,80,172
10/11/2005,Chandigarh,Chandigarh,Kaimbwala Village,Residential and others,NA,11.8,65,162
13-10-05,Chandigarh,Chandigarh,Kaimbwala Village,Residential and others,NA,9.8,49,126
15-10-05,Chandigarh,Chandigarh,Kaimbwala Village,Residential and others,NA,11.2,62,168
18-10-05,Chandigarh,Chandigarh,Kaimbwala Village,Residential and others,NA,10.7,66,154
20-10-05,Chandigarh,Chandigarh,Kaimbwala Village,Residential and others,NA,11,95,231
22-10-05,Chandigarh,Chandigarh,Kaimbwala Village,Residential and others,NA,11.7,68,145
25-10-05,Chandigarh,Chandigarh,Kaimbwala Village,Residential and others,NA,10,136,291
27-10-05,Chandigarh,Chandigarh,Kaimbwala Village,Residential and others,NA,10.8,96,213
29-10-05,Chandigarh,Chandigarh,Kaimbwala Village,Residential and others,NA,10.5,96,249
11/3/2005,Chandigarh,Chandigarh,Kaimbwala Village,Residential and others,NA,9,165,353
11/5/2005,Chandigarh,Chandigarh,Kaimbwala Village,Residential and others,NA,9,101,200
11/8/2005,Chandigarh,Chandigarh,Kaimbwala Village,Residential and others,NA,9,64,151
11/10/2005,Chandigarh,Chandigarh,Kaimbwala Village,Residential and others,NA,9,75,199
11/12/2005,Chandigarh,Chandigarh,Kaimbwala Village,Residential and others,NA,9,86,226
15-11-05,Chandigarh,Chandigarh,Kaimbwala Village,Residential and others,NA,9,134,275
17-11-05,Chandigarh,Chandigarh,Kaimbwala Village,Residential and others,NA,9,136,279
19-11-05,Chandigarh,Chandigarh,Kaimbwala Village,Residential and others,NA,9,146,282
22-11-05,Chandigarh,Chandigarh,Kaimbwala Village,Residential and others,NA,9,91,238
26-11-05,Chandigarh,Chandigarh,Kaimbwala Village,Residential and others,NA,9.5,145,339
29-11-05,Chandigarh,Chandigarh,Kaimbwala Village,Residential and others,NA,9.3,140,325
12/10/2005,Chandigarh,Chandigarh,Kaimbwala Village,Residential and others,NA,NA,106,239
13-12-05,Chandigarh,Chandigarh,Kaimbwala Village,Residential and others,NA,NA,82,192
15-12-05,Chandigarh,Chandigarh,Kaimbwala Village,Residential and others,NA,NA,108,246
17-12-05,Chandigarh,Chandigarh,Kaimbwala Village,Residential and others,NA,NA,102,249
22-12-05,Chandigarh,Chandigarh,Kaimbwala Village,Residential and others,NA,NA,77,160
24-12-05,Chandigarh,Chandigarh,Kaimbwala Village,Residential and others,NA,12,90,201
27-12-05,Chandigarh,Chandigarh,Kaimbwala Village,Residential and others,NA,13,161,241
29-12-05,Chandigarh,Chandigarh,Kaimbwala Village,Residential and others,NA,NA,98,212
1/3/2005,Chandigarh,Chandigarh,Punjab Eng College,Residential and others,5,15,41,66
1/7/2005,Chandigarh,Chandigarh,Punjab Eng College,Residential and others,5,13,86,118
1/10/2005,Chandigarh,Chandigarh,Punjab Eng College,Residential and others,NA,24,151,170
1/12/2005,Chandigarh,Chandigarh,Punjab Eng College,Residential and others,4,17,134,170
14-01-05,Chandigarh,Chandigarh,Punjab Eng College,Residential and others,NA,16,90,130
17-01-05,Chandigarh,Chandigarh,Punjab Eng College,Residential and others,4,18,44,77
19-01-05,Chandigarh,Chandigarh,Punjab Eng College,Residential and others,NA,12,82,115
21-01-05,Chandigarh,Chandigarh,Punjab Eng College,Residential and others,12,13,116,180
24-01-05,Chandigarh,Chandigarh,Punjab Eng College,Residential and others,3.2,18.8,73,119
28-01-05,Chandigarh,Chandigarh,Punjab Eng College,Residential and others,NA,27,45,85
31-01-05,Chandigarh,Chandigarh,Punjab Eng College,Residential and others,NA,9,64,257
2/2/2005,Chandigarh,Chandigarh,Punjab Eng College,Residential and others,4,37,40,81
2/4/2005,Chandigarh,Chandigarh,Punjab Eng College,Residential and others,NA,12,81,138
2/7/2005,Chandigarh,Chandigarh,Punjab Eng College,Residential and others,4,39,23,113
2/9/2005,Chandigarh,Chandigarh,Punjab Eng College,Residential and others,5,14,25,57
2/11/2005,Chandigarh,Chandigarh,Punjab Eng College,Residential and others,4,14,30,50
14-02-05,Chandigarh,Chandigarh,Punjab Eng College,Residential and others,5,33,41,96
16-02-05,Chandigarh,Chandigarh,Punjab Eng College,Residential and others,4,11,90,119
18-02-05,Chandigarh,Chandigarh,Punjab Eng College,Residential and others,4,12,85,321
21-02-05,Chandigarh,Chandigarh,Punjab Eng College,Residential and others,5,12,63,110
23-02-05,Chandigarh,Chandigarh,Punjab Eng College,Residential and others,4,12,56,90
25-02-05,Chandigarh,Chandigarh,Punjab Eng College,Residential and others,5,19,47,90
28-02-05,Chandigarh,Chandigarh,Punjab Eng College,Residential and others,4,15,44,111
3/4/2005,Chandigarh,Chandigarh,Punjab Eng College,Residential and others,6,17,81,148
3/7/2005,Chandigarh,Chandigarh,Punjab Eng College,Residential and others,4,24,45,129
3/9/2005,Chandigarh,Chandigarh,Punjab Eng College,Residential and others,NA,58,34,99
3/11/2005,Chandigarh,Chandigarh,Punjab Eng College,Residential and others,6,31,43,110
14-03-05,Chandigarh,Chandigarh,Punjab Eng College,Residential and others,4,24,74,145
16-03-05,Chandigarh,Chandigarh,Punjab Eng College,Residential and others,NA,16,114,188
18-03-05,Chandigarh,Chandigarh,Punjab Eng College,Residential and others,NA,10,101,187
21-03-05,Chandigarh,Chandigarh,Punjab Eng College,Residential and others,4,9,46,78
23-03-05,Chandigarh,Chandigarh,Punjab Eng College,Residential and others,6,15,47,125
25-03-05,Chandigarh,Chandigarh,Punjab Eng College,Residential and others,NA,12,54,161
28-03-05,Chandigarh,Chandigarh,Punjab Eng College,Residential and others,NA,10,116,196
30-03-05,Chandigarh,Chandigarh,Punjab Eng College,Residential and others,NA,9,38,154
4/1/2005,Chandigarh,Chandigarh,Punjab Eng College,Residential and others,10,27,43,152
4/4/2005,Chandigarh,Chandigarh,Punjab Eng College,Residential and others,NA,14,56,196
4/6/2005,Chandigarh,Chandigarh,Punjab Eng College,Residential and others,NA,15,87,294
4/8/2005,Chandigarh,Chandigarh,Punjab Eng College,Residential and others,NA,33,232,962
4/11/2005,Chandigarh,Chandigarh,Punjab Eng College,Residential and others,NA,18,121,423
13-04-05,Chandigarh,Chandigarh,Punjab Eng College,Residential and others,NA,25,90,285
15-04-05,Chandigarh,Chandigarh,Punjab Eng College,Residential and others,NA,25,85,334
18-04-05,Chandigarh,Chandigarh,Punjab Eng College,Residential and others,NA,24,63,276
20-04-05,Chandigarh,Chandigarh,Punjab Eng College,Residential and others,NA,23,88,273
22-04-05,Chandigarh,Chandigarh,Punjab Eng College,Residential and others,NA,16,77,314
25-04-05,Chandigarh,Chandigarh,Punjab Eng College,Residential and others,NA,19,123,332
27-04-05,Chandigarh,Chandigarh,Punjab Eng College,Residential and others,NA,30,62,178
29-04-05,Chandigarh,Chandigarh,Punjab Eng College,Residential and others,NA,18,64,221
5/5/2005,Chandigarh,Chandigarh,Punjab Eng College,Residential and others,NA,9,58,168
5/7/2005,Chandigarh,Chandigarh,Punjab Eng College,Residential and others,NA,9,80,318
5/10/2005,Chandigarh,Chandigarh,Punjab Eng College,Residential and others,NA,11,64,156
5/12/2005,Chandigarh,Chandigarh,Punjab Eng College,Residential and others,NA,17,55,117
14-05-05,Chandigarh,Chandigarh,Punjab Eng College,Residential and others,NA,9,63,136
17-05-05,Chandigarh,Chandigarh,Punjab Eng College,Residential and others,NA,13,57,205
19-05-05,Chandigarh,Chandigarh,Punjab Eng College,Residential and others,NA,10,78,264
21-05-05,Chandigarh,Chandigarh,Punjab Eng College,Residential and others,NA,9,73,220
24-05-05,Chandigarh,Chandigarh,Punjab Eng College,Residential and others,NA,10,81,206
26-05-05,Chandigarh,Chandigarh,Punjab Eng College,Residential and others,NA,13,97,296
28-05-05,Chandigarh,Chandigarh,Punjab Eng College,Residential and others,NA,12,53,176
31-05-05,Chandigarh,Chandigarh,Punjab Eng College,Residential and others,NA,11,72,213
6/2/2005,Chandigarh,Chandigarh,Punjab Eng College,Residential and others,NA,9,75,173
6/4/2005,Chandigarh,Chandigarh,Punjab Eng College,Residential and others,NA,10,80,196
6/7/2005,Chandigarh,Chandigarh,Punjab Eng College,Residential and others,NA,12,65,201
6/9/2005,Chandigarh,Chandigarh,Punjab Eng College,Residential and others,NA,10,111,311
6/11/2005,Chandigarh,Chandigarh,Punjab Eng College,Residential and others,NA,12,151,383
14-06-05,Chandigarh,Chandigarh,Punjab Eng College,Residential and others,NA,10,147,318
16-06-05,Chandigarh,Chandigarh,Punjab Eng College,Residential and others,NA,11,70,178
18-06-05,Chandigarh,Chandigarh,Punjab Eng College,Residential and others,NA,16,94,272
21-06-05,Chandigarh,Chandigarh,Punjab Eng College,Residential and others,NA,9,168,455
23-06-05,Chandigarh,Chandigarh,Punjab Eng College,Residential and others,NA,9,146,334
25-06-05,Chandigarh,Chandigarh,Punjab Eng College,Residential and others,NA,9,76,211
28-06-05,Chandigarh,Chandigarh,Punjab Eng College,Residential and others,NA,9,57,134
30-06-05,Chandigarh,Chandigarh,Punjab Eng College,Residential and others,NA,9,57,135
7/2/2005,Chandigarh,Chandigarh,Punjab Eng College,Residential and others,NA,9,61,160
7/5/2005,Chandigarh,Chandigarh,Punjab Eng College,Residential and others,NA,10,18,50
7/7/2005,Chandigarh,Chandigarh,Punjab Eng College,Residential and others,NA,15,30,78
7/9/2005,Chandigarh,Chandigarh,Punjab Eng College,Residential and others,NA,10,43,102
7/12/2005,Chandigarh,Chandigarh,Punjab Eng College,Residential and others,NA,11,26,61
14-07-05,Chandigarh,Chandigarh,Punjab Eng College,Residential and others,NA,12,27,69
16-07-05,Chandigarh,Chandigarh,Punjab Eng College,Residential and others,NA,12,21,48
19-07-05,Chandigarh,Chandigarh,Punjab Eng College,Residential and others,NA,13,31,75
21-07-05,Chandigarh,Chandigarh,Punjab Eng College,Residential and others,NA,17,51,118
23-07-05,Chandigarh,Chandigarh,Punjab Eng College,Residential and others,NA,12,43,97
27-07-05,Chandigarh,Chandigarh,Punjab Eng College,Residential and others,NA,12.3,26,67
29-07-05,Chandigarh,Chandigarh,Punjab Eng College,Residential and others,NA,10,35,87
8/1/2005,Chandigarh,Chandigarh,Punjab Eng College,Residential and others,NA,11,42,95
8/3/2005,Chandigarh,Chandigarh,Punjab Eng College,Residential and others,NA,12,28,67
8/5/2005,Chandigarh,Chandigarh,Punjab Eng College,Residential and others,NA,11,49,109
8/8/2005,Chandigarh,Chandigarh,Punjab Eng College,Residential and others,NA,13,46,117
8/10/2005,Chandigarh,Chandigarh,Punjab Eng College,Residential and others,NA,9,37,96
8/12/2005,Chandigarh,Chandigarh,Punjab Eng College,Residential and others,NA,10,43,105
17-08-05,Chandigarh,Chandigarh,Punjab Eng College,Residential and others,NA,12,25,58
19-08-05,Chandigarh,Chandigarh,Punjab Eng College,Residential and others,NA,10,48,113
22-08-05,Chandigarh,Chandigarh,Punjab Eng College,Residential and others,NA,10,37,90
24-08-05,Chandigarh,Chandigarh,Punjab Eng College,Residential and others,NA,13,54,123
26-08-05,Chandigarh,Chandigarh,Punjab Eng College,Residential and others,NA,11,88,198
29-08-05,Chandigarh,Chandigarh,Punjab Eng College,Residential and others,NA,9,49,113
31-08-05,Chandigarh,Chandigarh,Punjab Eng College,Residential and others,NA,10,56,138
9/2/2005,Chandigarh,Chandigarh,Punjab Eng College,Residential and others,NA,11,69,153
9/5/2005,Chandigarh,Chandigarh,Punjab Eng College,Residential and others,NA,10,53,116
9/7/2005,Chandigarh,Chandigarh,Punjab Eng College,Residential and others,NA,11,27,64
9/9/2005,Chandigarh,Chandigarh,Punjab Eng College,Residential and others,NA,13,29,67
9/12/2005,Chandigarh,Chandigarh,Punjab Eng College,Residential and others,NA,9,32,78
14-09-05,Chandigarh,Chandigarh,Punjab Eng College,Residential and others,NA,9,24,59
16-09-05,Chandigarh,Chandigarh,Punjab Eng College,Residential and others,NA,10,52,117
19-09-05,Chandigarh,Chandigarh,Punjab Eng College,Residential and others,NA,9,36,80
21-09-05,Chandigarh,Chandigarh,Punjab Eng College,Residential and others,NA,10,45,114
23-09-05,Chandigarh,Chandigarh,Punjab Eng College,Residential and others,NA,10,37,86
26-09-05,Chandigarh,Chandigarh,Punjab Eng College,Residential and others,NA,10,44,107
28-09-05,Chandigarh,Chandigarh,Punjab Eng College,Residential and others,NA,10,44,111
30-09-05,Chandigarh,Chandigarh,Punjab Eng College,Residential and others,NA,11,64,146
10/5/2005,Chandigarh,Chandigarh,Punjab Eng College,Residential and others,NA,12,97,302
10/7/2005,Chandigarh,Chandigarh,Punjab Eng College,Residential and others,NA,12,137,281
10/10/2005,Chandigarh,Chandigarh,Punjab Eng College,Residential and others,NA,12,98,216
10/12/2005,Chandigarh,Chandigarh,Punjab Eng College,Residential and others,NA,11,94,201
14-10-05,Chandigarh,Chandigarh,Punjab Eng College,Residential and others,NA,11,70,181
17-10-05,Chandigarh,Chandigarh,Punjab Eng College,Residential and others,NA,10,125,314
21-10-05,Chandigarh,Chandigarh,Punjab Eng College,Residential and others,NA,13,127,280
24-10-05,Chandigarh,Chandigarh,Punjab Eng College,Residential and others,NA,12,120,302
26-10-05,Chandigarh,Chandigarh,Punjab Eng College,Residential and others,NA,12,182,340
11/4/2005,Chandigarh,Chandigarh,Punjab Eng College,Residential and others,NA,9,106,257
11/7/2005,Chandigarh,Chandigarh,Punjab Eng College,Residential and others,NA,9,151,315
11/9/2005,Chandigarh,Chandigarh,Punjab Eng College,Residential and others,NA,9,123,238
11/11/2005,Chandigarh,Chandigarh,Punjab Eng College,Residential and others,NA,9,113,240
14-11-05,Chandigarh,Chandigarh,Punjab Eng College,Residential and others,NA,9,92,214
16-11-05,Chandigarh,Chandigarh,Punjab Eng College,Residential and others,NA,9,67,149
18-11-05,Chandigarh,Chandigarh,Punjab Eng College,Residential and others,NA,9,128,269
21-11-05,Chandigarh,Chandigarh,Punjab Eng College,Residential and others,NA,9,99,204
23-11-05,Chandigarh,Chandigarh,Punjab Eng College,Residential and others,NA,9,93,180
25-11-05,Chandigarh,Chandigarh,Punjab Eng College,Residential and others,NA,11,107,229
28-11-05,Chandigarh,Chandigarh,Punjab Eng College,Residential and others,NA,10,125,335
30-11-05,Chandigarh,Chandigarh,Punjab Eng College,Residential and others,NA,10,120,247
12/2/2005,Chandigarh,Chandigarh,Punjab Eng College,Residential and others,NA,9,101,206
12/5/2005,Chandigarh,Chandigarh,Punjab Eng College,Residential and others,NA,10,83,167
12/7/2005,Chandigarh,Chandigarh,Punjab Eng College,Residential and others,NA,9,111,223
12/9/2005,Chandigarh,Chandigarh,Punjab Eng College,Residential and others,NA,13,119,232
12/12/2005,Chandigarh,Chandigarh,Punjab Eng College,Residential and others,NA,NA,125,207
14-12-05,Chandigarh,Chandigarh,Punjab Eng College,Residential and others,NA,NA,217,374
16-12-05,Chandigarh,Chandigarh,Punjab Eng College,Residential and others,NA,13,100,182
19-12-05,Chandigarh,Chandigarh,Punjab Eng College,Residential and others,NA,12,116,227
21-12-05,Chandigarh,Chandigarh,Punjab Eng College,Residential and others,NA,NA,130,265
23-12-05,Chandigarh,Chandigarh,Punjab Eng College,Residential and others,NA,12,126,256
26-12-05,Chandigarh,Chandigarh,Punjab Eng College,Residential and others,4.5,10,163,320
28-12-05,Chandigarh,Chandigarh,Punjab Eng College,Residential and others,NA,21,172,316
30-12-05,Chandigarh,Chandigarh,Punjab Eng College,Residential and others,NA,NA,147,263
1/11/2005,Chandigarh,Chandigarh,Sector -39,Residential and others,3.2,35.3,127,195
13-01-05,Chandigarh,Chandigarh,Sector -39,Residential and others,6,24.4,135,205
15-01-05,Chandigarh,Chandigarh,Sector -39,Residential and others,3.7,17.4,132,268
18-01-05,Chandigarh,Chandigarh,Sector -39,Residential and others,4.7,26.5,133,239
20-01-05,Chandigarh,Chandigarh,Sector -39,Residential and others,5.5,15.8,163,339
22-01-05,Chandigarh,Chandigarh,Sector -39,Residential and others,2.7,21.3,49,245
25-01-05,Chandigarh,Chandigarh,Sector -39,Residential and others,3.8,33,108,179
27-01-05,Chandigarh,Chandigarh,Sector -39,Residential and others,6.3,15.8,65,222
29-01-05,Chandigarh,Chandigarh,Sector -39,Residential and others,2.5,13.5,65,110
2/1/2005,Chandigarh,Chandigarh,Sector -39,Residential and others,3.3,11.6,72,106
2/3/2005,Chandigarh,Chandigarh,Sector -39,Residential and others,3.5,36.3,263,354
2/5/2005,Chandigarh,Chandigarh,Sector -39,Residential and others,2.5,36.8,105,271
2/8/2005,Chandigarh,Chandigarh,Sector -39,Residential and others,3.7,36.3,65,103
2/12/2005,Chandigarh,Chandigarh,Sector -39,Residential and others,7,48.7,54,105
15-02-05,Chandigarh,Chandigarh,Sector -39,Residential and others,12.2,19.8,98,150
17-02-05,Chandigarh,Chandigarh,Sector -39,Residential and others,4.7,27.8,77,286
19-02-05,Chandigarh,Chandigarh,Sector -39,Residential and others,5.3,20.5,54,106
22-02-05,Chandigarh,Chandigarh,Sector -39,Residential and others,14,19.2,90,173
24-02-05,Chandigarh,Chandigarh,Sector -39,Residential and others,5.3,20.7,146,200
26-02-05,Chandigarh,Chandigarh,Sector -39,Residential and others,3.3,9.1,95,295
3/1/2005,Chandigarh,Chandigarh,Sector -39,Residential and others,4.7,10.4,72,173
3/3/2005,Chandigarh,Chandigarh,Sector -39,Residential and others,3.2,33,97,294
3/5/2005,Chandigarh,Chandigarh,Sector -39,Residential and others,4.8,11.6,80,235
3/8/2005,Chandigarh,Chandigarh,Sector -39,Residential and others,2.5,28.8,103,180
3/10/2005,Chandigarh,Chandigarh,Sector -39,Residential and others,4.2,30.5,47,260
3/12/2005,Chandigarh,Chandigarh,Sector -39,Residential and others,2.3,28.1,108,185
17-03-05,Chandigarh,Chandigarh,Sector -39,Residential and others,2.3,22,151,367
19-03-05,Chandigarh,Chandigarh,Sector -39,Residential and others,11.3,20.5,101,255
22-03-05,Chandigarh,Chandigarh,Sector -39,Residential and others,NA,NA,52,137
24-03-05,Chandigarh,Chandigarh,Sector -39,Residential and others,2.3,17,57,155
29-03-05,Chandigarh,Chandigarh,Sector -39,Residential and others,2.3,28.3,75,151
4/2/2005,Chandigarh,Chandigarh,Sector -39,Residential and others,4.5,26.1,89,231
4/5/2005,Chandigarh,Chandigarh,Sector -39,Residential and others,NA,39.2,102,331
4/7/2005,Chandigarh,Chandigarh,Sector -39,Residential and others,NA,19.3,578,NA
4/9/2005,Chandigarh,Chandigarh,Sector -39,Residential and others,NA,48.7,244,666
4/12/2005,Chandigarh,Chandigarh,Sector -39,Residential and others,NA,22.8,161,524
14-04-05,Chandigarh,Chandigarh,Sector -39,Residential and others,NA,NA,92,299
19-04-05,Chandigarh,Chandigarh,Sector -39,Residential and others,NA,29.6,96,267
21-04-05,Chandigarh,Chandigarh,Sector -39,Residential and others,NA,17.5,111,377
23-04-05,Chandigarh,Chandigarh,Sector -39,Residential and others,NA,28,134,429
26-04-05,Chandigarh,Chandigarh,Sector -39,Residential and others,NA,24.8,76,196
28-04-05,Chandigarh,Chandigarh,Sector -39,Residential and others,NA,32.8,65,170
30-04-05,Chandigarh,Chandigarh,Sector -39,Residential and others,2.7,25.5,87,242
5/2/2005,Chandigarh,Chandigarh,Sector -39,Residential and others,NA,15.5,85,244
5/4/2005,Chandigarh,Chandigarh,Sector -39,Residential and others,NA,11.3,63,175
5/6/2005,Chandigarh,Chandigarh,Sector -39,Residential and others,NA,9.1,79,185
5/9/2005,Chandigarh,Chandigarh,Sector -39,Residential and others,NA,9,155,350
5/11/2005,Chandigarh,Chandigarh,Sector -39,Residential and others,NA,5.9,191,308
13-05-05,Chandigarh,Chandigarh,Sector -39,Residential and others,NA,15.7,101,209
16-05-05,Chandigarh,Chandigarh,Sector -39,Residential and others,NA,17.2,132,301
18-05-05,Chandigarh,Chandigarh,Sector -39,Residential and others,NA,9.4,86,241
20-05-05,Chandigarh,Chandigarh,Sector -39,Residential and others,NA,10.8,119,215
23-05-05,Chandigarh,Chandigarh,Sector -39,Residential and others,NA,9.6,134,216
25-05-05,Chandigarh,Chandigarh,Sector -39,Residential and others,NA,9.5,107,246
27-05-05,Chandigarh,Chandigarh,Sector -39,Residential and others,NA,12.1,75,168
30-05-05,Chandigarh,Chandigarh,Sector -39,Residential and others,3,7,107,270
6/1/2005,Chandigarh,Chandigarh,Sector -39,Residential and others,NA,8.3,100,210
6/3/2005,Chandigarh,Chandigarh,Sector -39,Residential and others,NA,7.6,100,275
6/6/2005,Chandigarh,Chandigarh,Sector -39,Residential and others,NA,9,288,599
6/8/2005,Chandigarh,Chandigarh,Sector -39,Residential and others,NA,7.6,90,271
6/10/2005,Chandigarh,Chandigarh,Sector -39,Residential and others,NA,9.7,103,251
13-06-05,Chandigarh,Chandigarh,Sector -39,Residential and others,NA,7.4,217,492
15-06-05,Chandigarh,Chandigarh,Sector -39,Residential and others,NA,8.8,128,317
17-06-05,Chandigarh,Chandigarh,Sector -39,Residential and others,NA,NA,131,262
20-06-05,Chandigarh,Chandigarh,Sector -39,Residential and others,NA,6.3,162,354
22-06-05,Chandigarh,Chandigarh,Sector -39,Residential and others,2.7,8,134,381
24-06-05,Chandigarh,Chandigarh,Sector -39,Residential and others,NA,6.7,97,351
27-06-05,Chandigarh,Chandigarh,Sector -39,Residential and others,NA,8.7,92,242
29-06-05,Chandigarh,Chandigarh,Sector -39,Residential and others,NA,8.1,87,199
7/1/2005,Chandigarh,Chandigarh,Sector -39,Residential and others,NA,10.2,95,230
7/4/2005,Chandigarh,Chandigarh,Sector -39,Residential and others,2.7,11,47,106
7/6/2005,Chandigarh,Chandigarh,Sector -39,Residential and others,NA,14,42,111
7/8/2005,Chandigarh,Chandigarh,Sector -39,Residential and others,NA,9.7,60,156
7/11/2005,Chandigarh,Chandigarh,Sector -39,Residential and others,NA,10.8,32,75
13-07-05,Chandigarh,Chandigarh,Sector -39,Residential and others,NA,12.3,48,127
15-07-05,Chandigarh,Chandigarh,Sector -39,Residential and others,NA,14.5,38,100
18-07-05,Chandigarh,Chandigarh,Sector -39,Residential and others,NA,12,66,162
20-07-05,Chandigarh,Chandigarh,Sector -39,Residential and others,NA,13,91,211
22-07-05,Chandigarh,Chandigarh,Sector -39,Residential and others,NA,10.8,83,195
28-07-05,Chandigarh,Chandigarh,Sector -39,Residential and others,NA,11,41,90
30-07-05,Chandigarh,Chandigarh,Sector -39,Residential and others,NA,11.4,41,99
8/2/2005,Chandigarh,Chandigarh,Sector -39,Residential and others,NA,13.3,40,94
8/4/2005,Chandigarh,Chandigarh,Sector -39,Residential and others,NA,10,42,100
8/6/2005,Chandigarh,Chandigarh,Sector -39,Residential and others,NA,11.3,31,79
8/9/2005,Chandigarh,Chandigarh,Sector -39,Residential and others,NA,13.7,57,124
8/11/2005,Chandigarh,Chandigarh,Sector -39,Residential and others,NA,11.5,57,145
13-08-05,Chandigarh,Chandigarh,Sector -39,Residential and others,NA,10.8,45,108
16-08-05,Chandigarh,Chandigarh,Sector -39,Residential and others,NA,9.7,34,83
18-08-05,Chandigarh,Chandigarh,Sector -39,Residential and others,NA,13,39,95
20-08-05,Chandigarh,Chandigarh,Sector -39,Residential and others,NA,11.7,37,87
23-08-05,Chandigarh,Chandigarh,Sector -39,Residential and others,NA,13,59,139
25-08-05,Chandigarh,Chandigarh,Sector -39,Residential and others,NA,11.2,126,282
27-08-05,Chandigarh,Chandigarh,Sector -39,Residential and others,NA,12.5,86,201
30-08-05,Chandigarh,Chandigarh,Sector -39,Residential and others,NA,11,119,260
9/1/2005,Chandigarh,Chandigarh,Sector -39,Residential and others,NA,12,79,192
9/3/2005,Chandigarh,Chandigarh,Sector -39,Residential and others,NA,12,81,174
9/6/2005,Chandigarh,Chandigarh,Sector -39,Residential and others,NA,11.7,41,99
9/8/2005,Chandigarh,Chandigarh,Sector -39,Residential and others,NA,11.2,55,125
9/10/2005,Chandigarh,Chandigarh,Sector -39,Residential and others,NA,13,46,109
13-09-05,Chandigarh,Chandigarh,Sector -39,Residential and others,NA,10.5,29,79
15-09-05,Chandigarh,Chandigarh,Sector -39,Residential and others,NA,11.2,42,116
17-09-05,Chandigarh,Chandigarh,Sector -39,Residential and others,NA,11.3,33,81
20-09-05,Chandigarh,Chandigarh,Sector -39,Residential and others,NA,10.5,70,167
22-09-05,Chandigarh,Chandigarh,Sector -39,Residential and others,NA,12,32,71
24-09-05,Chandigarh,Chandigarh,Sector -39,Residential and others,NA,11.2,41,111
27-09-05,Chandigarh,Chandigarh,Sector -39,Residential and others,NA,11.5,75,170
29-09-05,Chandigarh,Chandigarh,Sector -39,Residential and others,NA,12.7,64,138
10/4/2005,Chandigarh,Chandigarh,Sector -39,Residential and others,NA,11,78,177
10/6/2005,Chandigarh,Chandigarh,Sector -39,Residential and others,NA,12,94,219
10/8/2005,Chandigarh,Chandigarh,Sector -39,Residential and others,NA,11.3,148,303
10/11/2005,Chandigarh,Chandigarh,Sector -39,Residential and others,NA,13.5,74,166
13-10-05,Chandigarh,Chandigarh,Sector -39,Residential and others,NA,11.3,57,140
15-10-05,Chandigarh,Chandigarh,Sector -39,Residential and others,NA,11.2,75,182
18-10-05,Chandigarh,Chandigarh,Sector -39,Residential and others,NA,12.3,104,230
20-10-05,Chandigarh,Chandigarh,Sector -39,Residential and others,NA,11.5,133,259
22-10-05,Chandigarh,Chandigarh,Sector -39,Residential and others,NA,12.7,94,253
25-10-05,Chandigarh,Chandigarh,Sector -39,Residential and others,NA,11.5,202,397
27-10-05,Chandigarh,Chandigarh,Sector -39,Residential and others,NA,11,114,307
29-10-05,Chandigarh,Chandigarh,Sector -39,Residential and others,NA,12.3,138,289
11/3/2005,Chandigarh,Chandigarh,Sector -39,Residential and others,NA,9,139,317
11/5/2005,Chandigarh,Chandigarh,Sector -39,Residential and others,NA,9,98,253
11/8/2005,Chandigarh,Chandigarh,Sector -39,Residential and others,NA,9,104,212
11/10/2005,Chandigarh,Chandigarh,Sector -39,Residential and others,NA,9,106,233
11/12/2005,Chandigarh,Chandigarh,Sector -39,Residential and others,NA,9,98,194
15-11-05,Chandigarh,Chandigarh,Sector -39,Residential and others,NA,9,89,214
17-11-05,Chandigarh,Chandigarh,Sector -39,Residential and others,NA,9,77,157
19-11-05,Chandigarh,Chandigarh,Sector -39,Residential and others,NA,9,117,279
22-11-05,Chandigarh,Chandigarh,Sector -39,Residential and others,NA,9,95,193
24-11-05,Chandigarh,Chandigarh,Sector -39,Residential and others,NA,9.5,86,190
26-11-05,Chandigarh,Chandigarh,Sector -39,Residential and others,NA,11,95,231
29-11-05,Chandigarh,Chandigarh,Sector -39,Residential and others,NA,9.8,126,246
12/1/2005,Chandigarh,Chandigarh,Sector -39,Residential and others,NA,10,135,313
12/3/2005,Chandigarh,Chandigarh,Sector -39,Residential and others,NA,10,128,277
12/6/2005,Chandigarh,Chandigarh,Sector -39,Residential and others,NA,9,191,371
12/8/2005,Chandigarh,Chandigarh,Sector -39,Residential and others,NA,9,232,544
12/10/2005,Chandigarh,Chandigarh,Sector -39,Residential and others,NA,9,114,247
13-12-05,Chandigarh,Chandigarh,Sector -39,Residential and others,NA,9,159,272
15-12-05,Chandigarh,Chandigarh,Sector -39,Residential and others,NA,13,208,511
17-12-05,Chandigarh,Chandigarh,Sector -39,Residential and others,NA,9,142,285
20-12-05,Chandigarh,Chandigarh,Sector -39,Residential and others,NA,11.7,134,273
22-12-05,Chandigarh,Chandigarh,Sector -39,Residential and others,NA,NA,138,268
24-12-05,Chandigarh,Chandigarh,Sector -39,Residential and others,NA,17,189,418
27-12-05,Chandigarh,Chandigarh,Sector -39,Residential and others,NA,31,126,231
29-12-05,Chandigarh,Chandigarh,Sector -39,Residential and others,NA,34.7,173,375
31-12-05,Chandigarh,Chandigarh,Sector -39,Residential and others,NA,22,248,NA
1/1/2005,Chandigarh,Chandigarh,Sector-17 C,Residential and others,2.3,24.7,42,126
1/4/2005,Chandigarh,Chandigarh,Sector-17 C,Residential and others,4,13.8,110,137
1/5/2005,Chandigarh,Chandigarh,Sector-17 C,Residential and others,NA,10,76,153
1/6/2005,Chandigarh,Chandigarh,Sector-17 C,Residential and others,3.2,13.7,104,139
1/8/2005,Chandigarh,Chandigarh,Sector-17 C,Residential and others,4.2,41.8,80,202
1/10/2005,Chandigarh,Chandigarh,Sector-17 C,Residential and others,3.8,23,128,193
1/12/2005,Chandigarh,Chandigarh,Sector-17 C,Residential and others,6,37.5,133,216
14-01-05,Chandigarh,Chandigarh,Sector-17 C,Residential and others,2.7,44.3,159,239
17-01-05,Chandigarh,Chandigarh,Sector-17 C,Residential and others,11.3,33,58,81
19-01-05,Chandigarh,Chandigarh,Sector-17 C,Residential and others,3.5,21.3,88,265
21-01-05,Chandigarh,Chandigarh,Sector-17 C,Residential and others,3,33,159,230
24-01-05,Chandigarh,Chandigarh,Sector-17 C,Residential and others,4.5,34,82,131
28-01-05,Chandigarh,Chandigarh,Sector-17 C,Residential and others,2.8,27.3,58,109
31-01-05,Chandigarh,Chandigarh,Sector-17 C,Residential and others,13.8,45.2,70,108
2/2/2005,Chandigarh,Chandigarh,Sector-17 C,Residential and others,NA,21,54,120
2/4/2005,Chandigarh,Chandigarh,Sector-17 C,Residential and others,5,22,97,123
2/7/2005,Chandigarh,Chandigarh,Sector-17 C,Residential and others,11,38,83,237
2/9/2005,Chandigarh,Chandigarh,Sector-17 C,Residential and others,5,24,26,46
2/11/2005,Chandigarh,Chandigarh,Sector-17 C,Residential and others,4,32,60,117
14-02-05,Chandigarh,Chandigarh,Sector-17 C,Residential and others,7,32,41,106
16-02-05,Chandigarh,Chandigarh,Sector-17 C,Residential and others,6,22,41,77
18-02-05,Chandigarh,Chandigarh,Sector-17 C,Residential and others,5,12,83,203
21-02-05,Chandigarh,Chandigarh,Sector-17 C,Residential and others,4,15,31,99
23-02-05,Chandigarh,Chandigarh,Sector-17 C,Residential and others,4,19,83,117
25-02-05,Chandigarh,Chandigarh,Sector-17 C,Residential and others,9,32,48,80
28-02-05,Chandigarh,Chandigarh,Sector-17 C,Residential and others,NA,18,76,145
3/2/2005,Chandigarh,Chandigarh,Sector-17 C,Residential and others,4,33,46,104
3/4/2005,Chandigarh,Chandigarh,Sector-17 C,Residential and others,4,38,80,154
3/7/2005,Chandigarh,Chandigarh,Sector-17 C,Residential and others,5,30,70,218
3/9/2005,Chandigarh,Chandigarh,Sector-17 C,Residential and others,NA,27,75,162
3/11/2005,Chandigarh,Chandigarh,Sector-17 C,Residential and others,4,12,58,156
14-03-05,Chandigarh,Chandigarh,Sector-17 C,Residential and others,NA,24,115,276
16-03-05,Chandigarh,Chandigarh,Sector-17 C,Residential and others,5,19,112,193
18-03-05,Chandigarh,Chandigarh,Sector-17 C,Residential and others,5,15,90,228
21-03-05,Chandigarh,Chandigarh,Sector-17 C,Residential and others,8,23,57,141
23-03-05,Chandigarh,Chandigarh,Sector-17 C,Residential and others,4,33,56,134
25-03-05,Chandigarh,Chandigarh,Sector-17 C,Residential and others,NA,17,80,189
28-03-05,Chandigarh,Chandigarh,Sector-17 C,Residential and others,NA,10,57,167
30-03-05,Chandigarh,Chandigarh,Sector-17 C,Residential and others,NA,16,159,417
4/1/2005,Chandigarh,Chandigarh,Sector-17 C,Residential and others,8,29,85,134
4/4/2005,Chandigarh,Chandigarh,Sector-17 C,Residential and others,NA,14,80,252
4/6/2005,Chandigarh,Chandigarh,Sector-17 C,Residential and others,NA,30,151,404
4/8/2005,Chandigarh,Chandigarh,Sector-17 C,Residential and others,4,21,144,499
4/11/2005,Chandigarh,Chandigarh,Sector-17 C,Residential and others,NA,17,173,377
13-04-05,Chandigarh,Chandigarh,Sector-17 C,Residential and others,NA,32,119,293
15-04-05,Chandigarh,Chandigarh,Sector-17 C,Residential and others,4,37,103,318
18-04-05,Chandigarh,Chandigarh,Sector-17 C,Residential and others,NA,42,68,179
22-04-05,Chandigarh,Chandigarh,Sector-17 C,Residential and others,NA,21,87,288
25-04-05,Chandigarh,Chandigarh,Sector-17 C,Residential and others,NA,31,194,574
27-04-05,Chandigarh,Chandigarh,Sector-17 C,Residential and others,NA,26,119,324
29-04-05,Chandigarh,Chandigarh,Sector-17 C,Residential and others,NA,25,113,332
5/2/2005,Chandigarh,Chandigarh,Sector-17 C,Residential and others,NA,9,306,790
5/4/2005,Chandigarh,Chandigarh,Sector-17 C,Residential and others,NA,9,122,325
5/6/2005,Chandigarh,Chandigarh,Sector-17 C,Residential and others,NA,11,196,553
5/9/2005,Chandigarh,Chandigarh,Sector-17 C,Residential and others,NA,23,97,288
5/11/2005,Chandigarh,Chandigarh,Sector-17 C,Residential and others,NA,17,138,460
13-05-05,Chandigarh,Chandigarh,Sector-17 C,Residential and others,NA,9,141,467
16-05-05,Chandigarh,Chandigarh,Sector-17 C,Residential and others,NA,17,56,144
18-05-05,Chandigarh,Chandigarh,Sector-17 C,Residential and others,NA,12,72,211
20-05-05,Chandigarh,Chandigarh,Sector-17 C,Residential and others,NA,10,107,304
23-05-05,Chandigarh,Chandigarh,Sector-17 C,Residential and others,NA,15,137,385
27-05-05,Chandigarh,Chandigarh,Sector-17 C,Residential and others,NA,15,59,169
30-05-05,Chandigarh,Chandigarh,Sector-17 C,Residential and others,NA,11,84,229
6/1/2005,Chandigarh,Chandigarh,Sector-17 C,Residential and others,NA,11,92,276
6/3/2005,Chandigarh,Chandigarh,Sector-17 C,Residential and others,NA,10,91,219
6/6/2005,Chandigarh,Chandigarh,Sector-17 C,Residential and others,NA,11,332,1182
6/8/2005,Chandigarh,Chandigarh,Sector-17 C,Residential and others,NA,12,60,144
6/10/2005,Chandigarh,Chandigarh,Sector-17 C,Residential and others,NA,10,190,401
13-06-05,Chandigarh,Chandigarh,Sector-17 C,Residential and others,NA,10,192,474
15-06-05,Chandigarh,Chandigarh,Sector-17 C,Residential and others,NA,12,155,373
20-06-05,Chandigarh,Chandigarh,Sector-17 C,Residential and others,NA,11,98,325
22-06-05,Chandigarh,Chandigarh,Sector-17 C,Residential and others,NA,10,116,354
24-06-05,Chandigarh,Chandigarh,Sector-17 C,Residential and others,NA,9,121,450
27-06-05,Chandigarh,Chandigarh,Sector-17 C,Residential and others,NA,9,83,257
29-06-05,Chandigarh,Chandigarh,Sector-17 C,Residential and others,NA,12,61,152
7/1/2005,Chandigarh,Chandigarh,Sector-17 C,Residential and others,NA,12,70,170
7/4/2005,Chandigarh,Chandigarh,Sector-17 C,Residential and others,NA,13,38,104
7/6/2005,Chandigarh,Chandigarh,Sector-17 C,Residential and others,NA,12,24,63
7/8/2005,Chandigarh,Chandigarh,Sector-17 C,Residential and others,NA,11,76,196
7/11/2005,Chandigarh,Chandigarh,Sector-17 C,Residential and others,NA,12,24,61
13-07-05,Chandigarh,Chandigarh,Sector-17 C,Residential and others,NA,13,45,109
15-07-05,Chandigarh,Chandigarh,Sector-17 C,Residential and others,NA,13,39,95
18-07-05,Chandigarh,Chandigarh,Sector-17 C,Residential and others,NA,12,33,75
20-07-05,Chandigarh,Chandigarh,Sector-17 C,Residential and others,NA,12,79,190
22-07-05,Chandigarh,Chandigarh,Sector-17 C,Residential and others,NA,15,89,207
28-07-05,Chandigarh,Chandigarh,Sector-17 C,Residential and others,NA,12,37,88
30-07-05,Chandigarh,Chandigarh,Sector-17 C,Residential and others,NA,11,37,101
8/1/2005,Chandigarh,Chandigarh,Sector-17 C,Residential and others,NA,11,34,85
8/4/2005,Chandigarh,Chandigarh,Sector-17 C,Residential and others,NA,12,46,108
8/6/2005,Chandigarh,Chandigarh,Sector-17 C,Residential and others,NA,11,43,104
8/9/2005,Chandigarh,Chandigarh,Sector-17 C,Residential and others,NA,14,50,127
16-08-05,Chandigarh,Chandigarh,Sector-17 C,Residential and others,NA,11,43,93
18-08-05,Chandigarh,Chandigarh,Sector-17 C,Residential and others,NA,11,68,154
20-08-05,Chandigarh,Chandigarh,Sector-17 C,Residential and others,NA,12,61,138
23-08-05,Chandigarh,Chandigarh,Sector-17 C,Residential and others,NA,12,92,200
25-08-05,Chandigarh,Chandigarh,Sector-17 C,Residential and others,NA,11,93,212
27-08-05,Chandigarh,Chandigarh,Sector-17 C,Residential and others,NA,11,96,212
30-08-05,Chandigarh,Chandigarh,Sector-17 C,Residential and others,NA,10,93,222
9/1/2005,Chandigarh,Chandigarh,Sector-17 C,Residential and others,NA,12,83,187
9/3/2005,Chandigarh,Chandigarh,Sector-17 C,Residential and others,NA,11,62,149
9/6/2005,Chandigarh,Chandigarh,Sector-17 C,Residential and others,NA,11,36,90
9/8/2005,Chandigarh,Chandigarh,Sector-17 C,Residential and others,NA,12,44,112
9/10/2005,Chandigarh,Chandigarh,Sector-17 C,Residential and others,NA,12,46,107
13-09-05,Chandigarh,Chandigarh,Sector-17 C,Residential and others,NA,11,36,89
15-09-05,Chandigarh,Chandigarh,Sector-17 C,Residential and others,NA,12,42,116
17-09-05,Chandigarh,Chandigarh,Sector-17 C,Residential and others,NA,12,27,63
20-09-05,Chandigarh,Chandigarh,Sector-17 C,Residential and others,NA,11,41,94
22-09-05,Chandigarh,Chandigarh,Sector-17 C,Residential and others,NA,12,23,53
24-09-05,Chandigarh,Chandigarh,Sector-17 C,Residential and others,NA,11,35,75
27-09-05,Chandigarh,Chandigarh,Sector-17 C,Residential and others,NA,11,57,130
29-09-05,Chandigarh,Chandigarh,Sector-17 C,Residential and others,NA,12,70,149
10/1/2005,Chandigarh,Chandigarh,Sector-17 C,Residential and others,NA,12,53,134
10/4/2005,Chandigarh,Chandigarh,Sector-17 C,Residential and others,NA,10,71,177
10/8/2005,Chandigarh,Chandigarh,Sector-17 C,Residential and others,NA,13,98,206
10/11/2005,Chandigarh,Chandigarh,Sector-17 C,Residential and others,NA,14,82,177
13-10-05,Chandigarh,Chandigarh,Sector-17 C,Residential and others,NA,14,64,177
15-10-05,Chandigarh,Chandigarh,Sector-17 C,Residential and others,NA,14,56,157
18-10-05,Chandigarh,Chandigarh,Sector-17 C,Residential and others,NA,13,75,175
20-10-05,Chandigarh,Chandigarh,Sector-17 C,Residential and others,NA,13,93,207
25-10-05,Chandigarh,Chandigarh,Sector-17 C,Residential and others,NA,16,148,294
27-10-05,Chandigarh,Chandigarh,Sector-17 C,Residential and others,NA,14,102,277
29-10-05,Chandigarh,Chandigarh,Sector-17 C,Residential and others,NA,13,139,293
11/3/2005,Chandigarh,Chandigarh,Sector-17 C,Residential and others,NA,9,93,226
11/5/2005,Chandigarh,Chandigarh,Sector-17 C,Residential and others,NA,9,83,190
11/9/2005,Chandigarh,Chandigarh,Sector-17 C,Residential and others,NA,9,108,261
11/10/2005,Chandigarh,Chandigarh,Sector-17 C,Residential and others,NA,9,120,257
11/12/2005,Chandigarh,Chandigarh,Sector-17 C,Residential and others,NA,9,86,227
15-11-05,Chandigarh,Chandigarh,Sector-17 C,Residential and others,NA,9,91,207
17-11-05,Chandigarh,Chandigarh,Sector-17 C,Residential and others,NA,9,100,251
19-11-05,Chandigarh,Chandigarh,Sector-17 C,Residential and others,NA,9,115,229
22-11-05,Chandigarh,Chandigarh,Sector-17 C,Residential and others,NA,9,112,225
24-11-05,Chandigarh,Chandigarh,Sector-17 C,Residential and others,NA,9,103,215
26-11-05,Chandigarh,Chandigarh,Sector-17 C,Residential and others,NA,10,124,248
29-11-05,Chandigarh,Chandigarh,Sector-17 C,Residential and others,NA,10,118,267
12/1/2005,Chandigarh,Chandigarh,Sector-17 C,Residential and others,NA,9,105,221
12/3/2005,Chandigarh,Chandigarh,Sector-17 C,Residential and others,NA,9,112,231
12/6/2005,Chandigarh,Chandigarh,Sector-17 C,Residential and others,NA,9,125,232
12/8/2005,Chandigarh,Chandigarh,Sector-17 C,Residential and others,NA,9,126,270
12/10/2005,Chandigarh,Chandigarh,Sector-17 C,Residential and others,NA,18,105,233
13-12-05,Chandigarh,Chandigarh,Sector-17 C,Residential and others,NA,13,126,225
15-12-05,Chandigarh,Chandigarh,Sector-17 C,Residential and others,NA,12,159,291
17-12-05,Chandigarh,Chandigarh,Sector-17 C,Residential and others,NA,9,92,182
22-12-05,Chandigarh,Chandigarh,Sector-17 C,Residential and others,NA,9,111,200
24-12-05,Chandigarh,Chandigarh,Sector-17 C,Residential and others,NA,22,166,366
27-12-05,Chandigarh,Chandigarh,Sector-17 C,Residential and others,NA,25,172,316
29-12-05,Chandigarh,Chandigarh,Sector-17 C,Residential and others,NA,35,120,233
31-12-05,Chandigarh,Chandigarh,Sector-17 C,Residential and others,NA,22,121,239
