Sampling Date,State,City/Town/Village/Area,Location of Monitoring Station,Type of Location,SO2,NO2,RSPM/PM10,SPM
1/3/2005,Jharkhand,Dhanbad,Regional Office,Residential and others,16.7,60.4,212,469
1/7/2005,Jharkhand,Dhanbad,Regional Office,Residential and others,20.1,61.2,86,366
1/10/2005,Jharkhand,Dhanbad,Regional Office,Residential and others,18.9,48.6,214,417
1/12/2005,Jharkhand,Dhanbad,Regional Office,Residential and others,14.6,31.7,181,365
17-01-05,Jharkhand,Dhanbad,Regional Office,Residential and others,21.3,41.6,372,544
19-01-05,Jharkhand,Dhanbad,Regional Office,Residential and others,14.5,52.1,116,252
24-01-05,Jharkhand,Dhanbad,Regional Office,Residential and others,20,67.8,220,348
28-01-05,Jharkhand,Dhanbad,Regional Office,Residential and others,9,45.7,199,367
2/2/2005,Jharkhand,Dhanbad,Regional Office,Residential and others,13.6,48.6,123,243
2/4/2005,Jharkhand,Dhanbad,Regional Office,Residential and others,17.6,55,116,232
2/7/2005,Jharkhand,Dhanbad,Regional Office,Residential and others,21.9,61.2,129,246
2/10/2005,Jharkhand,Dhanbad,Regional Office,Residential and others,18.8,57.9,106,209
14-02-05,Jharkhand,Dhanbad,Regional Office,Residential and others,19.7,51.1,120,216
17-02-05,Jharkhand,Dhanbad,Regional Office,Residential and others,19.1,59.7,118,185
21-02-05,Jharkhand,Dhanbad,Regional Office,Residential and others,14.5,50.4,109,180
25-02-05,Jharkhand,Dhanbad,Regional Office,Residential and others,16.3,54.8,118,221
3/2/2005,Jharkhand,Dhanbad,Regional Office,Residential and others,11.8,80.2,116,228
3/4/2005,Jharkhand,Dhanbad,Regional Office,Residential and others,16.2,40.8,121,236
3/9/2005,Jharkhand,Dhanbad,Regional Office,Residential and others,13.2,38,129,246
3/11/2005,Jharkhand,Dhanbad,Regional Office,Residential and others,12.4,32.2,107,211
14-03-05,Jharkhand,Dhanbad,Regional Office,Residential and others,15.4,45.7,112,223
23-03-05,Jharkhand,Dhanbad,Regional Office,Residential and others,18.2,49.1,118,230
4/5/2005,Jharkhand,Dhanbad,Regional Office,Residential and others,14.3,42.2,192,230
4/8/2005,Jharkhand,Dhanbad,Regional Office,Residential and others,18.4,46,147,240
4/12/2005,Jharkhand,Dhanbad,Regional Office,Residential and others,20,49.2,152,248
15-04-05,Jharkhand,Dhanbad,Regional Office,Residential and others,22.5,53.5,128,228
18-04-05,Jharkhand,Dhanbad,Regional Office,Residential and others,17.7,50.1,148,252
20-04-05,Jharkhand,Dhanbad,Regional Office,Residential and others,12.3,38.2,151,262
28-04-05,Jharkhand,Dhanbad,Regional Office,Residential and others,18.3,47.9,129,212
5/3/2005,Jharkhand,Dhanbad,Regional Office,Residential and others,12.2,30.3,135,243
5/6/2005,Jharkhand,Dhanbad,Regional Office,Residential and others,15.2,32.1,141,231
5/9/2005,Jharkhand,Dhanbad,Regional Office,Residential and others,13.3,28.8,164,252
13-05-05,Jharkhand,Dhanbad,Regional Office,Residential and others,18.4,38.4,113,228
16-05-05,Jharkhand,Dhanbad,Regional Office,Residential and others,21.1,44.1,119,249
19-05-05,Jharkhand,Dhanbad,Regional Office,Residential and others,16.7,35.8,118,239
24-05-05,Jharkhand,Dhanbad,Regional Office,Residential and others,19.1,36.5,115,233
27-05-05,Jharkhand,Dhanbad,Regional Office,Residential and others,20,42.4,109,208
30-05-05,Jharkhand,Dhanbad,Regional Office,Residential and others,24.4,49.6,112,218
6/2/2005,Jharkhand,Dhanbad,Regional Office,Residential and others,10.6,35.7,178,474
6/6/2005,Jharkhand,Dhanbad,Regional Office,Residential and others,19.8,53.9,265,329
6/9/2005,Jharkhand,Dhanbad,Regional Office,Residential and others,19.8,43,114,305
13-06-05,Jharkhand,Dhanbad,Regional Office,Residential and others,22.3,50.4,188,340
16-06-05,Jharkhand,Dhanbad,Regional Office,Residential and others,19.3,37.1,149,353
20-06-05,Jharkhand,Dhanbad,Regional Office,Residential and others,16.8,46.1,103,487
23-06-05,Jharkhand,Dhanbad,Regional Office,Residential and others,12.9,29.2,102,402
27-06-05,Jharkhand,Dhanbad,Regional Office,Residential and others,16.2,31.1,72,175
29-06-05,Jharkhand,Dhanbad,Regional Office,Residential and others,17.2,37.2,20,182
7/4/2005,Jharkhand,Dhanbad,Regional Office,Residential and others,13.1,34.7,136,298
7/6/2005,Jharkhand,Dhanbad,Regional Office,Residential and others,13.3,62,77,258
7/11/2005,Jharkhand,Dhanbad,Regional Office,Residential and others,15.8,53.5,77,185
13-07-05,Jharkhand,Dhanbad,Regional Office,Residential and others,10.1,42.9,70,202
15-07-05,Jharkhand,Dhanbad,Regional Office,Residential and others,16.9,62.4,50,120
18-07-05,Jharkhand,Dhanbad,Regional Office,Residential and others,15.4,45.5,61,134
21-07-05,Jharkhand,Dhanbad,Regional Office,Residential and others,17.8,55.1,104,194
25-07-05,Jharkhand,Dhanbad,Regional Office,Residential and others,14.8,52.9,43,99
28-07-05,Jharkhand,Dhanbad,Regional Office,Residential and others,10.1,46.9,61,201
8/2/2005,Jharkhand,Dhanbad,Regional Office,Residential and others,10.6,49.3,73,156
8/5/2005,Jharkhand,Dhanbad,Regional Office,Residential and others,11.3,35.5,100,156
8/9/2005,Jharkhand,Dhanbad,Regional Office,Residential and others,13.7,39.8,70,129
8/11/2005,Jharkhand,Dhanbad,Regional Office,Residential and others,12.3,33.9,50,105
17-08-05,Jharkhand,Dhanbad,Regional Office,Residential and others,8.7,36.1,71,160
19-08-05,Jharkhand,Dhanbad,Regional Office,Residential and others,7.4,35.2,76,138
22-08-05,Jharkhand,Dhanbad,Regional Office,Residential and others,12.8,51.2,50,93
24-08-05,Jharkhand,Dhanbad,Regional Office,Residential and others,10.5,44.8,69,126
30-08-05,Jharkhand,Dhanbad,Regional Office,Residential and others,12.5,43.7,90,138
9/1/2005,Jharkhand,Dhanbad,Regional Office,Residential and others,8.1,38.1,90,123
9/5/2005,Jharkhand,Dhanbad,Regional Office,Residential and others,8.3,41.2,68,100
9/8/2005,Jharkhand,Dhanbad,Regional Office,Residential and others,8.9,42.4,52,109
9/12/2005,Jharkhand,Dhanbad,Regional Office,Residential and others,9.1,45.4,73,144
15-09-05,Jharkhand,Dhanbad,Regional Office,Residential and others,10.2,43.8,77,130
22-09-05,Jharkhand,Dhanbad,Regional Office,Residential and others,7.2,34,94,139
26-09-05,Jharkhand,Dhanbad,Regional Office,Residential and others,6.8,41.4,35,72
29-09-05,Jharkhand,Dhanbad,Regional Office,Residential and others,10.3,31.7,56,106
10/5/2005,Jharkhand,Dhanbad,Regional Office,Residential and others,13.6,48.8,74,103
14-10-05,Jharkhand,Dhanbad,Regional Office,Residential and others,11.1,53.5,114,175
17-10-05,Jharkhand,Dhanbad,Regional Office,Residential and others,11.1,53.5,114,175
28-10-05,Jharkhand,Dhanbad,Regional Office,Residential and others,13.1,39,58,100
11/9/2005,Jharkhand,Dhanbad,Regional Office,Residential and others,10.8,38.8,184,221
11/11/2005,Jharkhand,Dhanbad,Regional Office,Residential and others,12.9,45,93,154
16-11-05,Jharkhand,Dhanbad,Regional Office,Residential and others,20.4,69.6,95,156
18-11-05,Jharkhand,Dhanbad,Regional Office,Residential and others,16.5,47.6,262,325
22-11-05,Jharkhand,Dhanbad,Regional Office,Residential and others,21.6,60.2,237,320
25-11-05,Jharkhand,Dhanbad,Regional Office,Residential and others,17.4,54.1,222,264
29-11-05,Jharkhand,Dhanbad,Regional Office,Residential and others,22.6,54.4,174,259
12/3/2005,Jharkhand,Dhanbad,Regional Office,Residential and others,23.3,51.9,149,217
12/6/2005,Jharkhand,Dhanbad,Regional Office,Residential and others,21.4,41.2,127,223
12/9/2005,Jharkhand,Dhanbad,Regional Office,Residential and others,18.2,57.2,140,261
13-12-05,Jharkhand,Dhanbad,Regional Office,Residential and others,22.7,64.2,150,231
16-12-05,Jharkhand,Dhanbad,Regional Office,Residential and others,20.3,48.4,150,222
20-12-05,Jharkhand,Dhanbad,Regional Office,Residential and others,18.8,55.6,123,164
23-12-05,Jharkhand,Dhanbad,Regional Office,Residential and others,30.1,70.7,148,221
26-12-05,Jharkhand,Dhanbad,Regional Office,Residential and others,24.7,65.1,150,235
29-12-05,Jharkhand,Dhanbad,Regional Office,Residential and others,16.6,47,69,131
1/3/2005,Jharkhand,Jamshedpur,Bistupur Vehicle  TC,Industrial Areas,47,57,150,308
1/6/2005,Jharkhand,Jamshedpur,Bistupur Vehicle  TC,Industrial Areas,49.3,61.1,154,317
1/10/2005,Jharkhand,Jamshedpur,Bistupur Vehicle  TC,Industrial Areas,41.1,50.3,157,334
13-01-05,Jharkhand,Jamshedpur,Bistupur Vehicle  TC,Industrial Areas,42.8,47.4,151,315
17-01-05,Jharkhand,Jamshedpur,Bistupur Vehicle  TC,Industrial Areas,36.7,49.4,158,339
20-01-05,Jharkhand,Jamshedpur,Bistupur Vehicle  TC,Industrial Areas,42.4,56.2,161,334
24-01-05,Jharkhand,Jamshedpur,Bistupur Vehicle  TC,Industrial Areas,42.8,56.1,161,362
2/1/2005,Jharkhand,Jamshedpur,Bistupur Vehicle  TC,Industrial Areas,41.5,52.9,182,375
2/4/2005,Jharkhand,Jamshedpur,Bistupur Vehicle  TC,Industrial Areas,39.6,51.1,156,328
2/8/2005,Jharkhand,Jamshedpur,Bistupur Vehicle  TC,Industrial Areas,44.7,56.8,183,373
2/11/2005,Jharkhand,Jamshedpur,Bistupur Vehicle  TC,Industrial Areas,43.1,57.6,167,345
18-02-05,Jharkhand,Jamshedpur,Bistupur Vehicle  TC,Industrial Areas,36.5,47.1,174,372
22-02-05,Jharkhand,Jamshedpur,Bistupur Vehicle  TC,Industrial Areas,39.1,50.1,171,379
26-02-05,Jharkhand,Jamshedpur,Bistupur Vehicle  TC,Industrial Areas,44.5,55.7,159,354
3/1/2005,Jharkhand,Jamshedpur,Bistupur Vehicle  TC,Industrial Areas,46.3,59.8,189,389
3/4/2005,Jharkhand,Jamshedpur,Bistupur Vehicle  TC,Industrial Areas,46.6,61.5,169,351
3/7/2005,Jharkhand,Jamshedpur,Bistupur Vehicle  TC,Industrial Areas,40.4,53.5,172,356
3/10/2005,Jharkhand,Jamshedpur,Bistupur Vehicle  TC,Industrial Areas,44.3,51.9,172,351
3/11/2005,Jharkhand,Jamshedpur,Bistupur Vehicle  TC,Industrial Areas,44.3,52,172,351
14-03-05,Jharkhand,Jamshedpur,Bistupur Vehicle  TC,Industrial Areas,45.6,55.1,169,348
17-03-05,Jharkhand,Jamshedpur,Bistupur Vehicle  TC,Industrial Areas,43.9,55.3,180,379
21-03-05,Jharkhand,Jamshedpur,Bistupur Vehicle  TC,Industrial Areas,44.9,56.2,169,355
23-03-05,Jharkhand,Jamshedpur,Bistupur Vehicle  TC,Industrial Areas,45.6,60,169,350
29-03-05,Jharkhand,Jamshedpur,Bistupur Vehicle  TC,Industrial Areas,44.8,56.8,165,339
4/2/2005,Jharkhand,Jamshedpur,Bistupur Vehicle  TC,Industrial Areas,46.9,51.1,156,328
4/7/2005,Jharkhand,Jamshedpur,Bistupur Vehicle  TC,Industrial Areas,42.5,54.3,191,398
4/12/2005,Jharkhand,Jamshedpur,Bistupur Vehicle  TC,Industrial Areas,47.1,57.3,178,387
15-04-05,Jharkhand,Jamshedpur,Bistupur Vehicle  TC,Industrial Areas,44.4,57.8,176,352
18-04-05,Jharkhand,Jamshedpur,Bistupur Vehicle  TC,Industrial Areas,42.1,57,155,349
20-04-05,Jharkhand,Jamshedpur,Bistupur Vehicle  TC,Industrial Areas,34.9,53.5,163,343
26-04-05,Jharkhand,Jamshedpur,Bistupur Vehicle  TC,Industrial Areas,40,59.8,195,410
29-04-05,Jharkhand,Jamshedpur,Bistupur Vehicle  TC,Industrial Areas,38.2,54.3,164,371
5/2/2005,Jharkhand,Jamshedpur,Bistupur Vehicle  TC,Industrial Areas,43.3,55.7,164,341
5/5/2005,Jharkhand,Jamshedpur,Bistupur Vehicle  TC,Industrial Areas,39,51.4,168,366
5/9/2005,Jharkhand,Jamshedpur,Bistupur Vehicle  TC,Industrial Areas,39.6,53.4,167,343
5/12/2005,Jharkhand,Jamshedpur,Bistupur Vehicle  TC,Industrial Areas,43,59.4,159,341
16-05-05,Jharkhand,Jamshedpur,Bistupur Vehicle  TC,Industrial Areas,37.7,60.7,170,365
19-05-05,Jharkhand,Jamshedpur,Bistupur Vehicle  TC,Industrial Areas,40.2,51.2,153,337
24-05-05,Jharkhand,Jamshedpur,Bistupur Vehicle  TC,Industrial Areas,40.4,48,175,362
27-05-05,Jharkhand,Jamshedpur,Bistupur Vehicle  TC,Industrial Areas,40.6,48.5,161,340
6/2/2005,Jharkhand,Jamshedpur,Bistupur Vehicle  TC,Industrial Areas,44,56.3,154,319
6/5/2005,Jharkhand,Jamshedpur,Bistupur Vehicle  TC,Industrial Areas,41.6,55.1,158,336
6/11/2005,Jharkhand,Jamshedpur,Bistupur Vehicle  TC,Industrial Areas,41,53.2,176,370
14-06-05,Jharkhand,Jamshedpur,Bistupur Vehicle  TC,Industrial Areas,45.7,54.8,180,372
17-06-05,Jharkhand,Jamshedpur,Bistupur Vehicle  TC,Industrial Areas,38.6,49.8,160,338
21-06-05,Jharkhand,Jamshedpur,Bistupur Vehicle  TC,Industrial Areas,41.7,52.3,168,349
7/4/2005,Jharkhand,Jamshedpur,Bistupur Vehicle  TC,Industrial Areas,43.9,58.7,164,349
7/7/2005,Jharkhand,Jamshedpur,Bistupur Vehicle  TC,Industrial Areas,47.2,55.9,176,380
7/11/2005,Jharkhand,Jamshedpur,Bistupur Vehicle  TC,Industrial Areas,45.2,52.6,152,330
14-07-05,Jharkhand,Jamshedpur,Bistupur Vehicle  TC,Industrial Areas,46.4,48,157,339
18-07-05,Jharkhand,Jamshedpur,Bistupur Vehicle  TC,Industrial Areas,37.3,50.8,150,334
21-07-05,Jharkhand,Jamshedpur,Bistupur Vehicle  TC,Industrial Areas,45.4,51.7,161,337
25-07-05,Jharkhand,Jamshedpur,Bistupur Vehicle  TC,Industrial Areas,41.2,53.8,142,311
28-07-05,Jharkhand,Jamshedpur,Bistupur Vehicle  TC,Industrial Areas,39.9,55,174,373
8/2/2005,Jharkhand,Jamshedpur,Bistupur Vehicle  TC,Industrial Areas,38.5,53.4,156,346
8/5/2005,Jharkhand,Jamshedpur,Bistupur Vehicle  TC,Industrial Areas,37.8,54.7,155,339
8/8/2005,Jharkhand,Jamshedpur,Bistupur Vehicle  TC,Industrial Areas,39.6,51.1,158,345
8/11/2005,Jharkhand,Jamshedpur,Bistupur Vehicle  TC,Industrial Areas,36.9,47.3,166,350
16-08-05,Jharkhand,Jamshedpur,Bistupur Vehicle  TC,Industrial Areas,39.2,55.3,148,318
19-08-05,Jharkhand,Jamshedpur,Bistupur Vehicle  TC,Industrial Areas,38.7,53,153,334
22-08-05,Jharkhand,Jamshedpur,Bistupur Vehicle  TC,Industrial Areas,41.9,54.4,162,356
25-08-05,Jharkhand,Jamshedpur,Bistupur Vehicle  TC,Industrial Areas,42.8,52.9,164,352
29-08-05,Jharkhand,Jamshedpur,Bistupur Vehicle  TC,Industrial Areas,39.9,50.7,153,344
9/2/2005,Jharkhand,Jamshedpur,Bistupur Vehicle  TC,Industrial Areas,41.6,56.1,180,386
9/5/2005,Jharkhand,Jamshedpur,Bistupur Vehicle  TC,Industrial Areas,42.5,56.7,166,354
9/8/2005,Jharkhand,Jamshedpur,Bistupur Vehicle  TC,Industrial Areas,40.8,53.6,177,371
9/12/2005,Jharkhand,Jamshedpur,Bistupur Vehicle  TC,Industrial Areas,40.1,53.4,190,396
15-09-05,Jharkhand,Jamshedpur,Bistupur Vehicle  TC,Industrial Areas,40.9,59.4,183,389
19-09-05,Jharkhand,Jamshedpur,Bistupur Vehicle  TC,Industrial Areas,36.8,54.2,180,391
22-09-05,Jharkhand,Jamshedpur,Bistupur Vehicle  TC,Industrial Areas,45,48.8,154,345
26-09-05,Jharkhand,Jamshedpur,Bistupur Vehicle  TC,Industrial Areas,39,55.1,168,351
29-09-05,Jharkhand,Jamshedpur,Bistupur Vehicle  TC,Industrial Areas,46,56.2,167,361
10/1/2005,Jharkhand,Jamshedpur,Bistupur Vehicle  TC,Industrial Areas,42.5,52.6,160,351
10/5/2005,Jharkhand,Jamshedpur,Bistupur Vehicle  TC,Industrial Areas,44.2,47.1,154,326
10/7/2005,Jharkhand,Jamshedpur,Bistupur Vehicle  TC,Industrial Areas,42.1,56.2,140,316
14-10-05,Jharkhand,Jamshedpur,Bistupur Vehicle  TC,Industrial Areas,42,55,154,338
18-10-05,Jharkhand,Jamshedpur,Bistupur Vehicle  TC,Industrial Areas,41.1,53.2,147,323
21-10-05,Jharkhand,Jamshedpur,Bistupur Vehicle  TC,Industrial Areas,43.6,53.6,152,336
24-10-05,Jharkhand,Jamshedpur,Bistupur Vehicle  TC,Industrial Areas,33.4,46.7,151,329
27-10-05,Jharkhand,Jamshedpur,Bistupur Vehicle  TC,Industrial Areas,34.2,49.5,144,318
11/1/2005,Jharkhand,Jamshedpur,Bistupur Vehicle  TC,Industrial Areas,32,60.6,156,266
11/9/2005,Jharkhand,Jamshedpur,Bistupur Vehicle  TC,Industrial Areas,33.9,50.8,154,274
11/11/2005,Jharkhand,Jamshedpur,Bistupur Vehicle  TC,Industrial Areas,40,50.2,119,269
16-11-05,Jharkhand,Jamshedpur,Bistupur Vehicle  TC,Industrial Areas,39.3,59.7,142,287
18-11-05,Jharkhand,Jamshedpur,Bistupur Vehicle  TC,Industrial Areas,43.5,55.3,146,273
21-11-05,Jharkhand,Jamshedpur,Bistupur Vehicle  TC,Industrial Areas,39.8,52.1,135,283
24-11-05,Jharkhand,Jamshedpur,Bistupur Vehicle  TC,Industrial Areas,34.3,48.8,155,318
28-11-05,Jharkhand,Jamshedpur,Bistupur Vehicle  TC,Industrial Areas,32.3,41.6,137,313
12/2/2005,Jharkhand,Jamshedpur,Bistupur Vehicle  TC,Industrial Areas,42.1,55.8,164,273
12/6/2005,Jharkhand,Jamshedpur,Bistupur Vehicle  TC,Industrial Areas,42.6,54.9,161,228
12/9/2005,Jharkhand,Jamshedpur,Bistupur Vehicle  TC,Industrial Areas,43.5,55.7,148,276
14-12-05,Jharkhand,Jamshedpur,Bistupur Vehicle  TC,Industrial Areas,42.4,57.4,143,256
17-12-05,Jharkhand,Jamshedpur,Bistupur Vehicle  TC,Industrial Areas,46.4,58.9,162,257
20-12-05,Jharkhand,Jamshedpur,Bistupur Vehicle  TC,Industrial Areas,47.9,61.7,153,248
23-12-05,Jharkhand,Jamshedpur,Bistupur Vehicle  TC,Industrial Areas,40.3,57.4,154,255
27-12-05,Jharkhand,Jamshedpur,Bistupur Vehicle  TC,Industrial Areas,45.7,56.1,152,277
30-12-05,Jharkhand,Jamshedpur,Bistupur Vehicle  TC,Industrial Areas,50.8,66.1,148,273
1/4/2005,Jharkhand,Jamshedpur,Golmuri Vehical TC,Industrial Areas,37.2,49.9,196,398
1/7/2005,Jharkhand,Jamshedpur,Golmuri Vehical TC,Industrial Areas,35.6,47.9,198,403
1/11/2005,Jharkhand,Jamshedpur,Golmuri Vehical TC,Industrial Areas,37.8,50,198,400
15-01-05,Jharkhand,Jamshedpur,Golmuri Vehical TC,Industrial Areas,36.9,50,188,390
18-01-05,Jharkhand,Jamshedpur,Golmuri Vehical TC,Industrial Areas,35.2,51.6,218,433
22-01-05,Jharkhand,Jamshedpur,Golmuri Vehical TC,Industrial Areas,34.9,49.2,174,388
27-01-05,Jharkhand,Jamshedpur,Golmuri Vehical TC,Industrial Areas,45.6,50.1,192,388
2/2/2005,Jharkhand,Jamshedpur,Golmuri Vehical TC,Industrial Areas,40.2,47.4,180,397
2/7/2005,Jharkhand,Jamshedpur,Golmuri Vehical TC,Industrial Areas,41.7,57.7,173,370
2/10/2005,Jharkhand,Jamshedpur,Golmuri Vehical TC,Industrial Areas,36.5,54.2,184,385
14-02-05,Jharkhand,Jamshedpur,Golmuri Vehical TC,Industrial Areas,36.9,46.2,179,370
17-02-05,Jharkhand,Jamshedpur,Golmuri Vehical TC,Industrial Areas,45.1,54.4,171,367
21-02-05,Jharkhand,Jamshedpur,Golmuri Vehical TC,Industrial Areas,44,47.2,178,374
25-02-05,Jharkhand,Jamshedpur,Golmuri Vehical TC,Industrial Areas,45.7,56.3,161,352
3/2/2005,Jharkhand,Jamshedpur,Golmuri Vehical TC,Industrial Areas,39.4,51.6,169,351
3/5/2005,Jharkhand,Jamshedpur,Golmuri Vehical TC,Industrial Areas,40.2,57.8,206,428
3/9/2005,Jharkhand,Jamshedpur,Golmuri Vehical TC,Industrial Areas,37.6,51.9,187,383
3/11/2005,Jharkhand,Jamshedpur,Golmuri Vehical TC,Industrial Areas,36.9,48.2,187,385
15-03-05,Jharkhand,Jamshedpur,Golmuri Vehical TC,Industrial Areas,38.6,49.9,195,410
18-03-05,Jharkhand,Jamshedpur,Golmuri Vehical TC,Industrial Areas,37.8,49.6,192,395
22-03-05,Jharkhand,Jamshedpur,Golmuri Vehical TC,Industrial Areas,38.3,48.1,196,413
28-03-05,Jharkhand,Jamshedpur,Golmuri Vehical TC,Industrial Areas,39.8,51.6,197,411
4/5/2005,Jharkhand,Jamshedpur,Golmuri Vehical TC,Industrial Areas,40.4,48.4,167,369
4/8/2005,Jharkhand,Jamshedpur,Golmuri Vehical TC,Industrial Areas,42,47,180,384
13-04-05,Jharkhand,Jamshedpur,Golmuri Vehical TC,Industrial Areas,45.8,56.7,152,342
16-04-05,Jharkhand,Jamshedpur,Golmuri Vehical TC,Industrial Areas,40.6,55.9,157,354
19-04-05,Jharkhand,Jamshedpur,Golmuri Vehical TC,Industrial Areas,39.1,54.3,171,386
21-04-05,Jharkhand,Jamshedpur,Golmuri Vehical TC,Industrial Areas,35.3,52.3,184,373
27-04-05,Jharkhand,Jamshedpur,Golmuri Vehical TC,Industrial Areas,37.7,56.5,173,374
30-04-05,Jharkhand,Jamshedpur,Golmuri Vehical TC,Industrial Areas,38.9,46.7,173,358
5/3/2005,Jharkhand,Jamshedpur,Golmuri Vehical TC,Industrial Areas,37.8,48.3,185,393
5/6/2005,Jharkhand,Jamshedpur,Golmuri Vehical TC,Industrial Areas,34.2,47.3,176,371
5/10/2005,Jharkhand,Jamshedpur,Golmuri Vehical TC,Industrial Areas,37.7,58,200,412
13-05-05,Jharkhand,Jamshedpur,Golmuri Vehical TC,Industrial Areas,35.6,46.9,199,411
17-05-05,Jharkhand,Jamshedpur,Golmuri Vehical TC,Industrial Areas,36.5,50.1,188,393
20-05-05,Jharkhand,Jamshedpur,Golmuri Vehical TC,Industrial Areas,38.2,44.9,182,303
25-05-05,Jharkhand,Jamshedpur,Golmuri Vehical TC,Industrial Areas,36.3,43.5,182,373
30-05-05,Jharkhand,Jamshedpur,Golmuri Vehical TC,Industrial Areas,34.9,46.9,187,400
7/5/2005,Jharkhand,Jamshedpur,Golmuri Vehical TC,Industrial Areas,36.1,49.2,154,330
7/9/2005,Jharkhand,Jamshedpur,Golmuri Vehical TC,Industrial Areas,38.7,51.3,192,403
7/12/2005,Jharkhand,Jamshedpur,Golmuri Vehical TC,Industrial Areas,39,52.5,175,366
16-07-05,Jharkhand,Jamshedpur,Golmuri Vehical TC,Industrial Areas,40.4,51.3,169,359
19-07-05,Jharkhand,Jamshedpur,Golmuri Vehical TC,Industrial Areas,36.8,54.2,173,371
22-07-05,Jharkhand,Jamshedpur,Golmuri Vehical TC,Industrial Areas,37.8,52.3,150,330
26-07-05,Jharkhand,Jamshedpur,Golmuri Vehical TC,Industrial Areas,35.6,52,150,329
29-07-05,Jharkhand,Jamshedpur,Golmuri Vehical TC,Industrial Areas,35.8,49.5,155,320
8/3/2005,Jharkhand,Jamshedpur,Golmuri Vehical TC,Industrial Areas,35.7,47.2,174,373
8/6/2005,Jharkhand,Jamshedpur,Golmuri Vehical TC,Industrial Areas,33.6,45.3,170,366
8/9/2005,Jharkhand,Jamshedpur,Golmuri Vehical TC,Industrial Areas,35.7,44.6,172,336
8/12/2005,Jharkhand,Jamshedpur,Golmuri Vehical TC,Industrial Areas,35.6,48.2,170,376
17-08-05,Jharkhand,Jamshedpur,Golmuri Vehical TC,Industrial Areas,34.6,44.7,172,372
20-08-05,Jharkhand,Jamshedpur,Golmuri Vehical TC,Industrial Areas,34.1,45.2,178,409
23-08-05,Jharkhand,Jamshedpur,Golmuri Vehical TC,Industrial Areas,33.1,44.8,173,377
27-08-05,Jharkhand,Jamshedpur,Golmuri Vehical TC,Industrial Areas,37.2,47.9,187,395
30-08-05,Jharkhand,Jamshedpur,Golmuri Vehical TC,Industrial Areas,33.4,44.3,152,331
9/3/2005,Jharkhand,Jamshedpur,Golmuri Vehical TC,Industrial Areas,36.6,45.6,170,374
9/6/2005,Jharkhand,Jamshedpur,Golmuri Vehical TC,Industrial Areas,41.4,56.5,167,358
9/9/2005,Jharkhand,Jamshedpur,Golmuri Vehical TC,Industrial Areas,38.9,56.9,163,361
13-09-05,Jharkhand,Jamshedpur,Golmuri Vehical TC,Industrial Areas,42,59.7,173,365
16-09-05,Jharkhand,Jamshedpur,Golmuri Vehical TC,Industrial Areas,40.8,60.4,163,343
20-09-05,Jharkhand,Jamshedpur,Golmuri Vehical TC,Industrial Areas,38,50.8,166,361
23-09-05,Jharkhand,Jamshedpur,Golmuri Vehical TC,Industrial Areas,37.8,47.8,174,365
27-09-05,Jharkhand,Jamshedpur,Golmuri Vehical TC,Industrial Areas,35.8,48.8,178,375
10/3/2005,Jharkhand,Jamshedpur,Golmuri Vehical TC,Industrial Areas,34.9,48.1,159,345
10/6/2005,Jharkhand,Jamshedpur,Golmuri Vehical TC,Industrial Areas,34.4,44.2,167,365
10/8/2005,Jharkhand,Jamshedpur,Golmuri Vehical TC,Industrial Areas,34.2,44.5,172,365
15-10-05,Jharkhand,Jamshedpur,Golmuri Vehical TC,Industrial Areas,37.4,48.2,168,360
19-10-05,Jharkhand,Jamshedpur,Golmuri Vehical TC,Industrial Areas,35.6,45.1,161,341
22-10-05,Jharkhand,Jamshedpur,Golmuri Vehical TC,Industrial Areas,36.5,47.3,175,380
25-10-05,Jharkhand,Jamshedpur,Golmuri Vehical TC,Industrial Areas,31.1,44.9,165,366
28-10-05,Jharkhand,Jamshedpur,Golmuri Vehical TC,Industrial Areas,34.7,52.9,148,333
11/1/2005,Jharkhand,Jamshedpur,Golmuri Vehical TC,Industrial Areas,36.8,56.4,152,255
11/5/2005,Jharkhand,Jamshedpur,Golmuri Vehical TC,Industrial Areas,35,50.3,156,298
11/10/2005,Jharkhand,Jamshedpur,Golmuri Vehical TC,Industrial Areas,40.5,54.1,158,282
11/12/2005,Jharkhand,Jamshedpur,Golmuri Vehical TC,Industrial Areas,37.9,56.3,140,293
17-11-05,Jharkhand,Jamshedpur,Golmuri Vehical TC,Industrial Areas,39.6,62.2,121,233
19-11-05,Jharkhand,Jamshedpur,Golmuri Vehical TC,Industrial Areas,41.2,62.1,139,307
22-11-05,Jharkhand,Jamshedpur,Golmuri Vehical TC,Industrial Areas,30.9,40.5,150,307
25-11-05,Jharkhand,Jamshedpur,Golmuri Vehical TC,Industrial Areas,30.4,41.1,164,323
29-11-05,Jharkhand,Jamshedpur,Golmuri Vehical TC,Industrial Areas,29.2,39.3,160,313
12/5/2005,Jharkhand,Jamshedpur,Golmuri Vehical TC,Industrial Areas,43.5,57.8,159,272
12/8/2005,Jharkhand,Jamshedpur,Golmuri Vehical TC,Industrial Areas,38.3,54,152,272
13-12-05,Jharkhand,Jamshedpur,Golmuri Vehical TC,Industrial Areas,42.8,58.7,147,265
16-12-05,Jharkhand,Jamshedpur,Golmuri Vehical TC,Industrial Areas,40.6,58.2,157,270
19-12-05,Jharkhand,Jamshedpur,Golmuri Vehical TC,Industrial Areas,34.9,46.1,153,252
22-12-05,Jharkhand,Jamshedpur,Golmuri Vehical TC,Industrial Areas,35.4,53.6,143,282
26-12-05,Jharkhand,Jamshedpur,Golmuri Vehical TC,Industrial Areas,38.7,55.7,132,266
29-12-05,Jharkhand,Jamshedpur,Golmuri Vehical TC,Industrial Areas,39.5,51,137,255
1/3/2005,Jharkhand,Jharia,M.A.D.A.,Industrial Areas,15.7,46.1,229,508
1/7/2005,Jharkhand,Jharia,M.A.D.A.,Industrial Areas,19.3,51.9,181,470
1/10/2005,Jharkhand,Jharia,M.A.D.A.,Industrial Areas,15.3,67.1,149,257
1/12/2005,Jharkhand,Jharia,M.A.D.A.,Industrial Areas,16.7,35.7,345,600
17-01-05,Jharkhand,Jharia,M.A.D.A.,Industrial Areas,21.5,48.5,422,540
19-01-05,Jharkhand,Jharia,M.A.D.A.,Industrial Areas,10.8,59.7,240,422
24-01-05,Jharkhand,Jharia,M.A.D.A.,Industrial Areas,20.2,37.9,408,813
28-01-05,Jharkhand,Jharia,M.A.D.A.,Industrial Areas,29.6,77.5,166,309
2/2/2005,Jharkhand,Jharia,M.A.D.A.,Industrial Areas,14.4,55.7,167,336
2/4/2005,Jharkhand,Jharia,M.A.D.A.,Industrial Areas,12.3,45.8,110,188
2/7/2005,Jharkhand,Jharia,M.A.D.A.,Industrial Areas,19.9,45.2,198,330
14-02-05,Jharkhand,Jharia,M.A.D.A.,Industrial Areas,18.9,58.4,133,238
15-02-05,Jharkhand,Jharia,M.A.D.A.,Industrial Areas,21,44.7,273,372
17-02-05,Jharkhand,Jharia,M.A.D.A.,Industrial Areas,13.4,46,148,263
21-02-05,Jharkhand,Jharia,M.A.D.A.,Industrial Areas,15.3,49.3,122,330
25-02-05,Jharkhand,Jharia,M.A.D.A.,Industrial Areas,16.8,52.1,140,298
3/2/2005,Jharkhand,Jharia,M.A.D.A.,Industrial Areas,15.6,48.7,181,350
3/4/2005,Jharkhand,Jharia,M.A.D.A.,Industrial Areas,19.1,56.4,157,298
3/9/2005,Jharkhand,Jharia,M.A.D.A.,Industrial Areas,24.5,62.7,163,312
3/11/2005,Jharkhand,Jharia,M.A.D.A.,Industrial Areas,18.2,42.8,143,289
14-03-05,Jharkhand,Jharia,M.A.D.A.,Industrial Areas,22.2,54.4,112,319
23-03-05,Jharkhand,Jharia,M.A.D.A.,Industrial Areas,16.6,33,186,332
4/5/2005,Jharkhand,Jharia,M.A.D.A.,Industrial Areas,20.1,54.4,123,342
4/8/2005,Jharkhand,Jharia,M.A.D.A.,Industrial Areas,22,44.3,178,312
4/12/2005,Jharkhand,Jharia,M.A.D.A.,Industrial Areas,18.8,52.4,185,330
18-04-05,Jharkhand,Jharia,M.A.D.A.,Industrial Areas,19.1,51.4,180,327
20-04-05,Jharkhand,Jharia,M.A.D.A.,Industrial Areas,26.7,58.4,196,354
25-04-05,Jharkhand,Jharia,M.A.D.A.,Industrial Areas,15.2,50.3,178,335
28-04-05,Jharkhand,Jharia,M.A.D.A.,Industrial Areas,17,51.5,184,331
5/9/2005,Jharkhand,Jharia,M.A.D.A.,Industrial Areas,25.1,69.6,210,372
13-05-05,Jharkhand,Jharia,M.A.D.A.,Industrial Areas,18.9,42.1,138,321
16-05-05,Jharkhand,Jharia,M.A.D.A.,Industrial Areas,20.3,50.8,131,332
19-05-05,Jharkhand,Jharia,M.A.D.A.,Industrial Areas,17,42,135,342
24-05-05,Jharkhand,Jharia,M.A.D.A.,Industrial Areas,15.8,45.8,143,326
27-05-05,Jharkhand,Jharia,M.A.D.A.,Industrial Areas,18.9,38.7,152,362
30-05-05,Jharkhand,Jharia,M.A.D.A.,Industrial Areas,22.2,42.4,163,361
7/4/2005,Jharkhand,Jharia,M.A.D.A.,Industrial Areas,16.6,66,160,282
7/6/2005,Jharkhand,Jharia,M.A.D.A.,Industrial Areas,21.3,53.1,125,298
7/11/2005,Jharkhand,Jharia,M.A.D.A.,Industrial Areas,19.5,51.1,149,271
13-07-05,Jharkhand,Jharia,M.A.D.A.,Industrial Areas,15.4,50,99,179
15-07-05,Jharkhand,Jharia,M.A.D.A.,Industrial Areas,15.4,49.5,165,325
18-07-05,Jharkhand,Jharia,M.A.D.A.,Industrial Areas,16.2,65.5,140,169
25-07-05,Jharkhand,Jharia,M.A.D.A.,Industrial Areas,22,65.8,135,247
28-07-05,Jharkhand,Jharia,M.A.D.A.,Industrial Areas,10.4,36.1,114,222
8/5/2005,Jharkhand,Jharia,M.A.D.A.,Industrial Areas,12.1,37.5,61,146
8/9/2005,Jharkhand,Jharia,M.A.D.A.,Industrial Areas,12.8,36.7,76,186
8/11/2005,Jharkhand,Jharia,M.A.D.A.,Industrial Areas,11.6,34,115,239
17-08-05,Jharkhand,Jharia,M.A.D.A.,Industrial Areas,NA,NA,215,271
19-08-05,Jharkhand,Jharia,M.A.D.A.,Industrial Areas,14.1,40.8,123,209
22-08-05,Jharkhand,Jharia,M.A.D.A.,Industrial Areas,14.6,46.3,104,204
24-08-05,Jharkhand,Jharia,M.A.D.A.,Industrial Areas,10.1,43.6,100,207
30-08-05,Jharkhand,Jharia,M.A.D.A.,Industrial Areas,11.4,41.3,137,243
9/1/2005,Jharkhand,Jharia,M.A.D.A.,Industrial Areas,14.7,42,117,191
9/5/2005,Jharkhand,Jharia,M.A.D.A.,Industrial Areas,12.3,39.3,94,211
9/8/2005,Jharkhand,Jharia,M.A.D.A.,Industrial Areas,11.6,36.2,58,122
9/12/2005,Jharkhand,Jharia,M.A.D.A.,Industrial Areas,8.9,48.4,116,209
15-09-05,Jharkhand,Jharia,M.A.D.A.,Industrial Areas,13,44.2,116,225
22-09-05,Jharkhand,Jharia,M.A.D.A.,Industrial Areas,NA,NA,122,275
26-09-05,Jharkhand,Jharia,M.A.D.A.,Industrial Areas,10.6,56.7,61,129
29-09-05,Jharkhand,Jharia,M.A.D.A.,Industrial Areas,14.1,39,59,114
10/5/2005,Jharkhand,Jharia,M.A.D.A.,Industrial Areas,13.8,37.4,53,188
17-10-05,Jharkhand,Jharia,M.A.D.A.,Industrial Areas,13.2,48.4,70,138
25-10-05,Jharkhand,Jharia,M.A.D.A.,Industrial Areas,15.1,53.4,101,188
28-10-05,Jharkhand,Jharia,M.A.D.A.,Industrial Areas,16.2,52,59,142
11/11/2005,Jharkhand,Jharia,M.A.D.A.,Industrial Areas,15,44.5,82,130
16-11-05,Jharkhand,Jharia,M.A.D.A.,Industrial Areas,16.1,54.7,189,257
18-11-05,Jharkhand,Jharia,M.A.D.A.,Industrial Areas,16.2,65,209,238
22-11-05,Jharkhand,Jharia,M.A.D.A.,Industrial Areas,20.9,56.7,386,530
25-11-05,Jharkhand,Jharia,M.A.D.A.,Industrial Areas,21.4,56.4,249,394
29-11-05,Jharkhand,Jharia,M.A.D.A.,Industrial Areas,20.1,50.4,255,427
12/3/2005,Jharkhand,Jharia,M.A.D.A.,Industrial Areas,21.9,58.3,241,373
12/6/2005,Jharkhand,Jharia,M.A.D.A.,Industrial Areas,23.7,54.2,223,354
12/9/2005,Jharkhand,Jharia,M.A.D.A.,Industrial Areas,19.2,51.8,190,305
13-12-05,Jharkhand,Jharia,M.A.D.A.,Industrial Areas,19.9,58.4,219,301
23-12-05,Jharkhand,Jharia,M.A.D.A.,Industrial Areas,23.8,58.8,155,341
26-12-05,Jharkhand,Jharia,M.A.D.A.,Industrial Areas,25.5,59.5,231,315
8/4/2005,Jharkhand,Ranchi,Albert Ekka Chowk,Residential and others,20.5,32.5,49,143
8/9/2005,Jharkhand,Ranchi,Albert Ekka Chowk,Residential and others,20.4,34.1,75,171
8/12/2005,Jharkhand,Ranchi,Albert Ekka Chowk,Residential and others,16.9,24.1,129,183
17-08-05,Jharkhand,Ranchi,Albert Ekka Chowk,Residential and others,18.2,29.5,152,169
19-08-05,Jharkhand,Ranchi,Albert Ekka Chowk,Residential and others,17.4,28.3,70,170
22-08-05,Jharkhand,Ranchi,Albert Ekka Chowk,Residential and others,14.6,24.3,59,139
29-08-05,Jharkhand,Ranchi,Albert Ekka Chowk,Residential and others,21.7,35.6,129,196
2/2/2005,Jharkhand,Sindri,BIT,Industrial Areas,20.8,52.1,112,211
2/4/2005,Jharkhand,Sindri,BIT,Industrial Areas,27.7,43.4,116,219
2/7/2005,Jharkhand,Sindri,BIT,Industrial Areas,23.5,78.7,138,237
2/10/2005,Jharkhand,Sindri,BIT,Industrial Areas,14.6,70.2,122,221
14-02-05,Jharkhand,Sindri,BIT,Industrial Areas,16.5,49.8,109,199
17-02-05,Jharkhand,Sindri,BIT,Industrial Areas,18.5,32,127,225
21-02-05,Jharkhand,Sindri,BIT,Industrial Areas,12.6,30.5,125,212
25-02-05,Jharkhand,Sindri,BIT,Industrial Areas,16.3,40.1,111,216
3/2/2005,Jharkhand,Sindri,BIT,Industrial Areas,17.8,50.4,119,221
3/4/2005,Jharkhand,Sindri,BIT,Industrial Areas,21.1,56.5,123,233
3/9/2005,Jharkhand,Sindri,BIT,Industrial Areas,27.1,69,130,247
3/11/2005,Jharkhand,Sindri,BIT,Industrial Areas,22.9,61.6,115,229
14-03-05,Jharkhand,Sindri,BIT,Industrial Areas,15.2,46.8,128,240
23-03-05,Jharkhand,Sindri,BIT,Industrial Areas,16.2,40.1,116,229
4/5/2005,Jharkhand,Sindri,BIT,Industrial Areas,19.5,46.4,126,238
4/12/2005,Jharkhand,Sindri,BIT,Industrial Areas,20.1,52.1,109,212
15-04-05,Jharkhand,Sindri,BIT,Industrial Areas,24.4,58.8,111,230
18-04-05,Jharkhand,Sindri,BIT,Industrial Areas,18.5,45.3,110,219
20-04-05,Jharkhand,Sindri,BIT,Industrial Areas,16,40.8,107,210
25-04-05,Jharkhand,Sindri,BIT,Industrial Areas,17.9,38.1,115,198
28-04-05,Jharkhand,Sindri,BIT,Industrial Areas,12.2,32.5,103,202
5/6/2005,Jharkhand,Sindri,BIT,Industrial Areas,18.5,52.2,120,242
5/9/2005,Jharkhand,Sindri,BIT,Industrial Areas,16.2,48.5,128,238
13-05-05,Jharkhand,Sindri,BIT,Industrial Areas,12.2,40.5,114,213
19-05-05,Jharkhand,Sindri,BIT,Industrial Areas,28.4,50.9,142,262
24-05-05,Jharkhand,Sindri,BIT,Industrial Areas,14.2,46.6,132,250
27-05-05,Jharkhand,Sindri,BIT,Industrial Areas,12.2,32.7,120,242
30-05-05,Jharkhand,Sindri,BIT,Industrial Areas,20.7,39.8,129,233
6/2/2005,Jharkhand,Sindri,BIT,Industrial Areas,22.7,49.3,133,287
6/6/2005,Jharkhand,Sindri,BIT,Industrial Areas,19.3,43.8,80,229
6/9/2005,Jharkhand,Sindri,BIT,Industrial Areas,7.6,39.4,71,315
13-06-05,Jharkhand,Sindri,BIT,Industrial Areas,10.6,44.6,78,211
16-06-05,Jharkhand,Sindri,BIT,Industrial Areas,17,39.6,133,261
20-06-05,Jharkhand,Sindri,BIT,Industrial Areas,18,42.5,64,219
23-06-05,Jharkhand,Sindri,BIT,Industrial Areas,14.6,30.2,49,164
27-06-05,Jharkhand,Sindri,BIT,Industrial Areas,17.6,39.2,44,202
7/4/2005,Jharkhand,Sindri,BIT,Industrial Areas,11.2,50.9,72,176
7/6/2005,Jharkhand,Sindri,BIT,Industrial Areas,16,54.9,60,164
7/11/2005,Jharkhand,Sindri,BIT,Industrial Areas,17.1,36.1,77,191
13-07-05,Jharkhand,Sindri,BIT,Industrial Areas,10.7,34.9,58,108
15-07-05,Jharkhand,Sindri,BIT,Industrial Areas,11.9,38.4,40,84
18-07-05,Jharkhand,Sindri,BIT,Industrial Areas,19,50.6,65,178
21-07-05,Jharkhand,Sindri,BIT,Industrial Areas,14.5,48.1,51,173
25-07-05,Jharkhand,Sindri,BIT,Industrial Areas,13.6,40.9,23,91
28-07-05,Jharkhand,Sindri,BIT,Industrial Areas,11.1,42.9,27,50
8/2/2005,Jharkhand,Sindri,BIT,Industrial Areas,11.9,40.9,97,143
8/9/2005,Jharkhand,Sindri,BIT,Industrial Areas,14.8,43.8,37,87
8/11/2005,Jharkhand,Sindri,BIT,Industrial Areas,13.5,51.5,58,115
17-08-05,Jharkhand,Sindri,BIT,Industrial Areas,11.7,41.9,61,172
19-08-05,Jharkhand,Sindri,BIT,Industrial Areas,9.8,40.2,40,139
30-08-05,Jharkhand,Sindri,BIT,Industrial Areas,12,39.9,31,72
9/1/2005,Jharkhand,Sindri,BIT,Industrial Areas,8.9,38.2,38,74
9/5/2005,Jharkhand,Sindri,BIT,Industrial Areas,9.2,41.3,22,46
9/8/2005,Jharkhand,Sindri,BIT,Industrial Areas,7.9,30.8,33,83
9/12/2005,Jharkhand,Sindri,BIT,Industrial Areas,6.9,27.5,29,56
15-09-05,Jharkhand,Sindri,BIT,Industrial Areas,8.8,43,29,53
22-09-05,Jharkhand,Sindri,BIT,Industrial Areas,5.1,30.5,36,58
26-09-05,Jharkhand,Sindri,BIT,Industrial Areas,7.5,30,39,84
29-09-05,Jharkhand,Sindri,BIT,Industrial Areas,9.6,35.7,46,100
10/5/2005,Jharkhand,Sindri,BIT,Industrial Areas,5.7,40.2,32,37
14-10-05,Jharkhand,Sindri,BIT,Industrial Areas,9.5,47.5,61,111
24-10-05,Jharkhand,Sindri,BIT,Industrial Areas,11.6,49.7,48,106
25-10-05,Jharkhand,Sindri,BIT,Industrial Areas,10.3,43.6,61,153
28-10-05,Jharkhand,Sindri,BIT,Industrial Areas,14.3,47.1,22,46
11/9/2005,Jharkhand,Sindri,BIT,Industrial Areas,11.6,44.4,85,142
11/11/2005,Jharkhand,Sindri,BIT,Industrial Areas,13.8,45.5,81,119
16-11-05,Jharkhand,Sindri,BIT,Industrial Areas,15.9,43.5,35,65
18-11-05,Jharkhand,Sindri,BIT,Industrial Areas,20.5,69,97,192
22-11-05,Jharkhand,Sindri,BIT,Industrial Areas,19.2,57.9,177,246
25-11-05,Jharkhand,Sindri,BIT,Industrial Areas,22.3,44.8,145,271
29-11-05,Jharkhand,Sindri,BIT,Industrial Areas,17.8,55.9,167,325
12/3/2005,Jharkhand,Sindri,BIT,Industrial Areas,22.8,53.9,162,269
12/6/2005,Jharkhand,Sindri,BIT,Industrial Areas,24.8,56.8,147,252
12/9/2005,Jharkhand,Sindri,BIT,Industrial Areas,17.8,58.6,139,228
16-12-05,Jharkhand,Sindri,BIT,Industrial Areas,20.6,60.1,160,247
20-12-05,Jharkhand,Sindri,BIT,Industrial Areas,20.4,57.3,153,194
23-12-05,Jharkhand,Sindri,BIT,Industrial Areas,22.1,63.6,144,231
26-12-05,Jharkhand,Sindri,BIT,Industrial Areas,21.5,62.1,114,200
29-12-05,Jharkhand,Sindri,BIT,Industrial Areas,20.8,53.2,129,210
