Stn Code,Sampling Date,State,City/Town/Village/Area,Location of Monitoring Station,Agency,Type of Location,SO2,NO2,RSPM/PM10,SPM
44,1/10/2004,Jharkhand,Dhanbad,R.O. Dhanbad,Jharkhand State Pollution Control Board,"Residential, Rural and other Areas",11.1,42.18,196,135
44,13-01-04,Jharkhand,Dhanbad,R.O. Dhanbad,Jharkhand State Pollution Control Board,"Residential, Rural and other Areas",13,46.93,220,309
44,17-01-04,Jharkhand,Dhanbad,R.O. Dhanbad,Jharkhand State Pollution Control Board,"Residential, Rural and other Areas",16,72.48,248,148
44,20-01-04,Jharkhand,Dhanbad,R.O. Dhanbad,Jharkhand State Pollution Control Board,"Residential, Rural and other Areas",9.1,54.55,210,75
44,24-01-04,Jharkhand,Dhanbad,R.O. Dhanbad,Jharkhand State Pollution Control Board,"Residential, Rural and other Areas",13.6,55.15,176,214
44,28-01-04,Jharkhand,Dhanbad,R.O. Dhanbad,Jharkhand State Pollution Control Board,"Residential, Rural and other Areas",10.8,63.9,139,229
44,31-01-04,Jharkhand,Dhanbad,R.O. Dhanbad,Jharkhand State Pollution Control Board,"Residential, Rural and other Areas",21.7,63.53,120,191
44,2/5/2004,Jharkhand,Dhanbad,R.O. Dhanbad,Jharkhand State Pollution Control Board,"Residential, Rural and other Areas",10.8,75.03,117,119
44,2/9/2004,Jharkhand,Dhanbad,R.O. Dhanbad,Jharkhand State Pollution Control Board,"Residential, Rural and other Areas",7.4,38.63,232,136
44,14-02-04,Jharkhand,Dhanbad,R.O. Dhanbad,Jharkhand State Pollution Control Board,"Residential, Rural and other Areas",11.7,59.72,170,162
44,16-02-04,Jharkhand,Dhanbad,R.O. Dhanbad,Jharkhand State Pollution Control Board,"Residential, Rural and other Areas",16,82.04,104,35
44,20-02-04,Jharkhand,Dhanbad,R.O. Dhanbad,Jharkhand State Pollution Control Board,"Residential, Rural and other Areas",10.4,58.44,149,177
44,24-02-04,Jharkhand,Dhanbad,R.O. Dhanbad,Jharkhand State Pollution Control Board,"Residential, Rural and other Areas",12.5,57.93,174,245
44,28-02-04,Jharkhand,Dhanbad,R.O. Dhanbad,Jharkhand State Pollution Control Board,"Residential, Rural and other Areas",13.6,83.3,191,147
44,3/3/2004,Jharkhand,Dhanbad,R.O. Dhanbad,Jharkhand State Pollution Control Board,"Residential, Rural and other Areas",17.1,79.9,183,40
44,3/12/2004,Jharkhand,Dhanbad,R.O. Dhanbad,Jharkhand State Pollution Control Board,"Residential, Rural and other Areas",11.1,73.8,155,252
44,15-03-04,Jharkhand,Dhanbad,R.O. Dhanbad,Jharkhand State Pollution Control Board,"Residential, Rural and other Areas",10.6,50.2,159,45
44,19-03-04,Jharkhand,Dhanbad,R.O. Dhanbad,Jharkhand State Pollution Control Board,"Residential, Rural and other Areas",4.7,82.05,185,194
44,24-03-04,Jharkhand,Dhanbad,R.O. Dhanbad,Jharkhand State Pollution Control Board,"Residential, Rural and other Areas",14.7,131.97,255,257
44,26-03-04,Jharkhand,Dhanbad,R.O. Dhanbad,Jharkhand State Pollution Control Board,"Residential, Rural and other Areas",15.5,90.02,147,392
44,4/5/2004,Jharkhand,Dhanbad,R.O. Dhanbad,Jharkhand State Pollution Control Board,"Residential, Rural and other Areas",30.2,67.63,120,149
44,4/7/2004,Jharkhand,Dhanbad,R.O. Dhanbad,Jharkhand State Pollution Control Board,"Residential, Rural and other Areas",3.6,59.37,99,125
44,4/12/2004,Jharkhand,Dhanbad,R.O. Dhanbad,Jharkhand State Pollution Control Board,"Residential, Rural and other Areas",4,44.9,167,294
44,16-04-04,Jharkhand,Dhanbad,R.O. Dhanbad,Jharkhand State Pollution Control Board,"Residential, Rural and other Areas",12.2,56.48,345,402
44,19-04-04,Jharkhand,Dhanbad,R.O. Dhanbad,Jharkhand State Pollution Control Board,"Residential, Rural and other Areas",10.9,77.38,92,200
44,21-04-04,Jharkhand,Dhanbad,R.O. Dhanbad,Jharkhand State Pollution Control Board,"Residential, Rural and other Areas",20.6,83.77,128,138
44,26-04-04,Jharkhand,Dhanbad,R.O. Dhanbad,Jharkhand State Pollution Control Board,"Residential, Rural and other Areas",10.7,44.87,113,139
44,29-04-04,Jharkhand,Dhanbad,R.O. Dhanbad,Jharkhand State Pollution Control Board,"Residential, Rural and other Areas",4.4,38.63,53,176
44,5/6/2004,Jharkhand,Dhanbad,R.O. Dhanbad,Jharkhand State Pollution Control Board,"Residential, Rural and other Areas",8.8,50.9,143,225
44,5/8/2004,Jharkhand,Dhanbad,R.O. Dhanbad,Jharkhand State Pollution Control Board,"Residential, Rural and other Areas",9.6,39.63,106,191
44,5/11/2004,Jharkhand,Dhanbad,R.O. Dhanbad,Jharkhand State Pollution Control Board,"Residential, Rural and other Areas",14.8,55.03,132,275
44,15-05-04,Jharkhand,Dhanbad,R.O. Dhanbad,Jharkhand State Pollution Control Board,"Residential, Rural and other Areas",18.8,42.76,168,392
44,18-05-04,Jharkhand,Dhanbad,R.O. Dhanbad,Jharkhand State Pollution Control Board,"Residential, Rural and other Areas",9.8,61.13,54,114
44,22-05-04,Jharkhand,Dhanbad,R.O. Dhanbad,Jharkhand State Pollution Control Board,"Residential, Rural and other Areas",16.7,83.43,89,172
44,25-05-04,Jharkhand,Dhanbad,R.O. Dhanbad,Jharkhand State Pollution Control Board,"Residential, Rural and other Areas",9.7,34,60,71
44,27-05-04,Jharkhand,Dhanbad,R.O. Dhanbad,Jharkhand State Pollution Control Board,"Residential, Rural and other Areas",10.3,74.03,83,117
44,6/6/2004,Jharkhand,Dhanbad,R.O. Dhanbad,Jharkhand State Pollution Control Board,"Residential, Rural and other Areas",12.6,80.33,122,208
44,6/8/2004,Jharkhand,Dhanbad,R.O. Dhanbad,Jharkhand State Pollution Control Board,"Residential, Rural and other Areas",9.1,56.3,62,114
44,6/11/2004,Jharkhand,Dhanbad,R.O. Dhanbad,Jharkhand State Pollution Control Board,"Residential, Rural and other Areas",13.5,57.02,96,328
44,19-07-04,Jharkhand,Dhanbad,R.O. Dhanbad,Jharkhand State Pollution Control Board,"Residential, Rural and other Areas",5.6,48.63,136,172
44,23-07-04,Jharkhand,Dhanbad,R.O. Dhanbad,Jharkhand State Pollution Control Board,"Residential, Rural and other Areas",6.1,44.54,178,373
44,26-07-04,Jharkhand,Dhanbad,R.O. Dhanbad,Jharkhand State Pollution Control Board,"Residential, Rural and other Areas",14.7,86.33,82,320
44,30-07-04,Jharkhand,Dhanbad,R.O. Dhanbad,Jharkhand State Pollution Control Board,"Residential, Rural and other Areas",4.8,38.08,87,198
44,8/2/2004,Jharkhand,Dhanbad,R.O. Dhanbad,Jharkhand State Pollution Control Board,"Residential, Rural and other Areas",6.2,74.98,84,229
44,8/6/2004,Jharkhand,Dhanbad,R.O. Dhanbad,Jharkhand State Pollution Control Board,"Residential, Rural and other Areas",4.7,55.5,34,234
44,8/9/2004,Jharkhand,Dhanbad,R.O. Dhanbad,Jharkhand State Pollution Control Board,"Residential, Rural and other Areas",10.4,43.65,71,286
44,13-08-04,Jharkhand,Dhanbad,R.O. Dhanbad,Jharkhand State Pollution Control Board,"Residential, Rural and other Areas",19.2,73.93,39,154
44,16-08-04,Jharkhand,Dhanbad,R.O. Dhanbad,Jharkhand State Pollution Control Board,"Residential, Rural and other Areas",8.5,56.77,69,123
44,20-08-04,Jharkhand,Dhanbad,R.O. Dhanbad,Jharkhand State Pollution Control Board,"Residential, Rural and other Areas",9.5,60.8,47,151
44,23-08-04,Jharkhand,Dhanbad,R.O. Dhanbad,Jharkhand State Pollution Control Board,"Residential, Rural and other Areas",7.9,51.52,55,94
44,27-08-04,Jharkhand,Dhanbad,R.O. Dhanbad,Jharkhand State Pollution Control Board,"Residential, Rural and other Areas",18.5,97.1,65,190
44,9/1/2004,Jharkhand,Dhanbad,R.O. Dhanbad,Jharkhand State Pollution Control Board,"Residential, Rural and other Areas",2.9,41.82,66,251
44,9/3/2004,Jharkhand,Dhanbad,R.O. Dhanbad,Jharkhand State Pollution Control Board,"Residential, Rural and other Areas",7.7,46.78,131,246
44,9/8/2004,Jharkhand,Dhanbad,R.O. Dhanbad,Jharkhand State Pollution Control Board,"Residential, Rural and other Areas",7.5,61.15,91,314
44,13-09-04,Jharkhand,Dhanbad,R.O. Dhanbad,Jharkhand State Pollution Control Board,"Residential, Rural and other Areas",10.5,38.52,44,169
44,16-09-04,Jharkhand,Dhanbad,R.O. Dhanbad,Jharkhand State Pollution Control Board,"Residential, Rural and other Areas",15.1,76.18,53,177
44,20-09-04,Jharkhand,Dhanbad,R.O. Dhanbad,Jharkhand State Pollution Control Board,"Residential, Rural and other Areas",12.8,48.24,36,75
44,22-09-04,Jharkhand,Dhanbad,R.O. Dhanbad,Jharkhand State Pollution Control Board,"Residential, Rural and other Areas",8.3,57.77,53,202
44,27-09-04,Jharkhand,Dhanbad,R.O. Dhanbad,Jharkhand State Pollution Control Board,"Residential, Rural and other Areas",11,38.83,103,202
44,10/4/2004,Jharkhand,Dhanbad,R.O. Dhanbad,Jharkhand State Pollution Control Board,"Residential, Rural and other Areas",11.9,41.93,55,94
44,10/7/2004,Jharkhand,Dhanbad,R.O. Dhanbad,Jharkhand State Pollution Control Board,"Residential, Rural and other Areas",14.1,55.53,44,163
44,10/11/2004,Jharkhand,Dhanbad,R.O. Dhanbad,Jharkhand State Pollution Control Board,"Residential, Rural and other Areas",8.2,54.98,46,196
44,13-10-04,Jharkhand,Dhanbad,R.O. Dhanbad,Jharkhand State Pollution Control Board,"Residential, Rural and other Areas",10.9,43.18,98,189
44,18-10-04,Jharkhand,Dhanbad,R.O. Dhanbad,Jharkhand State Pollution Control Board,"Residential, Rural and other Areas",14.1,55.3,105,252
44,26-10-04,Jharkhand,Dhanbad,R.O. Dhanbad,Jharkhand State Pollution Control Board,"Residential, Rural and other Areas",13.9,59.98,141,219
44,29-10-04,Jharkhand,Dhanbad,R.O. Dhanbad,Jharkhand State Pollution Control Board,"Residential, Rural and other Areas",20.2,60.48,55,202
44,11/4/2004,Jharkhand,Dhanbad,R.O. Dhanbad,Jharkhand State Pollution Control Board,"Residential, Rural and other Areas",11.3,41.83,155,235
44,11/5/2004,Jharkhand,Dhanbad,R.O. Dhanbad,Jharkhand State Pollution Control Board,"Residential, Rural and other Areas",9,30.35,131,263
44,11/8/2004,Jharkhand,Dhanbad,R.O. Dhanbad,Jharkhand State Pollution Control Board,"Residential, Rural and other Areas",9.6,37.12,148,316
44,16-11-04,Jharkhand,Dhanbad,R.O. Dhanbad,Jharkhand State Pollution Control Board,"Residential, Rural and other Areas",11,41.05,172,321
44,22-11-04,Jharkhand,Dhanbad,R.O. Dhanbad,Jharkhand State Pollution Control Board,"Residential, Rural and other Areas",13.6,63.13,223,375
44,24-11-04,Jharkhand,Dhanbad,R.O. Dhanbad,Jharkhand State Pollution Control Board,"Residential, Rural and other Areas",9.6,41.13,136,320
44,29-11-04,Jharkhand,Dhanbad,R.O. Dhanbad,Jharkhand State Pollution Control Board,"Residential, Rural and other Areas",10.8,55.1,98,287
44,12/6/2004,Jharkhand,Dhanbad,R.O. Dhanbad,Jharkhand State Pollution Control Board,"Residential, Rural and other Areas",22.5,49.45,143,302
44,12/9/2004,Jharkhand,Dhanbad,R.O. Dhanbad,Jharkhand State Pollution Control Board,"Residential, Rural and other Areas",11.3,43.53,195,355
44,13-12-04,Jharkhand,Dhanbad,R.O. Dhanbad,Jharkhand State Pollution Control Board,"Residential, Rural and other Areas",10.9,33.15,190,385
44,16-12-04,Jharkhand,Dhanbad,R.O. Dhanbad,Jharkhand State Pollution Control Board,"Residential, Rural and other Areas",12.2,51.22,190,319
44,20-12-04,Jharkhand,Dhanbad,R.O. Dhanbad,Jharkhand State Pollution Control Board,"Residential, Rural and other Areas",13.8,57.15,126,359
44,23-12-04,Jharkhand,Dhanbad,R.O. Dhanbad,Jharkhand State Pollution Control Board,"Residential, Rural and other Areas",12.8,49.96,162,248
44,27-12-04,Jharkhand,Dhanbad,R.O. Dhanbad,Jharkhand State Pollution Control Board,"Residential, Rural and other Areas",13.7,49,195,274
44,30-12-04,Jharkhand,Dhanbad,R.O. Dhanbad,Jharkhand State Pollution Control Board,"Residential, Rural and other Areas",11.6,41.23,245,337
46,13-01-04,Jharkhand,Sindri,"BIT, Sindri",Jharkhand State Pollution Control Board,Industrial Area,8.9,45.8,267,34
46,16-01-04,Jharkhand,Sindri,"BIT, Sindri",Jharkhand State Pollution Control Board,Industrial Area,16.3,55.68,201,24
46,19-01-04,Jharkhand,Sindri,"BIT, Sindri",Jharkhand State Pollution Control Board,Industrial Area,13.6,54.55,273,290
46,23-01-04,Jharkhand,Sindri,"BIT, Sindri",Jharkhand State Pollution Control Board,Industrial Area,11.5,83.15,174,134
46,27-01-04,Jharkhand,Sindri,"BIT, Sindri",Jharkhand State Pollution Control Board,Industrial Area,14.1,84.42,109,129
46,30-01-04,Jharkhand,Sindri,"BIT, Sindri",Jharkhand State Pollution Control Board,Industrial Area,9.1,59.73,118,32
46,2/5/2004,Jharkhand,Sindri,"BIT, Sindri",Jharkhand State Pollution Control Board,Industrial Area,13.9,83.55,102,158
46,2/10/2004,Jharkhand,Sindri,"BIT, Sindri",Jharkhand State Pollution Control Board,Industrial Area,6.1,41.5,244,150
46,14-02-04,Jharkhand,Sindri,"BIT, Sindri",Jharkhand State Pollution Control Board,Industrial Area,13.3,61.46,178,265
46,17-02-04,Jharkhand,Sindri,"BIT, Sindri",Jharkhand State Pollution Control Board,Industrial Area,18.7,87.37,176,54
46,20-02-04,Jharkhand,Sindri,"BIT, Sindri",Jharkhand State Pollution Control Board,Industrial Area,17.3,74.1,208,218
46,24-02-04,Jharkhand,Sindri,"BIT, Sindri",Jharkhand State Pollution Control Board,Industrial Area,13,50.03,206,332
46,28-02-04,Jharkhand,Sindri,"BIT, Sindri",Jharkhand State Pollution Control Board,Industrial Area,11.8,48.92,220,274
46,3/3/2004,Jharkhand,Sindri,"BIT, Sindri",Jharkhand State Pollution Control Board,Industrial Area,9.9,51.18,223,339
46,3/10/2004,Jharkhand,Sindri,"BIT, Sindri",Jharkhand State Pollution Control Board,Industrial Area,14.7,75.48,117,92
46,3/12/2004,Jharkhand,Sindri,"BIT, Sindri",Jharkhand State Pollution Control Board,Industrial Area,13.9,110.67,126,293
46,15-03-04,Jharkhand,Sindri,"BIT, Sindri",Jharkhand State Pollution Control Board,Industrial Area,15.5,61.12,155,126
46,19-03-04,Jharkhand,Sindri,"BIT, Sindri",Jharkhand State Pollution Control Board,Industrial Area,5,101.8,149,138
46,24-03-04,Jharkhand,Sindri,"BIT, Sindri",Jharkhand State Pollution Control Board,Industrial Area,10.7,79.86,146,250
46,26-03-04,Jharkhand,Sindri,"BIT, Sindri",Jharkhand State Pollution Control Board,Industrial Area,7,61.98,125,221
46,4/5/2004,Jharkhand,Sindri,"BIT, Sindri",Jharkhand State Pollution Control Board,Industrial Area,15.7,55.2,85,100
46,4/7/2004,Jharkhand,Sindri,"BIT, Sindri",Jharkhand State Pollution Control Board,Industrial Area,10.3,35.42,83,147
46,4/12/2004,Jharkhand,Sindri,"BIT, Sindri",Jharkhand State Pollution Control Board,Industrial Area,10.4,55.57,150,275
46,16-04-04,Jharkhand,Sindri,"BIT, Sindri",Jharkhand State Pollution Control Board,Industrial Area,15.4,65.64,125,275
46,19-04-04,Jharkhand,Sindri,"BIT, Sindri",Jharkhand State Pollution Control Board,Industrial Area,7.7,54.27,134,327
46,21-04-04,Jharkhand,Sindri,"BIT, Sindri",Jharkhand State Pollution Control Board,Industrial Area,6.6,42.87,115,267
46,26-04-04,Jharkhand,Sindri,"BIT, Sindri",Jharkhand State Pollution Control Board,Industrial Area,4.8,58.82,65,174
46,5/5/2004,Jharkhand,Sindri,"BIT, Sindri",Jharkhand State Pollution Control Board,Industrial Area,18.6,44.68,212,402
46,5/7/2004,Jharkhand,Sindri,"BIT, Sindri",Jharkhand State Pollution Control Board,Industrial Area,20.2,44.73,73,205
46,5/10/2004,Jharkhand,Sindri,"BIT, Sindri",Jharkhand State Pollution Control Board,Industrial Area,10.4,67.33,148,183
46,17-05-04,Jharkhand,Sindri,"BIT, Sindri",Jharkhand State Pollution Control Board,Industrial Area,16.2,55.1,113,198
46,21-05-04,Jharkhand,Sindri,"BIT, Sindri",Jharkhand State Pollution Control Board,Industrial Area,9.1,41.03,130,255
46,24-05-04,Jharkhand,Sindri,"BIT, Sindri",Jharkhand State Pollution Control Board,Industrial Area,10.9,35.45,112,191
46,27-05-04,Jharkhand,Sindri,"BIT, Sindri",Jharkhand State Pollution Control Board,Industrial Area,13.3,53.82,96,170
46,6/3/2004,Jharkhand,Sindri,"BIT, Sindri",Jharkhand State Pollution Control Board,Industrial Area,10.7,51.18,96,150
46,6/5/2004,Jharkhand,Sindri,"BIT, Sindri",Jharkhand State Pollution Control Board,Industrial Area,7.6,46.73,86,204
46,6/8/2004,Jharkhand,Sindri,"BIT, Sindri",Jharkhand State Pollution Control Board,Industrial Area,10.9,45.05,51,318
46,6/11/2004,Jharkhand,Sindri,"BIT, Sindri",Jharkhand State Pollution Control Board,Industrial Area,5.6,43.48,91,343
46,14-06-04,Jharkhand,Sindri,"BIT, Sindri",Jharkhand State Pollution Control Board,Industrial Area,7.7,45.47,76,235
332,1/12/2004,Jharkhand,Jharia,"M.A.D.A., Jharia",Jharkhand State Pollution Control Board,Industrial Area,13,69.7,233,245
332,16-01-04,Jharkhand,Jharia,"M.A.D.A., Jharia",Jharkhand State Pollution Control Board,Industrial Area,13.6,55.62,280,121
332,19-01-04,Jharkhand,Jharia,"M.A.D.A., Jharia",Jharkhand State Pollution Control Board,Industrial Area,12.8,51.37,346,260
332,23-01-04,Jharkhand,Jharia,"M.A.D.A., Jharia",Jharkhand State Pollution Control Board,Industrial Area,13.7,62.05,242,286
332,27-01-04,Jharkhand,Jharia,"M.A.D.A., Jharia",Jharkhand State Pollution Control Board,Industrial Area,18.8,66.03,207,301
332,30-01-04,Jharkhand,Jharia,"M.A.D.A., Jharia",Jharkhand State Pollution Control Board,Industrial Area,14.7,64.48,201,80
332,2/4/2004,Jharkhand,Jharia,"M.A.D.A., Jharia",Jharkhand State Pollution Control Board,Industrial Area,14.4,71.68,278,119
332,2/10/2004,Jharkhand,Jharia,"M.A.D.A., Jharia",Jharkhand State Pollution Control Board,Industrial Area,17.9,78.87,330,145
332,14-02-04,Jharkhand,Jharia,"M.A.D.A., Jharia",Jharkhand State Pollution Control Board,Industrial Area,10.8,86.5,280,207
332,17-02-04,Jharkhand,Jharia,"M.A.D.A., Jharia",Jharkhand State Pollution Control Board,Industrial Area,14.3,102.25,222,141
332,21-02-04,Jharkhand,Jharia,"M.A.D.A., Jharia",Jharkhand State Pollution Control Board,Industrial Area,12.7,64.42,271,323
332,24-02-04,Jharkhand,Jharia,"M.A.D.A., Jharia",Jharkhand State Pollution Control Board,Industrial Area,17.2,79.47,238,334
332,28-02-04,Jharkhand,Jharia,"M.A.D.A., Jharia",Jharkhand State Pollution Control Board,Industrial Area,23.9,94.48,294,217
332,3/3/2004,Jharkhand,Jharia,"M.A.D.A., Jharia",Jharkhand State Pollution Control Board,Industrial Area,17.3,82.9,457,148
332,3/12/2004,Jharkhand,Jharia,"M.A.D.A., Jharia",Jharkhand State Pollution Control Board,Industrial Area,11.2,127.72,275,189
332,15-03-04,Jharkhand,Jharia,"M.A.D.A., Jharia",Jharkhand State Pollution Control Board,Industrial Area,16.5,127.43,266,91
332,19-03-04,Jharkhand,Jharia,"M.A.D.A., Jharia",Jharkhand State Pollution Control Board,Industrial Area,12.6,112.97,274,286
332,24-03-04,Jharkhand,Jharia,"M.A.D.A., Jharia",Jharkhand State Pollution Control Board,Industrial Area,16.5,137.83,276,237
332,26-03-04,Jharkhand,Jharia,"M.A.D.A., Jharia",Jharkhand State Pollution Control Board,Industrial Area,13.8,129.28,198,171
332,4/5/2004,Jharkhand,Jharia,"M.A.D.A., Jharia",Jharkhand State Pollution Control Board,Industrial Area,24.9,76.25,153,271
332,4/7/2004,Jharkhand,Jharia,"M.A.D.A., Jharia",Jharkhand State Pollution Control Board,Industrial Area,9.9,53.9,115,200
332,4/12/2004,Jharkhand,Jharia,"M.A.D.A., Jharia",Jharkhand State Pollution Control Board,Industrial Area,9.8,37.73,201,234
332,16-04-04,Jharkhand,Jharia,"M.A.D.A., Jharia",Jharkhand State Pollution Control Board,Industrial Area,13.5,70.92,120,395
332,19-04-04,Jharkhand,Jharia,"M.A.D.A., Jharia",Jharkhand State Pollution Control Board,Industrial Area,20.6,80.63,251,336
332,21-04-04,Jharkhand,Jharia,"M.A.D.A., Jharia",Jharkhand State Pollution Control Board,Industrial Area,11.3,80.52,111,269
332,26-04-04,Jharkhand,Jharia,"M.A.D.A., Jharia",Jharkhand State Pollution Control Board,Industrial Area,17.3,68.12,123,146
332,29-04-04,Jharkhand,Jharia,"M.A.D.A., Jharia",Jharkhand State Pollution Control Board,Industrial Area,4.6,44.35,112,100
332,5/5/2004,Jharkhand,Jharia,"M.A.D.A., Jharia",Jharkhand State Pollution Control Board,Industrial Area,16.8,62.05,189,231
332,5/7/2004,Jharkhand,Jharia,"M.A.D.A., Jharia",Jharkhand State Pollution Control Board,Industrial Area,12.8,63.02,171,245
332,14-05-04,Jharkhand,Jharia,"M.A.D.A., Jharia",Jharkhand State Pollution Control Board,Industrial Area,14.6,98.13,153,258
332,17-05-04,Jharkhand,Jharia,"M.A.D.A., Jharia",Jharkhand State Pollution Control Board,Industrial Area,13.2,75.92,119,184
332,21-05-04,Jharkhand,Jharia,"M.A.D.A., Jharia",Jharkhand State Pollution Control Board,Industrial Area,10.4,59.5,170,219
332,24-05-04,Jharkhand,Jharia,"M.A.D.A., Jharia",Jharkhand State Pollution Control Board,Industrial Area,16.2,63.48,140,187
332,27-05-04,Jharkhand,Jharia,"M.A.D.A., Jharia",Jharkhand State Pollution Control Board,Industrial Area,17.1,80.57,64,183
332,6/3/2004,Jharkhand,Jharia,"M.A.D.A., Jharia",Jharkhand State Pollution Control Board,Industrial Area,11.8,62.83,96,150
332,6/5/2004,Jharkhand,Jharia,"M.A.D.A., Jharia",Jharkhand State Pollution Control Board,Industrial Area,16.6,101.08,122,208
332,6/8/2004,Jharkhand,Jharia,"M.A.D.A., Jharia",Jharkhand State Pollution Control Board,Industrial Area,22.7,75.42,84,278
332,6/11/2004,Jharkhand,Jharia,"M.A.D.A., Jharia",Jharkhand State Pollution Control Board,Industrial Area,17.4,98.95,105,219
332,14-06-04,Jharkhand,Jharia,"M.A.D.A., Jharia",Jharkhand State Pollution Control Board,Industrial Area,8,127.27,157,429
332,17-06-04,Jharkhand,Jharia,"M.A.D.A., Jharia",Jharkhand State Pollution Control Board,Industrial Area,16.5,72.3,217,473
332,21-06-04,Jharkhand,Jharia,"M.A.D.A., Jharia",Jharkhand State Pollution Control Board,Industrial Area,18.4,73.45,139,204
332,25-06-04,Jharkhand,Jharia,"M.A.D.A., Jharia",Jharkhand State Pollution Control Board,Industrial Area,15,77.02,139,289
332,7/12/2004,Jharkhand,Jharia,"M.A.D.A., Jharia",Jharkhand State Pollution Control Board,Industrial Area,11.4,54.8,140,487
332,16-07-04,Jharkhand,Jharia,"M.A.D.A., Jharia",Jharkhand State Pollution Control Board,Industrial Area,16.7,73.6,132,322
332,19-07-04,Jharkhand,Jharia,"M.A.D.A., Jharia",Jharkhand State Pollution Control Board,Industrial Area,4.4,47.07,85,207
332,23-07-04,Jharkhand,Jharia,"M.A.D.A., Jharia",Jharkhand State Pollution Control Board,Industrial Area,4.6,54.25,178,474
332,26-07-04,Jharkhand,Jharia,"M.A.D.A., Jharia",Jharkhand State Pollution Control Board,Industrial Area,24,68.95,116,407
332,30-07-04,Jharkhand,Jharia,"M.A.D.A., Jharia",Jharkhand State Pollution Control Board,Industrial Area,19.9,80.92,128,293
332,8/2/2004,Jharkhand,Jharia,"M.A.D.A., Jharia",Jharkhand State Pollution Control Board,Industrial Area,7.3,48.08,NA,NA
332,8/9/2004,Jharkhand,Jharia,"M.A.D.A., Jharia",Jharkhand State Pollution Control Board,Industrial Area,9,49.42,NA,NA
332,13-08-04,Jharkhand,Jharia,"M.A.D.A., Jharia",Jharkhand State Pollution Control Board,Industrial Area,20.2,81.98,NA,NA
332,16-08-04,Jharkhand,Jharia,"M.A.D.A., Jharia",Jharkhand State Pollution Control Board,Industrial Area,11.9,80.68,NA,NA
332,20-08-04,Jharkhand,Jharia,"M.A.D.A., Jharia",Jharkhand State Pollution Control Board,Industrial Area,10.5,54.03,NA,NA
332,23-08-04,Jharkhand,Jharia,"M.A.D.A., Jharia",Jharkhand State Pollution Control Board,Industrial Area,7.2,42.52,NA,NA
332,27-08-04,Jharkhand,Jharia,"M.A.D.A., Jharia",Jharkhand State Pollution Control Board,Industrial Area,6.4,56.52,NA,NA
332,30-08-04,Jharkhand,Jharia,"M.A.D.A., Jharia",Jharkhand State Pollution Control Board,Industrial Area,8.8,56.35,NA,NA
332,9/3/2004,Jharkhand,Jharia,"M.A.D.A., Jharia",Jharkhand State Pollution Control Board,Industrial Area,10.2,49.77,122,279
332,9/8/2004,Jharkhand,Jharia,"M.A.D.A., Jharia",Jharkhand State Pollution Control Board,Industrial Area,9,36.17,130,372
332,13-09-04,Jharkhand,Jharia,"M.A.D.A., Jharia",Jharkhand State Pollution Control Board,Industrial Area,10.8,49.45,91,249
332,16-09-04,Jharkhand,Jharia,"M.A.D.A., Jharia",Jharkhand State Pollution Control Board,Industrial Area,9.9,39.48,162,237
332,20-09-04,Jharkhand,Jharia,"M.A.D.A., Jharia",Jharkhand State Pollution Control Board,Industrial Area,10.2,58.72,46,125
332,22-09-04,Jharkhand,Jharia,"M.A.D.A., Jharia",Jharkhand State Pollution Control Board,Industrial Area,11.4,44.98,75,154
332,10/5/2004,Jharkhand,Jharia,"M.A.D.A., Jharia",Jharkhand State Pollution Control Board,Industrial Area,21.8,74.95,50,135
332,10/11/2004,Jharkhand,Jharia,"M.A.D.A., Jharia",Jharkhand State Pollution Control Board,Industrial Area,13.5,42.83,309,352
332,13-10-04,Jharkhand,Jharia,"M.A.D.A., Jharia",Jharkhand State Pollution Control Board,Industrial Area,10.5,43.35,96,271
332,18-10-04,Jharkhand,Jharia,"M.A.D.A., Jharia",Jharkhand State Pollution Control Board,Industrial Area,12.9,48.88,170,380
332,26-10-04,Jharkhand,Jharia,"M.A.D.A., Jharia",Jharkhand State Pollution Control Board,Industrial Area,8.7,37.23,271,366
332,11/3/2004,Jharkhand,Jharia,"M.A.D.A., Jharia",Jharkhand State Pollution Control Board,Industrial Area,13.2,46.32,231,482
332,11/5/2004,Jharkhand,Jharia,"M.A.D.A., Jharia",Jharkhand State Pollution Control Board,Industrial Area,13.5,52.12,239,437
332,11/8/2004,Jharkhand,Jharia,"M.A.D.A., Jharia",Jharkhand State Pollution Control Board,Industrial Area,15.9,52.88,312,475
332,22-11-04,Jharkhand,Jharia,"M.A.D.A., Jharia",Jharkhand State Pollution Control Board,Industrial Area,11.6,45.5,366,534
332,24-11-04,Jharkhand,Jharia,"M.A.D.A., Jharia",Jharkhand State Pollution Control Board,Industrial Area,14.1,54.8,285,549
332,29-11-04,Jharkhand,Jharia,"M.A.D.A., Jharia",Jharkhand State Pollution Control Board,Industrial Area,17.1,64.15,323,706
332,12/6/2004,Jharkhand,Jharia,"M.A.D.A., Jharia",Jharkhand State Pollution Control Board,Industrial Area,10.3,46.6,325,895
332,12/9/2004,Jharkhand,Jharia,"M.A.D.A., Jharia",Jharkhand State Pollution Control Board,Industrial Area,7.9,36.4,236,477
332,13-12-04,Jharkhand,Jharia,"M.A.D.A., Jharia",Jharkhand State Pollution Control Board,Industrial Area,8.1,51.7,219,523
332,16-12-04,Jharkhand,Jharia,"M.A.D.A., Jharia",Jharkhand State Pollution Control Board,Industrial Area,17.5,56.95,167,291
332,20-12-04,Jharkhand,Jharia,"M.A.D.A., Jharia",Jharkhand State Pollution Control Board,Industrial Area,15,47.43,225,614
332,23-12-04,Jharkhand,Jharia,"M.A.D.A., Jharia",Jharkhand State Pollution Control Board,Industrial Area,13.7,50.78,451,684
332,27-12-04,Jharkhand,Jharia,"M.A.D.A., Jharia",Jharkhand State Pollution Control Board,Industrial Area,13.9,56.63,251,378
332,30-12-04,Jharkhand,Jharia,"M.A.D.A., Jharia",Jharkhand State Pollution Control Board,Industrial Area,14.8,51.78,360,459
402,9/3/2004,Jharkhand,Ranchi,"Albert Ekka Chowk, Main Road, Ranchi",Jharkhand State Pollution Control Board,"Residential, Rural and other Areas",16,NA,187,231
402,9/8/2004,Jharkhand,Ranchi,"Albert Ekka Chowk, Main Road, Ranchi",Jharkhand State Pollution Control Board,"Residential, Rural and other Areas",16.9,NA,242,347
402,9/10/2004,Jharkhand,Ranchi,"Albert Ekka Chowk, Main Road, Ranchi",Jharkhand State Pollution Control Board,"Residential, Rural and other Areas",15.8,NA,132,156
402,14-09-04,Jharkhand,Ranchi,"Albert Ekka Chowk, Main Road, Ranchi",Jharkhand State Pollution Control Board,"Residential, Rural and other Areas",13.4,NA,257,341
402,16-09-04,Jharkhand,Ranchi,"Albert Ekka Chowk, Main Road, Ranchi",Jharkhand State Pollution Control Board,"Residential, Rural and other Areas",13.1,NA,214,280
402,20-09-04,Jharkhand,Ranchi,"Albert Ekka Chowk, Main Road, Ranchi",Jharkhand State Pollution Control Board,"Residential, Rural and other Areas",14.3,NA,179,253
402,22-09-04,Jharkhand,Ranchi,"Albert Ekka Chowk, Main Road, Ranchi",Jharkhand State Pollution Control Board,"Residential, Rural and other Areas",14.8,NA,99,159
402,27-09-04,Jharkhand,Ranchi,"Albert Ekka Chowk, Main Road, Ranchi",Jharkhand State Pollution Control Board,"Residential, Rural and other Areas",17.4,NA,145,226
402,10/5/2004,Jharkhand,Ranchi,"Albert Ekka Chowk, Main Road, Ranchi",Jharkhand State Pollution Control Board,"Residential, Rural and other Areas",17.2,NA,69,125
402,10/7/2004,Jharkhand,Ranchi,"Albert Ekka Chowk, Main Road, Ranchi",Jharkhand State Pollution Control Board,"Residential, Rural and other Areas",17.5,NA,78,140
402,10/11/2004,Jharkhand,Ranchi,"Albert Ekka Chowk, Main Road, Ranchi",Jharkhand State Pollution Control Board,"Residential, Rural and other Areas",17.4,NA,79,148
402,13-10-04,Jharkhand,Ranchi,"Albert Ekka Chowk, Main Road, Ranchi",Jharkhand State Pollution Control Board,"Residential, Rural and other Areas",16.1,NA,84,168
402,18-10-04,Jharkhand,Ranchi,"Albert Ekka Chowk, Main Road, Ranchi",Jharkhand State Pollution Control Board,"Residential, Rural and other Areas",16,NA,87,153
402,26-10-04,Jharkhand,Ranchi,"Albert Ekka Chowk, Main Road, Ranchi",Jharkhand State Pollution Control Board,"Residential, Rural and other Areas",17.9,NA,95,242
402,28-10-04,Jharkhand,Ranchi,"Albert Ekka Chowk, Main Road, Ranchi",Jharkhand State Pollution Control Board,"Residential, Rural and other Areas",18.1,NA,125,275
351,1/2/2004,Jharkhand,Jamshedpur,"Bistupur Vehical Testing Centre, Jamshedpur",Jharkhand State Pollution Control Board,Industrial Area,49,56,211,412
351,1/6/2004,Jharkhand,Jamshedpur,"Bistupur Vehical Testing Centre, Jamshedpur",Jharkhand State Pollution Control Board,Industrial Area,50,59,227,417
351,1/9/2004,Jharkhand,Jamshedpur,"Bistupur Vehical Testing Centre, Jamshedpur",Jharkhand State Pollution Control Board,Industrial Area,50,59,219,396
351,1/12/2004,Jharkhand,Jamshedpur,"Bistupur Vehical Testing Centre, Jamshedpur",Jharkhand State Pollution Control Board,Industrial Area,51,59,216,413
351,15-01-04,Jharkhand,Jamshedpur,"Bistupur Vehical Testing Centre, Jamshedpur",Jharkhand State Pollution Control Board,Industrial Area,50,57,228,400
351,19-01-04,Jharkhand,Jamshedpur,"Bistupur Vehical Testing Centre, Jamshedpur",Jharkhand State Pollution Control Board,Industrial Area,51,57,204,388
351,22-01-04,Jharkhand,Jamshedpur,"Bistupur Vehical Testing Centre, Jamshedpur",Jharkhand State Pollution Control Board,Industrial Area,48,53,213,400
351,27-01-04,Jharkhand,Jamshedpur,"Bistupur Vehical Testing Centre, Jamshedpur",Jharkhand State Pollution Control Board,Industrial Area,52,59,220,404
351,30-01-04,Jharkhand,Jamshedpur,"Bistupur Vehical Testing Centre, Jamshedpur",Jharkhand State Pollution Control Board,Industrial Area,49,61,209,390
351,2/3/2004,Jharkhand,Jamshedpur,"Bistupur Vehical Testing Centre, Jamshedpur",Jharkhand State Pollution Control Board,Industrial Area,49,63,152,380
351,2/5/2004,Jharkhand,Jamshedpur,"Bistupur Vehical Testing Centre, Jamshedpur",Jharkhand State Pollution Control Board,Industrial Area,49,61,165,363
351,2/9/2004,Jharkhand,Jamshedpur,"Bistupur Vehical Testing Centre, Jamshedpur",Jharkhand State Pollution Control Board,Industrial Area,49,63,150,344
351,2/12/2004,Jharkhand,Jamshedpur,"Bistupur Vehical Testing Centre, Jamshedpur",Jharkhand State Pollution Control Board,Industrial Area,48,60,194,403
351,16-02-04,Jharkhand,Jamshedpur,"Bistupur Vehical Testing Centre, Jamshedpur",Jharkhand State Pollution Control Board,Industrial Area,47,59,150,338
351,19-02-04,Jharkhand,Jamshedpur,"Bistupur Vehical Testing Centre, Jamshedpur",Jharkhand State Pollution Control Board,Industrial Area,48,61,177,376
351,23-02-04,Jharkhand,Jamshedpur,"Bistupur Vehical Testing Centre, Jamshedpur",Jharkhand State Pollution Control Board,Industrial Area,45,59,195,412
351,25-02-04,Jharkhand,Jamshedpur,"Bistupur Vehical Testing Centre, Jamshedpur",Jharkhand State Pollution Control Board,Industrial Area,47,62,192,345
351,27-02-04,Jharkhand,Jamshedpur,"Bistupur Vehical Testing Centre, Jamshedpur",Jharkhand State Pollution Control Board,Industrial Area,48,64,192,402
351,3/4/2004,Jharkhand,Jamshedpur,"Bistupur Vehical Testing Centre, Jamshedpur",Jharkhand State Pollution Control Board,Industrial Area,41,51,162,376
351,3/9/2004,Jharkhand,Jamshedpur,"Bistupur Vehical Testing Centre, Jamshedpur",Jharkhand State Pollution Control Board,Industrial Area,41,50,140,355
351,3/12/2004,Jharkhand,Jamshedpur,"Bistupur Vehical Testing Centre, Jamshedpur",Jharkhand State Pollution Control Board,Industrial Area,47,53,183,385
351,15-03-04,Jharkhand,Jamshedpur,"Bistupur Vehical Testing Centre, Jamshedpur",Jharkhand State Pollution Control Board,Industrial Area,41,53,203,399
351,18-03-04,Jharkhand,Jamshedpur,"Bistupur Vehical Testing Centre, Jamshedpur",Jharkhand State Pollution Control Board,Industrial Area,45,54,176,382
351,22-03-04,Jharkhand,Jamshedpur,"Bistupur Vehical Testing Centre, Jamshedpur",Jharkhand State Pollution Control Board,Industrial Area,41,53,186,381
351,25-03-04,Jharkhand,Jamshedpur,"Bistupur Vehical Testing Centre, Jamshedpur",Jharkhand State Pollution Control Board,Industrial Area,37,52,190,384
351,27-03-04,Jharkhand,Jamshedpur,"Bistupur Vehical Testing Centre, Jamshedpur",Jharkhand State Pollution Control Board,Industrial Area,41,50,180,379
351,31-03-04,Jharkhand,Jamshedpur,"Bistupur Vehical Testing Centre, Jamshedpur",Jharkhand State Pollution Control Board,Industrial Area,37,52,180,385
351,4/2/2004,Jharkhand,Jamshedpur,"Bistupur Vehical Testing Centre, Jamshedpur",Jharkhand State Pollution Control Board,Industrial Area,44,60,200,414
351,4/6/2004,Jharkhand,Jamshedpur,"Bistupur Vehical Testing Centre, Jamshedpur",Jharkhand State Pollution Control Board,Industrial Area,47,59,167,386
351,4/8/2004,Jharkhand,Jamshedpur,"Bistupur Vehical Testing Centre, Jamshedpur",Jharkhand State Pollution Control Board,Industrial Area,46,56,166,367
351,13-04-04,Jharkhand,Jamshedpur,"Bistupur Vehical Testing Centre, Jamshedpur",Jharkhand State Pollution Control Board,Industrial Area,46,61,163,394
351,16-04-04,Jharkhand,Jamshedpur,"Bistupur Vehical Testing Centre, Jamshedpur",Jharkhand State Pollution Control Board,Industrial Area,44,59,175,397
351,20-04-04,Jharkhand,Jamshedpur,"Bistupur Vehical Testing Centre, Jamshedpur",Jharkhand State Pollution Control Board,Industrial Area,44,58,141,317
351,24-04-04,Jharkhand,Jamshedpur,"Bistupur Vehical Testing Centre, Jamshedpur",Jharkhand State Pollution Control Board,Industrial Area,43,59,185,390
351,28-04-04,Jharkhand,Jamshedpur,"Bistupur Vehical Testing Centre, Jamshedpur",Jharkhand State Pollution Control Board,Industrial Area,48,60,198,406
351,30-04-04,Jharkhand,Jamshedpur,"Bistupur Vehical Testing Centre, Jamshedpur",Jharkhand State Pollution Control Board,Industrial Area,47,62,177,398
351,5/5/2004,Jharkhand,Jamshedpur,"Bistupur Vehical Testing Centre, Jamshedpur",Jharkhand State Pollution Control Board,Industrial Area,46,52,152,351
351,5/7/2004,Jharkhand,Jamshedpur,"Bistupur Vehical Testing Centre, Jamshedpur",Jharkhand State Pollution Control Board,Industrial Area,44,52,156,352
351,5/10/2004,Jharkhand,Jamshedpur,"Bistupur Vehical Testing Centre, Jamshedpur",Jharkhand State Pollution Control Board,Industrial Area,47,53,166,350
351,13-05-04,Jharkhand,Jamshedpur,"Bistupur Vehical Testing Centre, Jamshedpur",Jharkhand State Pollution Control Board,Industrial Area,49,58,169,382
351,17-05-04,Jharkhand,Jamshedpur,"Bistupur Vehical Testing Centre, Jamshedpur",Jharkhand State Pollution Control Board,Industrial Area,52,55,191,364
351,20-05-04,Jharkhand,Jamshedpur,"Bistupur Vehical Testing Centre, Jamshedpur",Jharkhand State Pollution Control Board,Industrial Area,47,54,177,372
351,24-05-04,Jharkhand,Jamshedpur,"Bistupur Vehical Testing Centre, Jamshedpur",Jharkhand State Pollution Control Board,Industrial Area,43,60,144,346
351,27-05-04,Jharkhand,Jamshedpur,"Bistupur Vehical Testing Centre, Jamshedpur",Jharkhand State Pollution Control Board,Industrial Area,39,46,155,374
351,31-05-04,Jharkhand,Jamshedpur,"Bistupur Vehical Testing Centre, Jamshedpur",Jharkhand State Pollution Control Board,Industrial Area,41,50,158,376
351,6/2/2004,Jharkhand,Jamshedpur,"Bistupur Vehical Testing Centre, Jamshedpur",Jharkhand State Pollution Control Board,Industrial Area,43,58,177,282
351,6/4/2004,Jharkhand,Jamshedpur,"Bistupur Vehical Testing Centre, Jamshedpur",Jharkhand State Pollution Control Board,Industrial Area,45,58,161,275
351,6/8/2004,Jharkhand,Jamshedpur,"Bistupur Vehical Testing Centre, Jamshedpur",Jharkhand State Pollution Control Board,Industrial Area,44,58,201,310
351,6/11/2004,Jharkhand,Jamshedpur,"Bistupur Vehical Testing Centre, Jamshedpur",Jharkhand State Pollution Control Board,Industrial Area,43,58,175,284
351,15-06-04,Jharkhand,Jamshedpur,"Bistupur Vehical Testing Centre, Jamshedpur",Jharkhand State Pollution Control Board,Industrial Area,44,57,164,248
351,18-06-04,Jharkhand,Jamshedpur,"Bistupur Vehical Testing Centre, Jamshedpur",Jharkhand State Pollution Control Board,Industrial Area,41,53,167,307
351,22-06-04,Jharkhand,Jamshedpur,"Bistupur Vehical Testing Centre, Jamshedpur",Jharkhand State Pollution Control Board,Industrial Area,43,56,153,248
351,26-06-04,Jharkhand,Jamshedpur,"Bistupur Vehical Testing Centre, Jamshedpur",Jharkhand State Pollution Control Board,Industrial Area,44,55,163,244
351,30-06-04,Jharkhand,Jamshedpur,"Bistupur Vehical Testing Centre, Jamshedpur",Jharkhand State Pollution Control Board,Industrial Area,40,52,154,236
351,7/3/2004,Jharkhand,Jamshedpur,"Bistupur Vehical Testing Centre, Jamshedpur",Jharkhand State Pollution Control Board,Industrial Area,33,47,136,229
351,7/7/2004,Jharkhand,Jamshedpur,"Bistupur Vehical Testing Centre, Jamshedpur",Jharkhand State Pollution Control Board,Industrial Area,33,43,124,198
351,7/10/2004,Jharkhand,Jamshedpur,"Bistupur Vehical Testing Centre, Jamshedpur",Jharkhand State Pollution Control Board,Industrial Area,37,52,126,205
351,14-07-04,Jharkhand,Jamshedpur,"Bistupur Vehical Testing Centre, Jamshedpur",Jharkhand State Pollution Control Board,Industrial Area,43,54,123,211
351,17-07-04,Jharkhand,Jamshedpur,"Bistupur Vehical Testing Centre, Jamshedpur",Jharkhand State Pollution Control Board,Industrial Area,41,50,124,217
351,21-07-04,Jharkhand,Jamshedpur,"Bistupur Vehical Testing Centre, Jamshedpur",Jharkhand State Pollution Control Board,Industrial Area,38,47,116,201
351,24-07-04,Jharkhand,Jamshedpur,"Bistupur Vehical Testing Centre, Jamshedpur",Jharkhand State Pollution Control Board,Industrial Area,37,44,114,197
351,28-07-04,Jharkhand,Jamshedpur,"Bistupur Vehical Testing Centre, Jamshedpur",Jharkhand State Pollution Control Board,Industrial Area,43,53,115,207
351,31-07-04,Jharkhand,Jamshedpur,"Bistupur Vehical Testing Centre, Jamshedpur",Jharkhand State Pollution Control Board,Industrial Area,36,54,110,227
351,8/4/2004,Jharkhand,Jamshedpur,"Bistupur Vehical Testing Centre, Jamshedpur",Jharkhand State Pollution Control Board,Industrial Area,42,44,95,228
351,8/7/2004,Jharkhand,Jamshedpur,"Bistupur Vehical Testing Centre, Jamshedpur",Jharkhand State Pollution Control Board,Industrial Area,42,51,95,245
351,8/10/2004,Jharkhand,Jamshedpur,"Bistupur Vehical Testing Centre, Jamshedpur",Jharkhand State Pollution Control Board,Industrial Area,44,48,168,243
351,13-08-04,Jharkhand,Jamshedpur,"Bistupur Vehical Testing Centre, Jamshedpur",Jharkhand State Pollution Control Board,Industrial Area,40,52,156,247
351,18-08-04,Jharkhand,Jamshedpur,"Bistupur Vehical Testing Centre, Jamshedpur",Jharkhand State Pollution Control Board,Industrial Area,45,52,172,296
351,21-08-04,Jharkhand,Jamshedpur,"Bistupur Vehical Testing Centre, Jamshedpur",Jharkhand State Pollution Control Board,Industrial Area,40,61,140,184
351,25-08-04,Jharkhand,Jamshedpur,"Bistupur Vehical Testing Centre, Jamshedpur",Jharkhand State Pollution Control Board,Industrial Area,43,55,156,299
351,28-08-04,Jharkhand,Jamshedpur,"Bistupur Vehical Testing Centre, Jamshedpur",Jharkhand State Pollution Control Board,Industrial Area,45,58,143,225
351,9/2/2004,Jharkhand,Jamshedpur,"Bistupur Vehical Testing Centre, Jamshedpur",Jharkhand State Pollution Control Board,Industrial Area,43,58,150,232
351,9/6/2004,Jharkhand,Jamshedpur,"Bistupur Vehical Testing Centre, Jamshedpur",Jharkhand State Pollution Control Board,Industrial Area,47,59,127,249
351,9/9/2004,Jharkhand,Jamshedpur,"Bistupur Vehical Testing Centre, Jamshedpur",Jharkhand State Pollution Control Board,Industrial Area,43,58,151,235
351,13-09-04,Jharkhand,Jamshedpur,"Bistupur Vehical Testing Centre, Jamshedpur",Jharkhand State Pollution Control Board,Industrial Area,42,51,133,213
351,16-09-04,Jharkhand,Jamshedpur,"Bistupur Vehical Testing Centre, Jamshedpur",Jharkhand State Pollution Control Board,Industrial Area,42,54,129,199
351,20-09-04,Jharkhand,Jamshedpur,"Bistupur Vehical Testing Centre, Jamshedpur",Jharkhand State Pollution Control Board,Industrial Area,47,60,134,211
351,23-09-04,Jharkhand,Jamshedpur,"Bistupur Vehical Testing Centre, Jamshedpur",Jharkhand State Pollution Control Board,Industrial Area,40,53,152,226
351,27-09-04,Jharkhand,Jamshedpur,"Bistupur Vehical Testing Centre, Jamshedpur",Jharkhand State Pollution Control Board,Industrial Area,47,62,140,224
351,10/4/2004,Jharkhand,Jamshedpur,"Bistupur Vehical Testing Centre, Jamshedpur",Jharkhand State Pollution Control Board,Industrial Area,37,54,148,235
351,10/7/2004,Jharkhand,Jamshedpur,"Bistupur Vehical Testing Centre, Jamshedpur",Jharkhand State Pollution Control Board,Industrial Area,37,51,181,247
351,10/11/2004,Jharkhand,Jamshedpur,"Bistupur Vehical Testing Centre, Jamshedpur",Jharkhand State Pollution Control Board,Industrial Area,37,50,194,278
351,14-10-04,Jharkhand,Jamshedpur,"Bistupur Vehical Testing Centre, Jamshedpur",Jharkhand State Pollution Control Board,Industrial Area,39,51,165,267
351,18-10-04,Jharkhand,Jamshedpur,"Bistupur Vehical Testing Centre, Jamshedpur",Jharkhand State Pollution Control Board,Industrial Area,43,56,159,258
351,26-10-04,Jharkhand,Jamshedpur,"Bistupur Vehical Testing Centre, Jamshedpur",Jharkhand State Pollution Control Board,Industrial Area,38,53,171,266
351,29-10-04,Jharkhand,Jamshedpur,"Bistupur Vehical Testing Centre, Jamshedpur",Jharkhand State Pollution Control Board,Industrial Area,40,46,204,306
351,11/1/2004,Jharkhand,Jamshedpur,"Bistupur Vehical Testing Centre, Jamshedpur",Jharkhand State Pollution Control Board,Industrial Area,37,62,161,292
351,11/4/2004,Jharkhand,Jamshedpur,"Bistupur Vehical Testing Centre, Jamshedpur",Jharkhand State Pollution Control Board,Industrial Area,41,56,149,237
351,11/8/2004,Jharkhand,Jamshedpur,"Bistupur Vehical Testing Centre, Jamshedpur",Jharkhand State Pollution Control Board,Industrial Area,43,62,170,266
351,11/11/2004,Jharkhand,Jamshedpur,"Bistupur Vehical Testing Centre, Jamshedpur",Jharkhand State Pollution Control Board,Industrial Area,48,60,116,203
351,22-11-04,Jharkhand,Jamshedpur,"Bistupur Vehical Testing Centre, Jamshedpur",Jharkhand State Pollution Control Board,Industrial Area,46,55,164,264
351,24-11-04,Jharkhand,Jamshedpur,"Bistupur Vehical Testing Centre, Jamshedpur",Jharkhand State Pollution Control Board,Industrial Area,42,63,143,221
351,29-11-04,Jharkhand,Jamshedpur,"Bistupur Vehical Testing Centre, Jamshedpur",Jharkhand State Pollution Control Board,Industrial Area,45,49,132,211
351,12/4/2004,Jharkhand,Jamshedpur,"Bistupur Vehical Testing Centre, Jamshedpur",Jharkhand State Pollution Control Board,Industrial Area,45,58,152,235
351,12/7/2004,Jharkhand,Jamshedpur,"Bistupur Vehical Testing Centre, Jamshedpur",Jharkhand State Pollution Control Board,Industrial Area,48,56,154,229
351,12/10/2004,Jharkhand,Jamshedpur,"Bistupur Vehical Testing Centre, Jamshedpur",Jharkhand State Pollution Control Board,Industrial Area,44,57,150,226
351,14-12-04,Jharkhand,Jamshedpur,"Bistupur Vehical Testing Centre, Jamshedpur",Jharkhand State Pollution Control Board,Industrial Area,47,59,143,230
351,17-12-04,Jharkhand,Jamshedpur,"Bistupur Vehical Testing Centre, Jamshedpur",Jharkhand State Pollution Control Board,Industrial Area,45,62,167,259
351,21-12-04,Jharkhand,Jamshedpur,"Bistupur Vehical Testing Centre, Jamshedpur",Jharkhand State Pollution Control Board,Industrial Area,46,58,162,243
351,24-12-04,Jharkhand,Jamshedpur,"Bistupur Vehical Testing Centre, Jamshedpur",Jharkhand State Pollution Control Board,Industrial Area,45,58,164,249
351,28-12-04,Jharkhand,Jamshedpur,"Bistupur Vehical Testing Centre, Jamshedpur",Jharkhand State Pollution Control Board,Industrial Area,45,58,215,243
382,1/3/2004,Jharkhand,Jamshedpur,"Golmuri Vehicle Testing Centre, Jamshedpur",Jharkhand State Pollution Control Board,Industrial Area,41,51,209,378
382,1/7/2004,Jharkhand,Jamshedpur,"Golmuri Vehicle Testing Centre, Jamshedpur",Jharkhand State Pollution Control Board,Industrial Area,43,50,205,382
382,1/10/2004,Jharkhand,Jamshedpur,"Golmuri Vehicle Testing Centre, Jamshedpur",Jharkhand State Pollution Control Board,Industrial Area,44,48,186,369
382,13-01-04,Jharkhand,Jamshedpur,"Golmuri Vehicle Testing Centre, Jamshedpur",Jharkhand State Pollution Control Board,Industrial Area,41,51,199,401
382,16-01-04,Jharkhand,Jamshedpur,"Golmuri Vehicle Testing Centre, Jamshedpur",Jharkhand State Pollution Control Board,Industrial Area,45,53,199,375
382,20-01-04,Jharkhand,Jamshedpur,"Golmuri Vehicle Testing Centre, Jamshedpur",Jharkhand State Pollution Control Board,Industrial Area,47,52,189,367
382,23-01-04,Jharkhand,Jamshedpur,"Golmuri Vehicle Testing Centre, Jamshedpur",Jharkhand State Pollution Control Board,Industrial Area,44,52,200,370
382,28-01-04,Jharkhand,Jamshedpur,"Golmuri Vehicle Testing Centre, Jamshedpur",Jharkhand State Pollution Control Board,Industrial Area,40,54,190,366
382,31-01-04,Jharkhand,Jamshedpur,"Golmuri Vehicle Testing Centre, Jamshedpur",Jharkhand State Pollution Control Board,Industrial Area,40,50,188,363
382,2/4/2004,Jharkhand,Jamshedpur,"Golmuri Vehicle Testing Centre, Jamshedpur",Jharkhand State Pollution Control Board,Industrial Area,39,56,161,351
382,2/7/2004,Jharkhand,Jamshedpur,"Golmuri Vehicle Testing Centre, Jamshedpur",Jharkhand State Pollution Control Board,Industrial Area,45,56,167,352
382,2/10/2004,Jharkhand,Jamshedpur,"Golmuri Vehicle Testing Centre, Jamshedpur",Jharkhand State Pollution Control Board,Industrial Area,41,54,177,347
382,13-02-04,Jharkhand,Jamshedpur,"Golmuri Vehicle Testing Centre, Jamshedpur",Jharkhand State Pollution Control Board,Industrial Area,40,52,168,345
382,17-02-04,Jharkhand,Jamshedpur,"Golmuri Vehicle Testing Centre, Jamshedpur",Jharkhand State Pollution Control Board,Industrial Area,43,52,201,385
382,20-02-04,Jharkhand,Jamshedpur,"Golmuri Vehicle Testing Centre, Jamshedpur",Jharkhand State Pollution Control Board,Industrial Area,41,53,150,337
382,24-02-04,Jharkhand,Jamshedpur,"Golmuri Vehicle Testing Centre, Jamshedpur",Jharkhand State Pollution Control Board,Industrial Area,42,53,180,364
382,26-02-04,Jharkhand,Jamshedpur,"Golmuri Vehicle Testing Centre, Jamshedpur",Jharkhand State Pollution Control Board,Industrial Area,42,53,170,366
382,28-02-04,Jharkhand,Jamshedpur,"Golmuri Vehicle Testing Centre, Jamshedpur",Jharkhand State Pollution Control Board,Industrial Area,41,55,187,377
382,3/5/2004,Jharkhand,Jamshedpur,"Golmuri Vehicle Testing Centre, Jamshedpur",Jharkhand State Pollution Control Board,Industrial Area,38,47,158,374
382,3/10/2004,Jharkhand,Jamshedpur,"Golmuri Vehicle Testing Centre, Jamshedpur",Jharkhand State Pollution Control Board,Industrial Area,43,47,136,339
382,13-03-04,Jharkhand,Jamshedpur,"Golmuri Vehicle Testing Centre, Jamshedpur",Jharkhand State Pollution Control Board,Industrial Area,44,48,201,368
382,16-03-04,Jharkhand,Jamshedpur,"Golmuri Vehicle Testing Centre, Jamshedpur",Jharkhand State Pollution Control Board,Industrial Area,42,44,187,368
382,19-03-04,Jharkhand,Jamshedpur,"Golmuri Vehicle Testing Centre, Jamshedpur",Jharkhand State Pollution Control Board,Industrial Area,42,47,169,387
382,26-03-04,Jharkhand,Jamshedpur,"Golmuri Vehicle Testing Centre, Jamshedpur",Jharkhand State Pollution Control Board,Industrial Area,42,51,181,345
382,29-03-04,Jharkhand,Jamshedpur,"Golmuri Vehicle Testing Centre, Jamshedpur",Jharkhand State Pollution Control Board,Industrial Area,42,52,187,379
382,4/5/2004,Jharkhand,Jamshedpur,"Golmuri Vehicle Testing Centre, Jamshedpur",Jharkhand State Pollution Control Board,Industrial Area,41,51,159,348
382,4/7/2004,Jharkhand,Jamshedpur,"Golmuri Vehicle Testing Centre, Jamshedpur",Jharkhand State Pollution Control Board,Industrial Area,40,55,157,355
382,4/12/2004,Jharkhand,Jamshedpur,"Golmuri Vehicle Testing Centre, Jamshedpur",Jharkhand State Pollution Control Board,Industrial Area,35,46,176,374
382,15-04-04,Jharkhand,Jamshedpur,"Golmuri Vehicle Testing Centre, Jamshedpur",Jharkhand State Pollution Control Board,Industrial Area,38,52,166,354
382,19-04-04,Jharkhand,Jamshedpur,"Golmuri Vehicle Testing Centre, Jamshedpur",Jharkhand State Pollution Control Board,Industrial Area,38,51,141,358
382,22-04-04,Jharkhand,Jamshedpur,"Golmuri Vehicle Testing Centre, Jamshedpur",Jharkhand State Pollution Control Board,Industrial Area,35,49,157,348
382,27-04-04,Jharkhand,Jamshedpur,"Golmuri Vehicle Testing Centre, Jamshedpur",Jharkhand State Pollution Control Board,Industrial Area,40,51,179,344
382,29-04-04,Jharkhand,Jamshedpur,"Golmuri Vehicle Testing Centre, Jamshedpur",Jharkhand State Pollution Control Board,Industrial Area,39,57,161,354
382,5/6/2004,Jharkhand,Jamshedpur,"Golmuri Vehicle Testing Centre, Jamshedpur",Jharkhand State Pollution Control Board,Industrial Area,41,53,176,407
382,5/8/2004,Jharkhand,Jamshedpur,"Golmuri Vehicle Testing Centre, Jamshedpur",Jharkhand State Pollution Control Board,Industrial Area,42,54,153,388
382,5/11/2004,Jharkhand,Jamshedpur,"Golmuri Vehicle Testing Centre, Jamshedpur",Jharkhand State Pollution Control Board,Industrial Area,38,50,183,408
382,14-05-04,Jharkhand,Jamshedpur,"Golmuri Vehicle Testing Centre, Jamshedpur",Jharkhand State Pollution Control Board,Industrial Area,41,54,185,399
382,18-05-04,Jharkhand,Jamshedpur,"Golmuri Vehicle Testing Centre, Jamshedpur",Jharkhand State Pollution Control Board,Industrial Area,45,52,186,376
382,21-05-04,Jharkhand,Jamshedpur,"Golmuri Vehicle Testing Centre, Jamshedpur",Jharkhand State Pollution Control Board,Industrial Area,42,53,184,405
382,25-05-04,Jharkhand,Jamshedpur,"Golmuri Vehicle Testing Centre, Jamshedpur",Jharkhand State Pollution Control Board,Industrial Area,39,54,178,366
382,28-05-04,Jharkhand,Jamshedpur,"Golmuri Vehicle Testing Centre, Jamshedpur",Jharkhand State Pollution Control Board,Industrial Area,42,49,162,376
382,6/3/2004,Jharkhand,Jamshedpur,"Golmuri Vehicle Testing Centre, Jamshedpur",Jharkhand State Pollution Control Board,Industrial Area,37,48,178,351
382,6/9/2004,Jharkhand,Jamshedpur,"Golmuri Vehicle Testing Centre, Jamshedpur",Jharkhand State Pollution Control Board,Industrial Area,41,52,220,382
382,6/12/2004,Jharkhand,Jamshedpur,"Golmuri Vehicle Testing Centre, Jamshedpur",Jharkhand State Pollution Control Board,Industrial Area,41,53,203,374
382,16-06-04,Jharkhand,Jamshedpur,"Golmuri Vehicle Testing Centre, Jamshedpur",Jharkhand State Pollution Control Board,Industrial Area,39,52,208,389
382,19-06-04,Jharkhand,Jamshedpur,"Golmuri Vehicle Testing Centre, Jamshedpur",Jharkhand State Pollution Control Board,Industrial Area,35,47,159,309
382,25-06-04,Jharkhand,Jamshedpur,"Golmuri Vehicle Testing Centre, Jamshedpur",Jharkhand State Pollution Control Board,Industrial Area,37,51,203,395
382,29-06-04,Jharkhand,Jamshedpur,"Golmuri Vehicle Testing Centre, Jamshedpur",Jharkhand State Pollution Control Board,Industrial Area,36,50,196,373
382,7/6/2004,Jharkhand,Jamshedpur,"Golmuri Vehicle Testing Centre, Jamshedpur",Jharkhand State Pollution Control Board,Industrial Area,32,45,142,273
382,7/9/2004,Jharkhand,Jamshedpur,"Golmuri Vehicle Testing Centre, Jamshedpur",Jharkhand State Pollution Control Board,Industrial Area,38,46,128,257
382,13-07-04,Jharkhand,Jamshedpur,"Golmuri Vehicle Testing Centre, Jamshedpur",Jharkhand State Pollution Control Board,Industrial Area,44,52,149,358
382,16-07-04,Jharkhand,Jamshedpur,"Golmuri Vehicle Testing Centre, Jamshedpur",Jharkhand State Pollution Control Board,Industrial Area,43,48,152,259
382,20-07-04,Jharkhand,Jamshedpur,"Golmuri Vehicle Testing Centre, Jamshedpur",Jharkhand State Pollution Control Board,Industrial Area,39,50,142,274
382,23-07-04,Jharkhand,Jamshedpur,"Golmuri Vehicle Testing Centre, Jamshedpur",Jharkhand State Pollution Control Board,Industrial Area,37,51,142,253
382,27-07-04,Jharkhand,Jamshedpur,"Golmuri Vehicle Testing Centre, Jamshedpur",Jharkhand State Pollution Control Board,Industrial Area,38,51,166,280
382,30-07-04,Jharkhand,Jamshedpur,"Golmuri Vehicle Testing Centre, Jamshedpur",Jharkhand State Pollution Control Board,Industrial Area,33,52,158,270
382,8/3/2004,Jharkhand,Jamshedpur,"Golmuri Vehicle Testing Centre, Jamshedpur",Jharkhand State Pollution Control Board,Industrial Area,46,56,111,263
382,8/6/2004,Jharkhand,Jamshedpur,"Golmuri Vehicle Testing Centre, Jamshedpur",Jharkhand State Pollution Control Board,Industrial Area,40,47,97,206
382,8/9/2004,Jharkhand,Jamshedpur,"Golmuri Vehicle Testing Centre, Jamshedpur",Jharkhand State Pollution Control Board,Industrial Area,34,48,143,264
382,8/12/2004,Jharkhand,Jamshedpur,"Golmuri Vehicle Testing Centre, Jamshedpur",Jharkhand State Pollution Control Board,Industrial Area,34,46,163,314
382,17-08-04,Jharkhand,Jamshedpur,"Golmuri Vehicle Testing Centre, Jamshedpur",Jharkhand State Pollution Control Board,Industrial Area,37,45,164,321
382,20-08-04,Jharkhand,Jamshedpur,"Golmuri Vehicle Testing Centre, Jamshedpur",Jharkhand State Pollution Control Board,Industrial Area,27,45,116,238
382,24-08-04,Jharkhand,Jamshedpur,"Golmuri Vehicle Testing Centre, Jamshedpur",Jharkhand State Pollution Control Board,Industrial Area,35,45,197,378
382,27-08-04,Jharkhand,Jamshedpur,"Golmuri Vehicle Testing Centre, Jamshedpur",Jharkhand State Pollution Control Board,Industrial Area,35,49,171,307
382,31-08-04,Jharkhand,Jamshedpur,"Golmuri Vehicle Testing Centre, Jamshedpur",Jharkhand State Pollution Control Board,Industrial Area,39,43,197,355
382,9/3/2004,Jharkhand,Jamshedpur,"Golmuri Vehicle Testing Centre, Jamshedpur",Jharkhand State Pollution Control Board,Industrial Area,39,51,197,345
382,9/8/2004,Jharkhand,Jamshedpur,"Golmuri Vehicle Testing Centre, Jamshedpur",Jharkhand State Pollution Control Board,Industrial Area,38,54,150,283
382,9/10/2004,Jharkhand,Jamshedpur,"Golmuri Vehicle Testing Centre, Jamshedpur",Jharkhand State Pollution Control Board,Industrial Area,38,51,160,329
382,14-09-04,Jharkhand,Jamshedpur,"Golmuri Vehicle Testing Centre, Jamshedpur",Jharkhand State Pollution Control Board,Industrial Area,34,50,126,221
382,17-09-04,Jharkhand,Jamshedpur,"Golmuri Vehicle Testing Centre, Jamshedpur",Jharkhand State Pollution Control Board,Industrial Area,39,50,148,255
382,21-09-04,Jharkhand,Jamshedpur,"Golmuri Vehicle Testing Centre, Jamshedpur",Jharkhand State Pollution Control Board,Industrial Area,40,52,168,284
382,25-09-04,Jharkhand,Jamshedpur,"Golmuri Vehicle Testing Centre, Jamshedpur",Jharkhand State Pollution Control Board,Industrial Area,37,51,163,255
382,28-09-04,Jharkhand,Jamshedpur,"Golmuri Vehicle Testing Centre, Jamshedpur",Jharkhand State Pollution Control Board,Industrial Area,40,54,166,263
382,10/5/2004,Jharkhand,Jamshedpur,"Golmuri Vehicle Testing Centre, Jamshedpur",Jharkhand State Pollution Control Board,Industrial Area,41,53,167,262
382,10/8/2004,Jharkhand,Jamshedpur,"Golmuri Vehicle Testing Centre, Jamshedpur",Jharkhand State Pollution Control Board,Industrial Area,44,58,179,245
382,10/12/2004,Jharkhand,Jamshedpur,"Golmuri Vehicle Testing Centre, Jamshedpur",Jharkhand State Pollution Control Board,Industrial Area,38,52,178,271
382,16-10-04,Jharkhand,Jamshedpur,"Golmuri Vehicle Testing Centre, Jamshedpur",Jharkhand State Pollution Control Board,Industrial Area,37,50,167,271
382,27-10-04,Jharkhand,Jamshedpur,"Golmuri Vehicle Testing Centre, Jamshedpur",Jharkhand State Pollution Control Board,Industrial Area,43,56,198,291
382,30-10-04,Jharkhand,Jamshedpur,"Golmuri Vehicle Testing Centre, Jamshedpur",Jharkhand State Pollution Control Board,Industrial Area,48,48,204,302
382,11/2/2004,Jharkhand,Jamshedpur,"Golmuri Vehicle Testing Centre, Jamshedpur",Jharkhand State Pollution Control Board,Industrial Area,41,52,176,284
382,11/5/2004,Jharkhand,Jamshedpur,"Golmuri Vehicle Testing Centre, Jamshedpur",Jharkhand State Pollution Control Board,Industrial Area,37,58,183,284
382,11/9/2004,Jharkhand,Jamshedpur,"Golmuri Vehicle Testing Centre, Jamshedpur",Jharkhand State Pollution Control Board,Industrial Area,42,57,155,263
382,11/11/2004,Jharkhand,Jamshedpur,"Golmuri Vehicle Testing Centre, Jamshedpur",Jharkhand State Pollution Control Board,Industrial Area,39,67,120,147
382,16-11-04,Jharkhand,Jamshedpur,"Golmuri Vehicle Testing Centre, Jamshedpur",Jharkhand State Pollution Control Board,Industrial Area,39,54,188,292
382,23-11-04,Jharkhand,Jamshedpur,"Golmuri Vehicle Testing Centre, Jamshedpur",Jharkhand State Pollution Control Board,Industrial Area,41,56,137,220
382,27-11-04,Jharkhand,Jamshedpur,"Golmuri Vehicle Testing Centre, Jamshedpur",Jharkhand State Pollution Control Board,Industrial Area,37,52,167,251
382,12/3/2004,Jharkhand,Jamshedpur,"Golmuri Vehicle Testing Centre, Jamshedpur",Jharkhand State Pollution Control Board,Industrial Area,35,48,195,298
382,12/6/2004,Jharkhand,Jamshedpur,"Golmuri Vehicle Testing Centre, Jamshedpur",Jharkhand State Pollution Control Board,Industrial Area,39,51,190,292
382,12/9/2004,Jharkhand,Jamshedpur,"Golmuri Vehicle Testing Centre, Jamshedpur",Jharkhand State Pollution Control Board,Industrial Area,39,51,184,301
382,13-12-04,Jharkhand,Jamshedpur,"Golmuri Vehicle Testing Centre, Jamshedpur",Jharkhand State Pollution Control Board,Industrial Area,36,48,198,305
382,16-12-04,Jharkhand,Jamshedpur,"Golmuri Vehicle Testing Centre, Jamshedpur",Jharkhand State Pollution Control Board,Industrial Area,35,62,189,296
382,20-12-04,Jharkhand,Jamshedpur,"Golmuri Vehicle Testing Centre, Jamshedpur",Jharkhand State Pollution Control Board,Industrial Area,38,51,203,305
382,23-12-04,Jharkhand,Jamshedpur,"Golmuri Vehicle Testing Centre, Jamshedpur",Jharkhand State Pollution Control Board,Industrial Area,38,51,201,312
382,27-12-04,Jharkhand,Jamshedpur,"Golmuri Vehicle Testing Centre, Jamshedpur",Jharkhand State Pollution Control Board,Industrial Area,35,48,209,313
382,30-12-04,Jharkhand,Jamshedpur,"Golmuri Vehicle Testing Centre, Jamshedpur",Jharkhand State Pollution Control Board,Industrial Area,38,51,205,319
