Stn Code,Sampling Date,State,City/Town/Village/Area,Location of Monitoring Station,Agency,Type of Location,SO2,NO2,RSPM/PM10,SPM
64,1/3/2004,Puducherry,Pondicherry,"DSTC Office Upstairs, PHB 3rd Floor, AnnaNagar. Pondicherry-5.",Puducherry Pollution Conrol Committee,"Residential, Rural and other Areas",21,16,41,51
64,1/7/2004,Puducherry,Pondicherry,"DSTC Office Upstairs, PHB 3rd Floor, AnnaNagar. Pondicherry-5.",Puducherry Pollution Conrol Committee,"Residential, Rural and other Areas",24,19,73,73
64,1/10/2004,Puducherry,Pondicherry,"DSTC Office Upstairs, PHB 3rd Floor, AnnaNagar. Pondicherry-5.",Puducherry Pollution Conrol Committee,"Residential, Rural and other Areas",28,19,66,68
64,14-01-04,Puducherry,Pondicherry,"DSTC Office Upstairs, PHB 3rd Floor, AnnaNagar. Pondicherry-5.",Puducherry Pollution Conrol Committee,"Residential, Rural and other Areas",27,17,51,58
64,17-01-04,Puducherry,Pondicherry,"DSTC Office Upstairs, PHB 3rd Floor, AnnaNagar. Pondicherry-5.",Puducherry Pollution Conrol Committee,"Residential, Rural and other Areas",26,19,62,66
64,21-01-04,Puducherry,Pondicherry,"DSTC Office Upstairs, PHB 3rd Floor, AnnaNagar. Pondicherry-5.",Puducherry Pollution Conrol Committee,"Residential, Rural and other Areas",23,18,68,69
64,24-01-04,Puducherry,Pondicherry,"DSTC Office Upstairs, PHB 3rd Floor, AnnaNagar. Pondicherry-5.",Puducherry Pollution Conrol Committee,"Residential, Rural and other Areas",23,18,47,56
64,28-01-04,Puducherry,Pondicherry,"DSTC Office Upstairs, PHB 3rd Floor, AnnaNagar. Pondicherry-5.",Puducherry Pollution Conrol Committee,"Residential, Rural and other Areas",24,17,82,80
64,31-01-04,Puducherry,Pondicherry,"DSTC Office Upstairs, PHB 3rd Floor, AnnaNagar. Pondicherry-5.",Puducherry Pollution Conrol Committee,"Residential, Rural and other Areas",24,16,45,53
64,2/4/2004,Puducherry,Pondicherry,"DSTC Office Upstairs, PHB 3rd Floor, AnnaNagar. Pondicherry-5.",Puducherry Pollution Conrol Committee,"Residential, Rural and other Areas",25,18,49,56
64,2/7/2004,Puducherry,Pondicherry,"DSTC Office Upstairs, PHB 3rd Floor, AnnaNagar. Pondicherry-5.",Puducherry Pollution Conrol Committee,"Residential, Rural and other Areas",21,15,54,60
64,2/11/2004,Puducherry,Pondicherry,"DSTC Office Upstairs, PHB 3rd Floor, AnnaNagar. Pondicherry-5.",Puducherry Pollution Conrol Committee,"Residential, Rural and other Areas",24,18,40,52
64,14-02-04,Puducherry,Pondicherry,"DSTC Office Upstairs, PHB 3rd Floor, AnnaNagar. Pondicherry-5.",Puducherry Pollution Conrol Committee,"Residential, Rural and other Areas",23,15,31,44
64,18-02-04,Puducherry,Pondicherry,"DSTC Office Upstairs, PHB 3rd Floor, AnnaNagar. Pondicherry-5.",Puducherry Pollution Conrol Committee,"Residential, Rural and other Areas",20,14,56,61
64,21-02-04,Puducherry,Pondicherry,"DSTC Office Upstairs, PHB 3rd Floor, AnnaNagar. Pondicherry-5.",Puducherry Pollution Conrol Committee,"Residential, Rural and other Areas",22,14,50,56
64,25-02-04,Puducherry,Pondicherry,"DSTC Office Upstairs, PHB 3rd Floor, AnnaNagar. Pondicherry-5.",Puducherry Pollution Conrol Committee,"Residential, Rural and other Areas",25,18,55,60
64,28-02-04,Puducherry,Pondicherry,"DSTC Office Upstairs, PHB 3rd Floor, AnnaNagar. Pondicherry-5.",Puducherry Pollution Conrol Committee,"Residential, Rural and other Areas",23,15,38,50
64,3/3/2004,Puducherry,Pondicherry,"DSTC Office Upstairs, PHB 3rd Floor, AnnaNagar. Pondicherry-5.",Puducherry Pollution Conrol Committee,"Residential, Rural and other Areas",22,19,41,49
64,3/6/2004,Puducherry,Pondicherry,"DSTC Office Upstairs, PHB 3rd Floor, AnnaNagar. Pondicherry-5.",Puducherry Pollution Conrol Committee,"Residential, Rural and other Areas",29,19,50,57
64,3/10/2004,Puducherry,Pondicherry,"DSTC Office Upstairs, PHB 3rd Floor, AnnaNagar. Pondicherry-5.",Puducherry Pollution Conrol Committee,"Residential, Rural and other Areas",27,19,45,55
64,13-03-04,Puducherry,Pondicherry,"DSTC Office Upstairs, PHB 3rd Floor, AnnaNagar. Pondicherry-5.",Puducherry Pollution Conrol Committee,"Residential, Rural and other Areas",28,23,52,57
64,17-03-04,Puducherry,Pondicherry,"DSTC Office Upstairs, PHB 3rd Floor, AnnaNagar. Pondicherry-5.",Puducherry Pollution Conrol Committee,"Residential, Rural and other Areas",27,20,45,54
64,20-03-04,Puducherry,Pondicherry,"DSTC Office Upstairs, PHB 3rd Floor, AnnaNagar. Pondicherry-5.",Puducherry Pollution Conrol Committee,"Residential, Rural and other Areas",25,18,58,65
64,24-03-04,Puducherry,Pondicherry,"DSTC Office Upstairs, PHB 3rd Floor, AnnaNagar. Pondicherry-5.",Puducherry Pollution Conrol Committee,"Residential, Rural and other Areas",27,19,55,64
64,27-03-04,Puducherry,Pondicherry,"DSTC Office Upstairs, PHB 3rd Floor, AnnaNagar. Pondicherry-5.",Puducherry Pollution Conrol Committee,"Residential, Rural and other Areas",26,19,60,65
64,31-03-04,Puducherry,Pondicherry,"DSTC Office Upstairs, PHB 3rd Floor, AnnaNagar. Pondicherry-5.",Puducherry Pollution Conrol Committee,"Residential, Rural and other Areas",23,16,37,50
64,4/3/2004,Puducherry,Pondicherry,"DSTC Office Upstairs, PHB 3rd Floor, AnnaNagar. Pondicherry-5.",Puducherry Pollution Conrol Committee,"Residential, Rural and other Areas",24,18,40,51
64,4/7/2004,Puducherry,Pondicherry,"DSTC Office Upstairs, PHB 3rd Floor, AnnaNagar. Pondicherry-5.",Puducherry Pollution Conrol Committee,"Residential, Rural and other Areas",23,19,48,57
64,4/10/2004,Puducherry,Pondicherry,"DSTC Office Upstairs, PHB 3rd Floor, AnnaNagar. Pondicherry-5.",Puducherry Pollution Conrol Committee,"Residential, Rural and other Areas",29,19,49,59
64,17-04-04,Puducherry,Pondicherry,"DSTC Office Upstairs, PHB 3rd Floor, AnnaNagar. Pondicherry-5.",Puducherry Pollution Conrol Committee,"Residential, Rural and other Areas",26,18,57,66
64,21-04-04,Puducherry,Pondicherry,"DSTC Office Upstairs, PHB 3rd Floor, AnnaNagar. Pondicherry-5.",Puducherry Pollution Conrol Committee,"Residential, Rural and other Areas",23,17,61,72
64,24-04-04,Puducherry,Pondicherry,"DSTC Office Upstairs, PHB 3rd Floor, AnnaNagar. Pondicherry-5.",Puducherry Pollution Conrol Committee,"Residential, Rural and other Areas",23,19,52,61
64,28-04-04,Puducherry,Pondicherry,"DSTC Office Upstairs, PHB 3rd Floor, AnnaNagar. Pondicherry-5.",Puducherry Pollution Conrol Committee,"Residential, Rural and other Areas",20,19,47,64
64,5/5/2004,Puducherry,Pondicherry,"DSTC Office Upstairs, PHB 3rd Floor, AnnaNagar. Pondicherry-5.",Puducherry Pollution Conrol Committee,"Residential, Rural and other Areas",21,17,46,54
64,5/8/2004,Puducherry,Pondicherry,"DSTC Office Upstairs, PHB 3rd Floor, AnnaNagar. Pondicherry-5.",Puducherry Pollution Conrol Committee,"Residential, Rural and other Areas",19,18,45,55
64,5/12/2004,Puducherry,Pondicherry,"DSTC Office Upstairs, PHB 3rd Floor, AnnaNagar. Pondicherry-5.",Puducherry Pollution Conrol Committee,"Residential, Rural and other Areas",17,13,37,52
64,15-05-04,Puducherry,Pondicherry,"DSTC Office Upstairs, PHB 3rd Floor, AnnaNagar. Pondicherry-5.",Puducherry Pollution Conrol Committee,"Residential, Rural and other Areas",16,10,50,57
64,19-05-04,Puducherry,Pondicherry,"DSTC Office Upstairs, PHB 3rd Floor, AnnaNagar. Pondicherry-5.",Puducherry Pollution Conrol Committee,"Residential, Rural and other Areas",20,15,53,63
64,22-05-04,Puducherry,Pondicherry,"DSTC Office Upstairs, PHB 3rd Floor, AnnaNagar. Pondicherry-5.",Puducherry Pollution Conrol Committee,"Residential, Rural and other Areas",14,14,56,67
64,26-05-04,Puducherry,Pondicherry,"DSTC Office Upstairs, PHB 3rd Floor, AnnaNagar. Pondicherry-5.",Puducherry Pollution Conrol Committee,"Residential, Rural and other Areas",21,16,53,64
64,29-05-04,Puducherry,Pondicherry,"DSTC Office Upstairs, PHB 3rd Floor, AnnaNagar. Pondicherry-5.",Puducherry Pollution Conrol Committee,"Residential, Rural and other Areas",24,16,53,63
64,6/2/2004,Puducherry,Pondicherry,"DSTC Office Upstairs, PHB 3rd Floor, AnnaNagar. Pondicherry-5.",Puducherry Pollution Conrol Committee,"Residential, Rural and other Areas",18,15,64,69
64,6/5/2004,Puducherry,Pondicherry,"DSTC Office Upstairs, PHB 3rd Floor, AnnaNagar. Pondicherry-5.",Puducherry Pollution Conrol Committee,"Residential, Rural and other Areas",21,16,52,62
64,6/9/2004,Puducherry,Pondicherry,"DSTC Office Upstairs, PHB 3rd Floor, AnnaNagar. Pondicherry-5.",Puducherry Pollution Conrol Committee,"Residential, Rural and other Areas",20,17,68,74
64,6/12/2004,Puducherry,Pondicherry,"DSTC Office Upstairs, PHB 3rd Floor, AnnaNagar. Pondicherry-5.",Puducherry Pollution Conrol Committee,"Residential, Rural and other Areas",21,17,40,55
64,16-06-04,Puducherry,Pondicherry,"DSTC Office Upstairs, PHB 3rd Floor, AnnaNagar. Pondicherry-5.",Puducherry Pollution Conrol Committee,"Residential, Rural and other Areas",21,14,58,67
64,19-06-04,Puducherry,Pondicherry,"DSTC Office Upstairs, PHB 3rd Floor, AnnaNagar. Pondicherry-5.",Puducherry Pollution Conrol Committee,"Residential, Rural and other Areas",20,14,55,67
64,23-06-04,Puducherry,Pondicherry,"DSTC Office Upstairs, PHB 3rd Floor, AnnaNagar. Pondicherry-5.",Puducherry Pollution Conrol Committee,"Residential, Rural and other Areas",19,15,57,68
64,26-06-04,Puducherry,Pondicherry,"DSTC Office Upstairs, PHB 3rd Floor, AnnaNagar. Pondicherry-5.",Puducherry Pollution Conrol Committee,"Residential, Rural and other Areas",18,14,46,60
64,30-06-04,Puducherry,Pondicherry,"DSTC Office Upstairs, PHB 3rd Floor, AnnaNagar. Pondicherry-5.",Puducherry Pollution Conrol Committee,"Residential, Rural and other Areas",22,15,NA,31
64,7/3/2004,Puducherry,Pondicherry,"DSTC Office Upstairs, PHB 3rd Floor, AnnaNagar. Pondicherry-5.",Puducherry Pollution Conrol Committee,"Residential, Rural and other Areas",21,17,NA,38
64,7/7/2004,Puducherry,Pondicherry,"DSTC Office Upstairs, PHB 3rd Floor, AnnaNagar. Pondicherry-5.",Puducherry Pollution Conrol Committee,"Residential, Rural and other Areas",22,18,NA,40
64,7/10/2004,Puducherry,Pondicherry,"DSTC Office Upstairs, PHB 3rd Floor, AnnaNagar. Pondicherry-5.",Puducherry Pollution Conrol Committee,"Residential, Rural and other Areas",24,15,NA,36
64,14-07-04,Puducherry,Pondicherry,"DSTC Office Upstairs, PHB 3rd Floor, AnnaNagar. Pondicherry-5.",Puducherry Pollution Conrol Committee,"Residential, Rural and other Areas",23,15,NA,39
64,17-07-04,Puducherry,Pondicherry,"DSTC Office Upstairs, PHB 3rd Floor, AnnaNagar. Pondicherry-5.",Puducherry Pollution Conrol Committee,"Residential, Rural and other Areas",20,15,NA,45
64,21-07-04,Puducherry,Pondicherry,"DSTC Office Upstairs, PHB 3rd Floor, AnnaNagar. Pondicherry-5.",Puducherry Pollution Conrol Committee,"Residential, Rural and other Areas",20,13,NA,46
64,24-07-04,Puducherry,Pondicherry,"DSTC Office Upstairs, PHB 3rd Floor, AnnaNagar. Pondicherry-5.",Puducherry Pollution Conrol Committee,"Residential, Rural and other Areas",21,15,NA,31
64,28-07-04,Puducherry,Pondicherry,"DSTC Office Upstairs, PHB 3rd Floor, AnnaNagar. Pondicherry-5.",Puducherry Pollution Conrol Committee,"Residential, Rural and other Areas",19,13,NA,36
64,31-07-04,Puducherry,Pondicherry,"DSTC Office Upstairs, PHB 3rd Floor, AnnaNagar. Pondicherry-5.",Puducherry Pollution Conrol Committee,"Residential, Rural and other Areas",20,15,NA,35
64,8/4/2004,Puducherry,Pondicherry,"DSTC Office Upstairs, PHB 3rd Floor, AnnaNagar. Pondicherry-5.",Puducherry Pollution Conrol Committee,"Residential, Rural and other Areas",19,13,NA,36
64,8/7/2004,Puducherry,Pondicherry,"DSTC Office Upstairs, PHB 3rd Floor, AnnaNagar. Pondicherry-5.",Puducherry Pollution Conrol Committee,"Residential, Rural and other Areas",20,15,NA,39
64,8/11/2004,Puducherry,Pondicherry,"DSTC Office Upstairs, PHB 3rd Floor, AnnaNagar. Pondicherry-5.",Puducherry Pollution Conrol Committee,"Residential, Rural and other Areas",19,14,54,62
64,14-08-04,Puducherry,Pondicherry,"DSTC Office Upstairs, PHB 3rd Floor, AnnaNagar. Pondicherry-5.",Puducherry Pollution Conrol Committee,"Residential, Rural and other Areas",21,13,61,67
64,18-08-04,Puducherry,Pondicherry,"DSTC Office Upstairs, PHB 3rd Floor, AnnaNagar. Pondicherry-5.",Puducherry Pollution Conrol Committee,"Residential, Rural and other Areas",20,15,51,58
64,21-08-04,Puducherry,Pondicherry,"DSTC Office Upstairs, PHB 3rd Floor, AnnaNagar. Pondicherry-5.",Puducherry Pollution Conrol Committee,"Residential, Rural and other Areas",22,15,71,74
64,25-08-04,Puducherry,Pondicherry,"DSTC Office Upstairs, PHB 3rd Floor, AnnaNagar. Pondicherry-5.",Puducherry Pollution Conrol Committee,"Residential, Rural and other Areas",18,13,62,66
64,9/1/2004,Puducherry,Pondicherry,"DSTC Office Upstairs, PHB 3rd Floor, AnnaNagar. Pondicherry-5.",Puducherry Pollution Conrol Committee,"Residential, Rural and other Areas",19,13,58,67
64,9/4/2004,Puducherry,Pondicherry,"DSTC Office Upstairs, PHB 3rd Floor, AnnaNagar. Pondicherry-5.",Puducherry Pollution Conrol Committee,"Residential, Rural and other Areas",17,14,67,75
64,9/8/2004,Puducherry,Pondicherry,"DSTC Office Upstairs, PHB 3rd Floor, AnnaNagar. Pondicherry-5.",Puducherry Pollution Conrol Committee,"Residential, Rural and other Areas",18,13,71,76
64,9/11/2004,Puducherry,Pondicherry,"DSTC Office Upstairs, PHB 3rd Floor, AnnaNagar. Pondicherry-5.",Puducherry Pollution Conrol Committee,"Residential, Rural and other Areas",21,13,67,73
64,15-09-04,Puducherry,Pondicherry,"DSTC Office Upstairs, PHB 3rd Floor, AnnaNagar. Pondicherry-5.",Puducherry Pollution Conrol Committee,"Residential, Rural and other Areas",20,15,63,67
64,22-09-04,Puducherry,Pondicherry,"DSTC Office Upstairs, PHB 3rd Floor, AnnaNagar. Pondicherry-5.",Puducherry Pollution Conrol Committee,"Residential, Rural and other Areas",15,13,65,70
64,25-09-04,Puducherry,Pondicherry,"DSTC Office Upstairs, PHB 3rd Floor, AnnaNagar. Pondicherry-5.",Puducherry Pollution Conrol Committee,"Residential, Rural and other Areas",20,15,69,75
64,29-09-04,Puducherry,Pondicherry,"DSTC Office Upstairs, PHB 3rd Floor, AnnaNagar. Pondicherry-5.",Puducherry Pollution Conrol Committee,"Residential, Rural and other Areas",22,15,65,70
64,10/6/2004,Puducherry,Pondicherry,"DSTC Office Upstairs, PHB 3rd Floor, AnnaNagar. Pondicherry-5.",Puducherry Pollution Conrol Committee,"Residential, Rural and other Areas",18,12,69,74
64,10/9/2004,Puducherry,Pondicherry,"DSTC Office Upstairs, PHB 3rd Floor, AnnaNagar. Pondicherry-5.",Puducherry Pollution Conrol Committee,"Residential, Rural and other Areas",15,12,68,73
64,13-10-04,Puducherry,Pondicherry,"DSTC Office Upstairs, PHB 3rd Floor, AnnaNagar. Pondicherry-5.",Puducherry Pollution Conrol Committee,"Residential, Rural and other Areas",16,13,67,72
64,16-10-04,Puducherry,Pondicherry,"DSTC Office Upstairs, PHB 3rd Floor, AnnaNagar. Pondicherry-5.",Puducherry Pollution Conrol Committee,"Residential, Rural and other Areas",18,13,59,68
64,20-10-04,Puducherry,Pondicherry,"DSTC Office Upstairs, PHB 3rd Floor, AnnaNagar. Pondicherry-5.",Puducherry Pollution Conrol Committee,"Residential, Rural and other Areas",17,14,44,53
64,27-10-04,Puducherry,Pondicherry,"DSTC Office Upstairs, PHB 3rd Floor, AnnaNagar. Pondicherry-5.",Puducherry Pollution Conrol Committee,"Residential, Rural and other Areas",13,11,23,31
64,11/3/2004,Puducherry,Pondicherry,"DSTC Office Upstairs, PHB 3rd Floor, AnnaNagar. Pondicherry-5.",Puducherry Pollution Conrol Committee,"Residential, Rural and other Areas",17,13,68,73
64,11/10/2004,Puducherry,Pondicherry,"DSTC Office Upstairs, PHB 3rd Floor, AnnaNagar. Pondicherry-5.",Puducherry Pollution Conrol Committee,"Residential, Rural and other Areas",13,13,40,53
64,13-11-04,Puducherry,Pondicherry,"DSTC Office Upstairs, PHB 3rd Floor, AnnaNagar. Pondicherry-5.",Puducherry Pollution Conrol Committee,"Residential, Rural and other Areas",16,13,50,57
64,17-11-04,Puducherry,Pondicherry,"DSTC Office Upstairs, PHB 3rd Floor, AnnaNagar. Pondicherry-5.",Puducherry Pollution Conrol Committee,"Residential, Rural and other Areas",19,16,47,59
64,20-11-04,Puducherry,Pondicherry,"DSTC Office Upstairs, PHB 3rd Floor, AnnaNagar. Pondicherry-5.",Puducherry Pollution Conrol Committee,"Residential, Rural and other Areas",19,15,61,68
64,24-11-04,Puducherry,Pondicherry,"DSTC Office Upstairs, PHB 3rd Floor, AnnaNagar. Pondicherry-5.",Puducherry Pollution Conrol Committee,"Residential, Rural and other Areas",21,15,58,57
64,27-11-04,Puducherry,Pondicherry,"DSTC Office Upstairs, PHB 3rd Floor, AnnaNagar. Pondicherry-5.",Puducherry Pollution Conrol Committee,"Residential, Rural and other Areas",19,16,56,64
64,12/1/2004,Puducherry,Pondicherry,"DSTC Office Upstairs, PHB 3rd Floor, AnnaNagar. Pondicherry-5.",Puducherry Pollution Conrol Committee,"Residential, Rural and other Areas",15,13,39,43
64,12/4/2004,Puducherry,Pondicherry,"DSTC Office Upstairs, PHB 3rd Floor, AnnaNagar. Pondicherry-5.",Puducherry Pollution Conrol Committee,"Residential, Rural and other Areas",17,14,47,58
64,12/8/2004,Puducherry,Pondicherry,"DSTC Office Upstairs, PHB 3rd Floor, AnnaNagar. Pondicherry-5.",Puducherry Pollution Conrol Committee,"Residential, Rural and other Areas",19,15,46,58
64,12/11/2004,Puducherry,Pondicherry,"DSTC Office Upstairs, PHB 3rd Floor, AnnaNagar. Pondicherry-5.",Puducherry Pollution Conrol Committee,"Residential, Rural and other Areas",18,14,53,62
64,15-12-04,Puducherry,Pondicherry,"DSTC Office Upstairs, PHB 3rd Floor, AnnaNagar. Pondicherry-5.",Puducherry Pollution Conrol Committee,"Residential, Rural and other Areas",16,14,56,65
64,18-12-04,Puducherry,Pondicherry,"DSTC Office Upstairs, PHB 3rd Floor, AnnaNagar. Pondicherry-5.",Puducherry Pollution Conrol Committee,"Residential, Rural and other Areas",18,15,52,63
64,22-12-04,Puducherry,Pondicherry,"DSTC Office Upstairs, PHB 3rd Floor, AnnaNagar. Pondicherry-5.",Puducherry Pollution Conrol Committee,"Residential, Rural and other Areas",20,15,44,54
64,29-12-04,Puducherry,Pondicherry,"DSTC Office Upstairs, PHB 3rd Floor, AnnaNagar. Pondicherry-5.",Puducherry Pollution Conrol Committee,"Residential, Rural and other Areas",21,17,51,62
93,1/2/2004,Puducherry,Pondicherry,"PIPDIC Ind. Estate Mettupalayam, Pondicherry",Puducherry Pollution Conrol Committee,Industrial Area,25,17,71,76
93,1/6/2004,Puducherry,Pondicherry,"PIPDIC Ind. Estate Mettupalayam, Pondicherry",Puducherry Pollution Conrol Committee,Industrial Area,29,18,80,78
93,1/9/2004,Puducherry,Pondicherry,"PIPDIC Ind. Estate Mettupalayam, Pondicherry",Puducherry Pollution Conrol Committee,Industrial Area,23,23,74,80
93,13-01-04,Puducherry,Pondicherry,"PIPDIC Ind. Estate Mettupalayam, Pondicherry",Puducherry Pollution Conrol Committee,Industrial Area,22,24,69,68
93,16-01-04,Puducherry,Pondicherry,"PIPDIC Ind. Estate Mettupalayam, Pondicherry",Puducherry Pollution Conrol Committee,Industrial Area,12,23,69,74
93,20-01-04,Puducherry,Pondicherry,"PIPDIC Ind. Estate Mettupalayam, Pondicherry",Puducherry Pollution Conrol Committee,Industrial Area,15,18,68,69
93,23-01-04,Puducherry,Pondicherry,"PIPDIC Ind. Estate Mettupalayam, Pondicherry",Puducherry Pollution Conrol Committee,Industrial Area,20,23,74,76
93,27-01-04,Puducherry,Pondicherry,"PIPDIC Ind. Estate Mettupalayam, Pondicherry",Puducherry Pollution Conrol Committee,Industrial Area,20,13,65,68
93,30-01-04,Puducherry,Pondicherry,"PIPDIC Ind. Estate Mettupalayam, Pondicherry",Puducherry Pollution Conrol Committee,Industrial Area,23,19,64,67
93,2/3/2004,Puducherry,Pondicherry,"PIPDIC Ind. Estate Mettupalayam, Pondicherry",Puducherry Pollution Conrol Committee,Industrial Area,27,20,58,61
93,2/6/2004,Puducherry,Pondicherry,"PIPDIC Ind. Estate Mettupalayam, Pondicherry",Puducherry Pollution Conrol Committee,Industrial Area,29,22,58,59
93,2/10/2004,Puducherry,Pondicherry,"PIPDIC Ind. Estate Mettupalayam, Pondicherry",Puducherry Pollution Conrol Committee,Industrial Area,26,21,58,62
93,13-02-04,Puducherry,Pondicherry,"PIPDIC Ind. Estate Mettupalayam, Pondicherry",Puducherry Pollution Conrol Committee,Industrial Area,31,26,61,65
93,17-02-04,Puducherry,Pondicherry,"PIPDIC Ind. Estate Mettupalayam, Pondicherry",Puducherry Pollution Conrol Committee,Industrial Area,26,21,65,69
93,20-02-04,Puducherry,Pondicherry,"PIPDIC Ind. Estate Mettupalayam, Pondicherry",Puducherry Pollution Conrol Committee,Industrial Area,29,21,60,64
93,24-02-04,Puducherry,Pondicherry,"PIPDIC Ind. Estate Mettupalayam, Pondicherry",Puducherry Pollution Conrol Committee,Industrial Area,26,24,59,63
93,27-02-04,Puducherry,Pondicherry,"PIPDIC Ind. Estate Mettupalayam, Pondicherry",Puducherry Pollution Conrol Committee,Industrial Area,24,26,54,61
93,3/5/2004,Puducherry,Pondicherry,"PIPDIC Ind. Estate Mettupalayam, Pondicherry",Puducherry Pollution Conrol Committee,Industrial Area,23,21,63,63
93,3/9/2004,Puducherry,Pondicherry,"PIPDIC Ind. Estate Mettupalayam, Pondicherry",Puducherry Pollution Conrol Committee,Industrial Area,21,25,80,77
93,3/12/2004,Puducherry,Pondicherry,"PIPDIC Ind. Estate Mettupalayam, Pondicherry",Puducherry Pollution Conrol Committee,Industrial Area,22,21,64,65
93,16-03-04,Puducherry,Pondicherry,"PIPDIC Ind. Estate Mettupalayam, Pondicherry",Puducherry Pollution Conrol Committee,Industrial Area,21,23,70,68
93,19-03-04,Puducherry,Pondicherry,"PIPDIC Ind. Estate Mettupalayam, Pondicherry",Puducherry Pollution Conrol Committee,Industrial Area,23,20,102,97
93,23-03-04,Puducherry,Pondicherry,"PIPDIC Ind. Estate Mettupalayam, Pondicherry",Puducherry Pollution Conrol Committee,Industrial Area,29,22,67,67
93,26-03-04,Puducherry,Pondicherry,"PIPDIC Ind. Estate Mettupalayam, Pondicherry",Puducherry Pollution Conrol Committee,Industrial Area,12,22,90,82
93,30-03-04,Puducherry,Pondicherry,"PIPDIC Ind. Estate Mettupalayam, Pondicherry",Puducherry Pollution Conrol Committee,Industrial Area,22,16,87,85
93,4/2/2004,Puducherry,Pondicherry,"PIPDIC Ind. Estate Mettupalayam, Pondicherry",Puducherry Pollution Conrol Committee,Industrial Area,27,22,57,63
93,4/6/2004,Puducherry,Pondicherry,"PIPDIC Ind. Estate Mettupalayam, Pondicherry",Puducherry Pollution Conrol Committee,Industrial Area,18,18,73,76
93,13-04-04,Puducherry,Pondicherry,"PIPDIC Ind. Estate Mettupalayam, Pondicherry",Puducherry Pollution Conrol Committee,Industrial Area,25,25,78,76
93,16-04-04,Puducherry,Pondicherry,"PIPDIC Ind. Estate Mettupalayam, Pondicherry",Puducherry Pollution Conrol Committee,Industrial Area,24,17,90,83
93,20-04-04,Puducherry,Pondicherry,"PIPDIC Ind. Estate Mettupalayam, Pondicherry",Puducherry Pollution Conrol Committee,Industrial Area,27,25,87,68
93,23-04-04,Puducherry,Pondicherry,"PIPDIC Ind. Estate Mettupalayam, Pondicherry",Puducherry Pollution Conrol Committee,Industrial Area,25,21,108,102
93,27-04-04,Puducherry,Pondicherry,"PIPDIC Ind. Estate Mettupalayam, Pondicherry",Puducherry Pollution Conrol Committee,Industrial Area,23,26,64,66
93,30-04-04,Puducherry,Pondicherry,"PIPDIC Ind. Estate Mettupalayam, Pondicherry",Puducherry Pollution Conrol Committee,Industrial Area,18,18,65,71
93,5/4/2004,Puducherry,Pondicherry,"PIPDIC Ind. Estate Mettupalayam, Pondicherry",Puducherry Pollution Conrol Committee,Industrial Area,23,16,71,68
93,5/7/2004,Puducherry,Pondicherry,"PIPDIC Ind. Estate Mettupalayam, Pondicherry",Puducherry Pollution Conrol Committee,Industrial Area,16,23,63,64
93,5/11/2004,Puducherry,Pondicherry,"PIPDIC Ind. Estate Mettupalayam, Pondicherry",Puducherry Pollution Conrol Committee,Industrial Area,16,20,72,71
93,14-05-04,Puducherry,Pondicherry,"PIPDIC Ind. Estate Mettupalayam, Pondicherry",Puducherry Pollution Conrol Committee,Industrial Area,18,21,57,62
93,18-05-04,Puducherry,Pondicherry,"PIPDIC Ind. Estate Mettupalayam, Pondicherry",Puducherry Pollution Conrol Committee,Industrial Area,18,18,61,66
93,21-05-04,Puducherry,Pondicherry,"PIPDIC Ind. Estate Mettupalayam, Pondicherry",Puducherry Pollution Conrol Committee,Industrial Area,32,27,62,67
93,25-05-04,Puducherry,Pondicherry,"PIPDIC Ind. Estate Mettupalayam, Pondicherry",Puducherry Pollution Conrol Committee,Industrial Area,16,20,73,74
93,28-05-04,Puducherry,Pondicherry,"PIPDIC Ind. Estate Mettupalayam, Pondicherry",Puducherry Pollution Conrol Committee,Industrial Area,25,19,54,59
93,6/1/2004,Puducherry,Pondicherry,"PIPDIC Ind. Estate Mettupalayam, Pondicherry",Puducherry Pollution Conrol Committee,Industrial Area,28,20,79,84
93,6/4/2004,Puducherry,Pondicherry,"PIPDIC Ind. Estate Mettupalayam, Pondicherry",Puducherry Pollution Conrol Committee,Industrial Area,32,23,86,87
93,6/8/2004,Puducherry,Pondicherry,"PIPDIC Ind. Estate Mettupalayam, Pondicherry",Puducherry Pollution Conrol Committee,Industrial Area,27,21,108,102
93,6/11/2004,Puducherry,Pondicherry,"PIPDIC Ind. Estate Mettupalayam, Pondicherry",Puducherry Pollution Conrol Committee,Industrial Area,30,21,65,67
93,15-06-04,Puducherry,Pondicherry,"PIPDIC Ind. Estate Mettupalayam, Pondicherry",Puducherry Pollution Conrol Committee,Industrial Area,26,21,96,88
93,18-06-04,Puducherry,Pondicherry,"PIPDIC Ind. Estate Mettupalayam, Pondicherry",Puducherry Pollution Conrol Committee,Industrial Area,28,23,56,61
93,22-06-04,Puducherry,Pondicherry,"PIPDIC Ind. Estate Mettupalayam, Pondicherry",Puducherry Pollution Conrol Committee,Industrial Area,31,26,55,59
93,25-06-04,Puducherry,Pondicherry,"PIPDIC Ind. Estate Mettupalayam, Pondicherry",Puducherry Pollution Conrol Committee,Industrial Area,26,20,72,76
93,29-06-04,Puducherry,Pondicherry,"PIPDIC Ind. Estate Mettupalayam, Pondicherry",Puducherry Pollution Conrol Committee,Industrial Area,31,21,73,76
93,7/2/2004,Puducherry,Pondicherry,"PIPDIC Ind. Estate Mettupalayam, Pondicherry",Puducherry Pollution Conrol Committee,Industrial Area,22,26,85,86
93,7/6/2004,Puducherry,Pondicherry,"PIPDIC Ind. Estate Mettupalayam, Pondicherry",Puducherry Pollution Conrol Committee,Industrial Area,29,19,95,92
93,7/9/2004,Puducherry,Pondicherry,"PIPDIC Ind. Estate Mettupalayam, Pondicherry",Puducherry Pollution Conrol Committee,Industrial Area,25,24,69,76
93,13-07-04,Puducherry,Pondicherry,"PIPDIC Ind. Estate Mettupalayam, Pondicherry",Puducherry Pollution Conrol Committee,Industrial Area,24,25,64,66
93,16-07-04,Puducherry,Pondicherry,"PIPDIC Ind. Estate Mettupalayam, Pondicherry",Puducherry Pollution Conrol Committee,Industrial Area,23,16,63,61
93,20-07-04,Puducherry,Pondicherry,"PIPDIC Ind. Estate Mettupalayam, Pondicherry",Puducherry Pollution Conrol Committee,Industrial Area,16,23,71,75
93,23-07-04,Puducherry,Pondicherry,"PIPDIC Ind. Estate Mettupalayam, Pondicherry",Puducherry Pollution Conrol Committee,Industrial Area,16,20,72,71
93,27-07-04,Puducherry,Pondicherry,"PIPDIC Ind. Estate Mettupalayam, Pondicherry",Puducherry Pollution Conrol Committee,Industrial Area,18,18,61,66
93,30-07-04,Puducherry,Pondicherry,"PIPDIC Ind. Estate Mettupalayam, Pondicherry",Puducherry Pollution Conrol Committee,Industrial Area,18,21,64,67
93,8/3/2004,Puducherry,Pondicherry,"PIPDIC Ind. Estate Mettupalayam, Pondicherry",Puducherry Pollution Conrol Committee,Industrial Area,16,20,64,67
93,8/6/2004,Puducherry,Pondicherry,"PIPDIC Ind. Estate Mettupalayam, Pondicherry",Puducherry Pollution Conrol Committee,Industrial Area,28,23,48,49
93,8/10/2004,Puducherry,Pondicherry,"PIPDIC Ind. Estate Mettupalayam, Pondicherry",Puducherry Pollution Conrol Committee,Industrial Area,25,17,68,66
93,13-08-04,Puducherry,Pondicherry,"PIPDIC Ind. Estate Mettupalayam, Pondicherry",Puducherry Pollution Conrol Committee,Industrial Area,25,19,267,68
93,17-08-04,Puducherry,Pondicherry,"PIPDIC Ind. Estate Mettupalayam, Pondicherry",Puducherry Pollution Conrol Committee,Industrial Area,23,18,49,51
93,20-08-04,Puducherry,Pondicherry,"PIPDIC Ind. Estate Mettupalayam, Pondicherry",Puducherry Pollution Conrol Committee,Industrial Area,34,25,40,49
93,24-08-04,Puducherry,Pondicherry,"PIPDIC Ind. Estate Mettupalayam, Pondicherry",Puducherry Pollution Conrol Committee,Industrial Area,26,22,54,57
93,27-08-04,Puducherry,Pondicherry,"PIPDIC Ind. Estate Mettupalayam, Pondicherry",Puducherry Pollution Conrol Committee,Industrial Area,18,18,55,62
93,31-08-04,Puducherry,Pondicherry,"PIPDIC Ind. Estate Mettupalayam, Pondicherry",Puducherry Pollution Conrol Committee,Industrial Area,22,26,85,86
93,9/3/2004,Puducherry,Pondicherry,"PIPDIC Ind. Estate Mettupalayam, Pondicherry",Puducherry Pollution Conrol Committee,Industrial Area,22,26,72,73
93,9/7/2004,Puducherry,Pondicherry,"PIPDIC Ind. Estate Mettupalayam, Pondicherry",Puducherry Pollution Conrol Committee,Industrial Area,28,16,72,70
93,9/10/2004,Puducherry,Pondicherry,"PIPDIC Ind. Estate Mettupalayam, Pondicherry",Puducherry Pollution Conrol Committee,Industrial Area,36,21,84,79
93,14-09-04,Puducherry,Pondicherry,"PIPDIC Ind. Estate Mettupalayam, Pondicherry",Puducherry Pollution Conrol Committee,Industrial Area,29,25,70,70
93,17-09-04,Puducherry,Pondicherry,"PIPDIC Ind. Estate Mettupalayam, Pondicherry",Puducherry Pollution Conrol Committee,Industrial Area,26,25,64,64
93,21-09-04,Puducherry,Pondicherry,"PIPDIC Ind. Estate Mettupalayam, Pondicherry",Puducherry Pollution Conrol Committee,Industrial Area,29,26,71,67
93,24-09-04,Puducherry,Pondicherry,"PIPDIC Ind. Estate Mettupalayam, Pondicherry",Puducherry Pollution Conrol Committee,Industrial Area,18,16,55,62
93,10/5/2004,Puducherry,Pondicherry,"PIPDIC Ind. Estate Mettupalayam, Pondicherry",Puducherry Pollution Conrol Committee,Industrial Area,26,22,60,61
93,10/8/2004,Puducherry,Pondicherry,"PIPDIC Ind. Estate Mettupalayam, Pondicherry",Puducherry Pollution Conrol Committee,Industrial Area,34,25,57,63
93,10/12/2004,Puducherry,Pondicherry,"PIPDIC Ind. Estate Mettupalayam, Pondicherry",Puducherry Pollution Conrol Committee,Industrial Area,34,25,52,59
93,15-10-04,Puducherry,Pondicherry,"PIPDIC Ind. Estate Mettupalayam, Pondicherry",Puducherry Pollution Conrol Committee,Industrial Area,36,25,48,50
93,19-10-04,Puducherry,Pondicherry,"PIPDIC Ind. Estate Mettupalayam, Pondicherry",Puducherry Pollution Conrol Committee,Industrial Area,25,18,48,50
93,26-10-04,Puducherry,Pondicherry,"PIPDIC Ind. Estate Mettupalayam, Pondicherry",Puducherry Pollution Conrol Committee,Industrial Area,20,16,47,50
93,11/2/2004,Puducherry,Pondicherry,"PIPDIC Ind. Estate Mettupalayam, Pondicherry",Puducherry Pollution Conrol Committee,Industrial Area,23,18,43,48
93,11/9/2004,Puducherry,Pondicherry,"PIPDIC Ind. Estate Mettupalayam, Pondicherry",Puducherry Pollution Conrol Committee,Industrial Area,32,24,34,42
93,16-11-04,Puducherry,Pondicherry,"PIPDIC Ind. Estate Mettupalayam, Pondicherry",Puducherry Pollution Conrol Committee,Industrial Area,14,23,48,49
93,19-11-04,Puducherry,Pondicherry,"PIPDIC Ind. Estate Mettupalayam, Pondicherry",Puducherry Pollution Conrol Committee,Industrial Area,29,26,44,48
93,23-11-04,Puducherry,Pondicherry,"PIPDIC Ind. Estate Mettupalayam, Pondicherry",Puducherry Pollution Conrol Committee,Industrial Area,27,23,47,50
93,26-11-04,Puducherry,Pondicherry,"PIPDIC Ind. Estate Mettupalayam, Pondicherry",Puducherry Pollution Conrol Committee,Industrial Area,27,21,56,60
93,30-11-04,Puducherry,Pondicherry,"PIPDIC Ind. Estate Mettupalayam, Pondicherry",Puducherry Pollution Conrol Committee,Industrial Area,17,25,44,49
93,12/3/2004,Puducherry,Pondicherry,"PIPDIC Ind. Estate Mettupalayam, Pondicherry",Puducherry Pollution Conrol Committee,Industrial Area,22,18,71,70
93,12/7/2004,Puducherry,Pondicherry,"PIPDIC Ind. Estate Mettupalayam, Pondicherry",Puducherry Pollution Conrol Committee,Industrial Area,23,18,69,74
93,12/10/2004,Puducherry,Pondicherry,"PIPDIC Ind. Estate Mettupalayam, Pondicherry",Puducherry Pollution Conrol Committee,Industrial Area,28,16,89,86
93,14-12-04,Puducherry,Pondicherry,"PIPDIC Ind. Estate Mettupalayam, Pondicherry",Puducherry Pollution Conrol Committee,Industrial Area,25,24,66,72
93,17-12-04,Puducherry,Pondicherry,"PIPDIC Ind. Estate Mettupalayam, Pondicherry",Puducherry Pollution Conrol Committee,Industrial Area,16,20,68,66
93,21-12-04,Puducherry,Pondicherry,"PIPDIC Ind. Estate Mettupalayam, Pondicherry",Puducherry Pollution Conrol Committee,Industrial Area,29,19,95,88
93,24-12-04,Puducherry,Pondicherry,"PIPDIC Ind. Estate Mettupalayam, Pondicherry",Puducherry Pollution Conrol Committee,Industrial Area,27,23,49,51
93,28-12-04,Puducherry,Pondicherry,"PIPDIC Ind. Estate Mettupalayam, Pondicherry",Puducherry Pollution Conrol Committee,Industrial Area,33,20,72,70
93,31-12-04,Puducherry,Pondicherry,"PIPDIC Ind. Estate Mettupalayam, Pondicherry",Puducherry Pollution Conrol Committee,Industrial Area,16,20,61,65
337,1/1/2004,Puducherry,Pondicherry,"Chamber Of Commerce, Pondicherry",Puducherry Pollution Conrol Committee,"Residential, Rural and other Areas",24,18,32,41
337,1/5/2004,Puducherry,Pondicherry,"Chamber Of Commerce, Pondicherry",Puducherry Pollution Conrol Committee,"Residential, Rural and other Areas",24,17,30,44
337,1/8/2004,Puducherry,Pondicherry,"Chamber Of Commerce, Pondicherry",Puducherry Pollution Conrol Committee,"Residential, Rural and other Areas",25,17,31,40
337,1/12/2004,Puducherry,Pondicherry,"Chamber Of Commerce, Pondicherry",Puducherry Pollution Conrol Committee,"Residential, Rural and other Areas",22,16,31,45
337,19-01-04,Puducherry,Pondicherry,"Chamber Of Commerce, Pondicherry",Puducherry Pollution Conrol Committee,"Residential, Rural and other Areas",28,17,31,39
337,22-01-04,Puducherry,Pondicherry,"Chamber Of Commerce, Pondicherry",Puducherry Pollution Conrol Committee,"Residential, Rural and other Areas",24,16,31,42
337,29-01-04,Puducherry,Pondicherry,"Chamber Of Commerce, Pondicherry",Puducherry Pollution Conrol Committee,"Residential, Rural and other Areas",26,17,32,41
337,2/5/2004,Puducherry,Pondicherry,"Chamber Of Commerce, Pondicherry",Puducherry Pollution Conrol Committee,"Residential, Rural and other Areas",25,18,52,56
337,2/9/2004,Puducherry,Pondicherry,"Chamber Of Commerce, Pondicherry",Puducherry Pollution Conrol Committee,"Residential, Rural and other Areas",26,17,44,52
337,2/12/2004,Puducherry,Pondicherry,"Chamber Of Commerce, Pondicherry",Puducherry Pollution Conrol Committee,"Residential, Rural and other Areas",25,19,43,50
337,16-02-04,Puducherry,Pondicherry,"Chamber Of Commerce, Pondicherry",Puducherry Pollution Conrol Committee,"Residential, Rural and other Areas",25,20,51,57
337,19-02-04,Puducherry,Pondicherry,"Chamber Of Commerce, Pondicherry",Puducherry Pollution Conrol Committee,"Residential, Rural and other Areas",26,19,42,49
337,23-02-04,Puducherry,Pondicherry,"Chamber Of Commerce, Pondicherry",Puducherry Pollution Conrol Committee,"Residential, Rural and other Areas",26,17,34,43
337,26-02-04,Puducherry,Pondicherry,"Chamber Of Commerce, Pondicherry",Puducherry Pollution Conrol Committee,"Residential, Rural and other Areas",25,18,42,49
337,3/1/2004,Puducherry,Pondicherry,"Chamber Of Commerce, Pondicherry",Puducherry Pollution Conrol Committee,"Residential, Rural and other Areas",26,18,33,40
337,3/4/2004,Puducherry,Pondicherry,"Chamber Of Commerce, Pondicherry",Puducherry Pollution Conrol Committee,"Residential, Rural and other Areas",29,18,29,35
337,3/8/2004,Puducherry,Pondicherry,"Chamber Of Commerce, Pondicherry",Puducherry Pollution Conrol Committee,"Residential, Rural and other Areas",24,18,30,37
337,3/11/2004,Puducherry,Pondicherry,"Chamber Of Commerce, Pondicherry",Puducherry Pollution Conrol Committee,"Residential, Rural and other Areas",27,18,26,32
337,15-03-04,Puducherry,Pondicherry,"Chamber Of Commerce, Pondicherry",Puducherry Pollution Conrol Committee,"Residential, Rural and other Areas",24,16,31,38
337,18-03-04,Puducherry,Pondicherry,"Chamber Of Commerce, Pondicherry",Puducherry Pollution Conrol Committee,"Residential, Rural and other Areas",25,18,22,31
337,22-03-04,Puducherry,Pondicherry,"Chamber Of Commerce, Pondicherry",Puducherry Pollution Conrol Committee,"Residential, Rural and other Areas",23,18,43,52
337,25-03-04,Puducherry,Pondicherry,"Chamber Of Commerce, Pondicherry",Puducherry Pollution Conrol Committee,"Residential, Rural and other Areas",26,16,35,49
337,29-03-04,Puducherry,Pondicherry,"Chamber Of Commerce, Pondicherry",Puducherry Pollution Conrol Committee,"Residential, Rural and other Areas",23,16,36,44
337,4/1/2004,Puducherry,Pondicherry,"Chamber Of Commerce, Pondicherry",Puducherry Pollution Conrol Committee,"Residential, Rural and other Areas",19,14,45,54
337,4/5/2004,Puducherry,Pondicherry,"Chamber Of Commerce, Pondicherry",Puducherry Pollution Conrol Committee,"Residential, Rural and other Areas",28,18,43,49
337,4/8/2004,Puducherry,Pondicherry,"Chamber Of Commerce, Pondicherry",Puducherry Pollution Conrol Committee,"Residential, Rural and other Areas",22,14,40,49
337,4/12/2004,Puducherry,Pondicherry,"Chamber Of Commerce, Pondicherry",Puducherry Pollution Conrol Committee,"Residential, Rural and other Areas",20,14,42,49
337,15-04-04,Puducherry,Pondicherry,"Chamber Of Commerce, Pondicherry",Puducherry Pollution Conrol Committee,"Residential, Rural and other Areas",19,16,39,50
337,19-04-04,Puducherry,Pondicherry,"Chamber Of Commerce, Pondicherry",Puducherry Pollution Conrol Committee,"Residential, Rural and other Areas",17,15,38,48
337,22-04-04,Puducherry,Pondicherry,"Chamber Of Commerce, Pondicherry",Puducherry Pollution Conrol Committee,"Residential, Rural and other Areas",22,16,42,51
337,26-04-04,Puducherry,Pondicherry,"Chamber Of Commerce, Pondicherry",Puducherry Pollution Conrol Committee,"Residential, Rural and other Areas",16,17,34,49
337,29-04-04,Puducherry,Pondicherry,"Chamber Of Commerce, Pondicherry",Puducherry Pollution Conrol Committee,"Residential, Rural and other Areas",24,16,42,55
337,5/6/2004,Puducherry,Pondicherry,"Chamber Of Commerce, Pondicherry",Puducherry Pollution Conrol Committee,"Residential, Rural and other Areas",23,18,32,38
337,13-05-04,Puducherry,Pondicherry,"Chamber Of Commerce, Pondicherry",Puducherry Pollution Conrol Committee,"Residential, Rural and other Areas",27,19,41,57
337,17-05-04,Puducherry,Pondicherry,"Chamber Of Commerce, Pondicherry",Puducherry Pollution Conrol Committee,"Residential, Rural and other Areas",22,17,32,46
337,20-05-04,Puducherry,Pondicherry,"Chamber Of Commerce, Pondicherry",Puducherry Pollution Conrol Committee,"Residential, Rural and other Areas",23,16,46,58
337,24-05-04,Puducherry,Pondicherry,"Chamber Of Commerce, Pondicherry",Puducherry Pollution Conrol Committee,"Residential, Rural and other Areas",20,15,27,37
337,27-05-04,Puducherry,Pondicherry,"Chamber Of Commerce, Pondicherry",Puducherry Pollution Conrol Committee,"Residential, Rural and other Areas",23,16,32,43
337,31-05-04,Puducherry,Pondicherry,"Chamber Of Commerce, Pondicherry",Puducherry Pollution Conrol Committee,"Residential, Rural and other Areas",23,15,42,56
337,6/3/2004,Puducherry,Pondicherry,"Chamber Of Commerce, Pondicherry",Puducherry Pollution Conrol Committee,"Residential, Rural and other Areas",19,15,28,39
337,6/7/2004,Puducherry,Pondicherry,"Chamber Of Commerce, Pondicherry",Puducherry Pollution Conrol Committee,"Residential, Rural and other Areas",21,14,46,59
337,6/10/2004,Puducherry,Pondicherry,"Chamber Of Commerce, Pondicherry",Puducherry Pollution Conrol Committee,"Residential, Rural and other Areas",25,16,42,53
337,14-06-04,Puducherry,Pondicherry,"Chamber Of Commerce, Pondicherry",Puducherry Pollution Conrol Committee,"Residential, Rural and other Areas",22,16,34,43
337,17-06-04,Puducherry,Pondicherry,"Chamber Of Commerce, Pondicherry",Puducherry Pollution Conrol Committee,"Residential, Rural and other Areas",26,17,32,43
337,21-06-04,Puducherry,Pondicherry,"Chamber Of Commerce, Pondicherry",Puducherry Pollution Conrol Committee,"Residential, Rural and other Areas",20,13,33,43
337,24-06-04,Puducherry,Pondicherry,"Chamber Of Commerce, Pondicherry",Puducherry Pollution Conrol Committee,"Residential, Rural and other Areas",23,16,32,44
337,28-06-04,Puducherry,Pondicherry,"Chamber Of Commerce, Pondicherry",Puducherry Pollution Conrol Committee,"Residential, Rural and other Areas",23,17,34,45
337,7/5/2004,Puducherry,Pondicherry,"Chamber Of Commerce, Pondicherry",Puducherry Pollution Conrol Committee,"Residential, Rural and other Areas",26,18,30,41
337,7/8/2004,Puducherry,Pondicherry,"Chamber Of Commerce, Pondicherry",Puducherry Pollution Conrol Committee,"Residential, Rural and other Areas",23,18,33,43
337,7/12/2004,Puducherry,Pondicherry,"Chamber Of Commerce, Pondicherry",Puducherry Pollution Conrol Committee,"Residential, Rural and other Areas",23,16,35,45
337,15-07-04,Puducherry,Pondicherry,"Chamber Of Commerce, Pondicherry",Puducherry Pollution Conrol Committee,"Residential, Rural and other Areas",25,17,35,44
337,19-07-04,Puducherry,Pondicherry,"Chamber Of Commerce, Pondicherry",Puducherry Pollution Conrol Committee,"Residential, Rural and other Areas",23,19,29,38
337,22-07-04,Puducherry,Pondicherry,"Chamber Of Commerce, Pondicherry",Puducherry Pollution Conrol Committee,"Residential, Rural and other Areas",22,20,30,41
337,26-07-04,Puducherry,Pondicherry,"Chamber Of Commerce, Pondicherry",Puducherry Pollution Conrol Committee,"Residential, Rural and other Areas",25,17,35,45
337,29-07-04,Puducherry,Pondicherry,"Chamber Of Commerce, Pondicherry",Puducherry Pollution Conrol Committee,"Residential, Rural and other Areas",28,19,27,37
337,8/2/2004,Puducherry,Pondicherry,"Chamber Of Commerce, Pondicherry",Puducherry Pollution Conrol Committee,"Residential, Rural and other Areas",23,17,28,35
337,8/5/2004,Puducherry,Pondicherry,"Chamber Of Commerce, Pondicherry",Puducherry Pollution Conrol Committee,"Residential, Rural and other Areas",27,19,29,39
337,8/9/2004,Puducherry,Pondicherry,"Chamber Of Commerce, Pondicherry",Puducherry Pollution Conrol Committee,"Residential, Rural and other Areas",26,17,32,41
337,8/12/2004,Puducherry,Pondicherry,"Chamber Of Commerce, Pondicherry",Puducherry Pollution Conrol Committee,"Residential, Rural and other Areas",25,20,34,45
337,16-08-04,Puducherry,Pondicherry,"Chamber Of Commerce, Pondicherry",Puducherry Pollution Conrol Committee,"Residential, Rural and other Areas",25,16,29,36
337,19-08-04,Puducherry,Pondicherry,"Chamber Of Commerce, Pondicherry",Puducherry Pollution Conrol Committee,"Residential, Rural and other Areas",22,17,31,41
337,23-08-04,Puducherry,Pondicherry,"Chamber Of Commerce, Pondicherry",Puducherry Pollution Conrol Committee,"Residential, Rural and other Areas",22,16,25,35
337,26-08-04,Puducherry,Pondicherry,"Chamber Of Commerce, Pondicherry",Puducherry Pollution Conrol Committee,"Residential, Rural and other Areas",21,15,32,42
337,9/2/2004,Puducherry,Pondicherry,"Chamber Of Commerce, Pondicherry",Puducherry Pollution Conrol Committee,"Residential, Rural and other Areas",18,15,23,37
337,9/6/2004,Puducherry,Pondicherry,"Chamber Of Commerce, Pondicherry",Puducherry Pollution Conrol Committee,"Residential, Rural and other Areas",21,16,35,28
337,9/9/2004,Puducherry,Pondicherry,"Chamber Of Commerce, Pondicherry",Puducherry Pollution Conrol Committee,"Residential, Rural and other Areas",19,14,29,37
337,13-09-04,Puducherry,Pondicherry,"Chamber Of Commerce, Pondicherry",Puducherry Pollution Conrol Committee,"Residential, Rural and other Areas",19,15,34,46
337,16-09-04,Puducherry,Pondicherry,"Chamber Of Commerce, Pondicherry",Puducherry Pollution Conrol Committee,"Residential, Rural and other Areas",24,17,33,48
337,20-09-04,Puducherry,Pondicherry,"Chamber Of Commerce, Pondicherry",Puducherry Pollution Conrol Committee,"Residential, Rural and other Areas",20,14,25,33
337,23-09-04,Puducherry,Pondicherry,"Chamber Of Commerce, Pondicherry",Puducherry Pollution Conrol Committee,"Residential, Rural and other Areas",16,13,20,27
337,27-09-04,Puducherry,Pondicherry,"Chamber Of Commerce, Pondicherry",Puducherry Pollution Conrol Committee,"Residential, Rural and other Areas",20,15,23,31
337,30-09-04,Puducherry,Pondicherry,"Chamber Of Commerce, Pondicherry",Puducherry Pollution Conrol Committee,"Residential, Rural and other Areas",22,15,32,38
337,10/4/2004,Puducherry,Pondicherry,"Chamber Of Commerce, Pondicherry",Puducherry Pollution Conrol Committee,"Residential, Rural and other Areas",14,7,50,58
337,10/7/2004,Puducherry,Pondicherry,"Chamber Of Commerce, Pondicherry",Puducherry Pollution Conrol Committee,"Residential, Rural and other Areas",15,10,34,45
337,10/11/2004,Puducherry,Pondicherry,"Chamber Of Commerce, Pondicherry",Puducherry Pollution Conrol Committee,"Residential, Rural and other Areas",12,7,42,50
337,14-10-04,Puducherry,Pondicherry,"Chamber Of Commerce, Pondicherry",Puducherry Pollution Conrol Committee,"Residential, Rural and other Areas",12,7,36,41
337,21-10-04,Puducherry,Pondicherry,"Chamber Of Commerce, Pondicherry",Puducherry Pollution Conrol Committee,"Residential, Rural and other Areas",9,8,39,39
337,25-10-04,Puducherry,Pondicherry,"Chamber Of Commerce, Pondicherry",Puducherry Pollution Conrol Committee,"Residential, Rural and other Areas",14,10,36,43
337,11/1/2004,Puducherry,Pondicherry,"Chamber Of Commerce, Pondicherry",Puducherry Pollution Conrol Committee,"Residential, Rural and other Areas",17,14,34,41
337,11/4/2004,Puducherry,Pondicherry,"Chamber Of Commerce, Pondicherry",Puducherry Pollution Conrol Committee,"Residential, Rural and other Areas",17,14,31,39
337,18-11-04,Puducherry,Pondicherry,"Chamber Of Commerce, Pondicherry",Puducherry Pollution Conrol Committee,"Residential, Rural and other Areas",20,16,55,62
337,22-11-04,Puducherry,Pondicherry,"Chamber Of Commerce, Pondicherry",Puducherry Pollution Conrol Committee,"Residential, Rural and other Areas",22,15,38,44
337,25-11-04,Puducherry,Pondicherry,"Chamber Of Commerce, Pondicherry",Puducherry Pollution Conrol Committee,"Residential, Rural and other Areas",18,16,23,27
337,29-11-04,Puducherry,Pondicherry,"Chamber Of Commerce, Pondicherry",Puducherry Pollution Conrol Committee,"Residential, Rural and other Areas",18,15,33,41
337,12/2/2004,Puducherry,Pondicherry,"Chamber Of Commerce, Pondicherry",Puducherry Pollution Conrol Committee,"Residential, Rural and other Areas",13,11,28,29
337,12/6/2004,Puducherry,Pondicherry,"Chamber Of Commerce, Pondicherry",Puducherry Pollution Conrol Committee,"Residential, Rural and other Areas",17,13,32,40
337,12/9/2004,Puducherry,Pondicherry,"Chamber Of Commerce, Pondicherry",Puducherry Pollution Conrol Committee,"Residential, Rural and other Areas",15,12,34,42
337,13-12-04,Puducherry,Pondicherry,"Chamber Of Commerce, Pondicherry",Puducherry Pollution Conrol Committee,"Residential, Rural and other Areas",14,11,33,42
337,16-12-04,Puducherry,Pondicherry,"Chamber Of Commerce, Pondicherry",Puducherry Pollution Conrol Committee,"Residential, Rural and other Areas",18,15,60,68
337,20-12-04,Puducherry,Pondicherry,"Chamber Of Commerce, Pondicherry",Puducherry Pollution Conrol Committee,"Residential, Rural and other Areas",15,14,57,65
337,23-12-04,Puducherry,Pondicherry,"Chamber Of Commerce, Pondicherry",Puducherry Pollution Conrol Committee,"Residential, Rural and other Areas",16,14,31,40
337,27-12-04,Puducherry,Pondicherry,"Chamber Of Commerce, Pondicherry",Puducherry Pollution Conrol Committee,"Residential, Rural and other Areas",17,12,42,50
337,30-12-04,Puducherry,Pondicherry,"Chamber Of Commerce, Pondicherry",Puducherry Pollution Conrol Committee,"Residential, Rural and other Areas",17,13,35,41
