Stn Code,Sampling Date,State,City/Town/Village/Area,Agency,Type of Location,SO2,NO2,RSPM/PM10,SPM
95,January - M012001,Andhra Pradesh,Hyderabad,Andhra Pradesh  Pollution Control Board,NA,14.4,78.3,NA,291
95,February - M022001,Andhra Pradesh,Hyderabad,Andhra Pradesh  Pollution Control Board,NA,15.6,73.6,NA,340
95,March - M032001,Andhra Pradesh,Hyderabad,Andhra Pradesh  Pollution Control Board,NA,14.8,39.8,NA,189
95,April - M042001,Andhra Pradesh,Hyderabad,Andhra Pradesh  Pollution Control Board,NA,13.4,37.1,NA,220
95,May - M052001,Andhra Pradesh,Hyderabad,Andhra Pradesh  Pollution Control Board,NA,14.1,30.3,NA,183
95,June - M062001,Andhra Pradesh,Hyderabad,Andhra Pradesh  Pollution Control Board,NA,14.7,22.6,NA,233
95,July - M072001,Andhra Pradesh,Hyderabad,Andhra Pradesh  Pollution Control Board,NA,20.4,35,NA,205
95,August - M082001,Andhra Pradesh,Hyderabad,Andhra Pradesh  Pollution Control Board,NA,2.6,27.5,NA,194
95,September - M092001,Andhra Pradesh,Hyderabad,Andhra Pradesh  Pollution Control Board,NA,5.5,44.6,NA,149
95,October - M102001,Andhra Pradesh,Hyderabad,Andhra Pradesh  Pollution Control Board,NA,3.7,65.8,NA,192
95,November - M112001,Andhra Pradesh,Hyderabad,Andhra Pradesh  Pollution Control Board,NA,3.9,73,NA,210
95,December - M122001,Andhra Pradesh,Hyderabad,Andhra Pradesh  Pollution Control Board,NA,4.4,59.8,NA,272
150,January - M012001,Andhra Pradesh,Hyderabad,NA,"Residential, Rural and other Areas",21.5,10,NA,151
150,February - M022001,Andhra Pradesh,Hyderabad,NA,"Residential, Rural and other Areas",11.4,8.8,NA,244
150,March - M032001,Andhra Pradesh,Hyderabad,NA,"Residential, Rural and other Areas",12.6,9.5,NA,148
150,April - M042001,Andhra Pradesh,Hyderabad,NA,"Residential, Rural and other Areas",11.7,9.3,NA,126
150,May - M052001,Andhra Pradesh,Hyderabad,NA,"Residential, Rural and other Areas",11.9,14.1,NA,222
150,June - M062001,Andhra Pradesh,Hyderabad,NA,"Residential, Rural and other Areas",8.4,14.7,NA,134
150,July - M072001,Andhra Pradesh,Hyderabad,NA,"Residential, Rural and other Areas",7.6,21.3,NA,122
150,August - M082001,Andhra Pradesh,Hyderabad,NA,"Residential, Rural and other Areas",7.6,15.9,NA,112
150,September - M092001,Andhra Pradesh,Hyderabad,NA,"Residential, Rural and other Areas",7.3,26.1,NA,134
150,October - M102001,Andhra Pradesh,Hyderabad,NA,"Residential, Rural and other Areas",6.4,13.6,NA,83
150,November - M112001,Andhra Pradesh,Hyderabad,NA,"Residential, Rural and other Areas",6.8,7.9,NA,93
150,December - M122001,Andhra Pradesh,Hyderabad,NA,"Residential, Rural and other Areas",9.3,19.4,NA,173
151,January - M012001,Andhra Pradesh,Hyderabad,NA,Industrial Area,16.3,7.4,NA,83
151,February - M022001,Andhra Pradesh,Hyderabad,NA,Industrial Area,11.8,7.2,NA,116
151,March - M032001,Andhra Pradesh,Hyderabad,NA,Industrial Area,11.7,8.2,NA,53
151,April - M042001,Andhra Pradesh,Hyderabad,NA,Industrial Area,7.9,8.3,NA,61
151,May - M052001,Andhra Pradesh,Hyderabad,NA,Industrial Area,10,12,NA,119
151,June - M062001,Andhra Pradesh,Hyderabad,NA,Industrial Area,7.8,6.7,NA,84
151,July - M072001,Andhra Pradesh,Hyderabad,NA,Industrial Area,7.9,13.1,NA,76
151,August - M082001,Andhra Pradesh,Hyderabad,NA,Industrial Area,11.2,13.4,NA,54
151,September - M092001,Andhra Pradesh,Hyderabad,NA,Industrial Area,7.4,18,NA,75
151,October - M102001,Andhra Pradesh,Hyderabad,NA,Industrial Area,6,11.3,NA,52
151,November - M112001,Andhra Pradesh,Hyderabad,NA,Industrial Area,8.2,13.3,NA,64
151,December - M122001,Andhra Pradesh,Hyderabad,NA,Industrial Area,15.5,15.1,NA,106
152,January - M012001,Andhra Pradesh,Hyderabad,NA,"Residential, Rural and other Areas",20.8,21.6,NA,211
152,February - M022001,Andhra Pradesh,Hyderabad,NA,"Residential, Rural and other Areas",21.4,20.7,NA,279
152,March - M032001,Andhra Pradesh,Hyderabad,NA,"Residential, Rural and other Areas",18.5,32.9,NA,212
152,April - M042001,Andhra Pradesh,Hyderabad,NA,"Residential, Rural and other Areas",14.2,22.9,NA,131
152,May - M052001,Andhra Pradesh,Hyderabad,NA,"Residential, Rural and other Areas",17.4,27.5,NA,210
152,June - M062001,Andhra Pradesh,Hyderabad,NA,"Residential, Rural and other Areas",10.8,20.8,NA,132
152,July - M072001,Andhra Pradesh,Hyderabad,NA,"Residential, Rural and other Areas",7.5,35.2,NA,138
152,August - M082001,Andhra Pradesh,Hyderabad,NA,"Residential, Rural and other Areas",8.2,32.3,NA,135
152,September - M092001,Andhra Pradesh,Hyderabad,NA,"Residential, Rural and other Areas",11.1,41.3,NA,158
152,October - M102001,Andhra Pradesh,Hyderabad,NA,"Residential, Rural and other Areas",7.3,42,NA,169
152,November - M112001,Andhra Pradesh,Hyderabad,NA,"Residential, Rural and other Areas",13.4,36.6,NA,146
152,December - M122001,Andhra Pradesh,Hyderabad,NA,"Residential, Rural and other Areas",15.2,43.4,NA,182
202,January - M012001,Andhra Pradesh,Hyderabad,Andhra Pradesh  Pollution Control Board,NA,12.5,40.1,NA,133
202,February - M022001,Andhra Pradesh,Hyderabad,Andhra Pradesh  Pollution Control Board,NA,14.7,26.7,NA,163
202,March - M032001,Andhra Pradesh,Hyderabad,Andhra Pradesh  Pollution Control Board,NA,9.9,24,NA,99
202,April - M042001,Andhra Pradesh,Hyderabad,Andhra Pradesh  Pollution Control Board,NA,9.9,26.8,NA,107
202,May - M052001,Andhra Pradesh,Hyderabad,Andhra Pradesh  Pollution Control Board,NA,12.5,28.1,NA,99
202,June - M062001,Andhra Pradesh,Hyderabad,Andhra Pradesh  Pollution Control Board,NA,18.4,36,NA,96
202,July - M072001,Andhra Pradesh,Hyderabad,Andhra Pradesh  Pollution Control Board,NA,18.2,37.4,NA,57
202,August - M082001,Andhra Pradesh,Hyderabad,Andhra Pradesh  Pollution Control Board,NA,1.9,28.4,NA,55
202,September - M092001,Andhra Pradesh,Hyderabad,Andhra Pradesh  Pollution Control Board,NA,3.3,22.5,NA,93
202,October - M102001,Andhra Pradesh,Hyderabad,Andhra Pradesh  Pollution Control Board,NA,9.2,26.4,NA,141
202,November - M112001,Andhra Pradesh,Hyderabad,Andhra Pradesh  Pollution Control Board,NA,2,25.6,NA,119
202,December - M122001,Andhra Pradesh,Hyderabad,Andhra Pradesh  Pollution Control Board,NA,2.6,42.6,NA,163
203,January - M012001,Andhra Pradesh,Hyderabad,Andhra Pradesh  Pollution Control Board,NA,11.6,48.4,NA,175
203,February - M022001,Andhra Pradesh,Hyderabad,Andhra Pradesh  Pollution Control Board,NA,17.6,46.5,NA,182
203,March - M032001,Andhra Pradesh,Hyderabad,Andhra Pradesh  Pollution Control Board,NA,20.8,35.8,NA,190
203,April - M042001,Andhra Pradesh,Hyderabad,Andhra Pradesh  Pollution Control Board,NA,17.3,32.6,NA,147
203,May - M052001,Andhra Pradesh,Hyderabad,Andhra Pradesh  Pollution Control Board,NA,19.3,41.3,NA,205
203,June - M062001,Andhra Pradesh,Hyderabad,Andhra Pradesh  Pollution Control Board,NA,20.8,36.5,NA,141
203,July - M072001,Andhra Pradesh,Hyderabad,Andhra Pradesh  Pollution Control Board,NA,30.7,40.1,NA,174
203,August - M082001,Andhra Pradesh,Hyderabad,Andhra Pradesh  Pollution Control Board,NA,2.9,22.5,NA,117
203,September - M092001,Andhra Pradesh,Hyderabad,Andhra Pradesh  Pollution Control Board,NA,5.3,37.7,NA,229
203,October - M102001,Andhra Pradesh,Hyderabad,Andhra Pradesh  Pollution Control Board,NA,4.8,29.3,NA,207
203,November - M112001,Andhra Pradesh,Hyderabad,Andhra Pradesh  Pollution Control Board,NA,3.6,44.3,NA,160
203,December - M122001,Andhra Pradesh,Hyderabad,Andhra Pradesh  Pollution Control Board,NA,5,53.3,NA,231
232,January - M012001,Andhra Pradesh,Vishakhapatnam,Andhra Pradesh  Pollution Control Board,NA,15.5,23.1,NA,202
232,February - M022001,Andhra Pradesh,Vishakhapatnam,Andhra Pradesh  Pollution Control Board,NA,12.8,29.2,NA,210
232,March - M032001,Andhra Pradesh,Vishakhapatnam,Andhra Pradesh  Pollution Control Board,NA,17.9,29.5,NA,192
232,April - M042001,Andhra Pradesh,Vishakhapatnam,Andhra Pradesh  Pollution Control Board,NA,19.9,34.9,NA,171
232,May - M052001,Andhra Pradesh,Vishakhapatnam,Andhra Pradesh  Pollution Control Board,NA,13.6,33.4,NA,125
232,September - M092001,Andhra Pradesh,Vishakhapatnam,Andhra Pradesh  Pollution Control Board,NA,10,25.2,NA,93
232,October - M102001,Andhra Pradesh,Vishakhapatnam,Andhra Pradesh  Pollution Control Board,NA,17.2,25.1,NA,151
232,November - M112001,Andhra Pradesh,Vishakhapatnam,Andhra Pradesh  Pollution Control Board,NA,16,24.8,NA,164
232,December - M122001,Andhra Pradesh,Vishakhapatnam,Andhra Pradesh  Pollution Control Board,NA,7.2,28.1,NA,181
233,January - M012001,Andhra Pradesh,Vishakhapatnam,Andhra Pradesh  Pollution Control Board,NA,13,17.7,NA,101
233,February - M022001,Andhra Pradesh,Vishakhapatnam,Andhra Pradesh  Pollution Control Board,NA,12.6,20.3,NA,157
233,March - M032001,Andhra Pradesh,Vishakhapatnam,Andhra Pradesh  Pollution Control Board,NA,13.1,19.6,NA,92
233,April - M042001,Andhra Pradesh,Vishakhapatnam,Andhra Pradesh  Pollution Control Board,NA,13.8,19.9,NA,82
233,May - M052001,Andhra Pradesh,Vishakhapatnam,Andhra Pradesh  Pollution Control Board,NA,15.7,23.2,NA,85
233,June - M062001,Andhra Pradesh,Vishakhapatnam,Andhra Pradesh  Pollution Control Board,NA,12.8,23.9,NA,99
233,July - M072001,Andhra Pradesh,Vishakhapatnam,Andhra Pradesh  Pollution Control Board,NA,13.3,21.3,NA,97
233,August - M082001,Andhra Pradesh,Vishakhapatnam,Andhra Pradesh  Pollution Control Board,NA,12,22.1,NA,109
233,September - M092001,Andhra Pradesh,Vishakhapatnam,Andhra Pradesh  Pollution Control Board,NA,17.7,19.3,NA,118
233,October - M102001,Andhra Pradesh,Vishakhapatnam,Andhra Pradesh  Pollution Control Board,NA,15.1,21.7,NA,111
233,November - M112001,Andhra Pradesh,Vishakhapatnam,Andhra Pradesh  Pollution Control Board,NA,13.3,25.1,NA,114
233,December - M122001,Andhra Pradesh,Vishakhapatnam,Andhra Pradesh  Pollution Control Board,NA,5.9,28.1,NA,112
234,January - M012001,Andhra Pradesh,Vishakhapatnam,Andhra Pradesh  Pollution Control Board,NA,17.6,23.1,NA,90
234,February - M022001,Andhra Pradesh,Vishakhapatnam,Andhra Pradesh  Pollution Control Board,NA,12.9,19.7,NA,95
234,March - M032001,Andhra Pradesh,Vishakhapatnam,Andhra Pradesh  Pollution Control Board,NA,12,14.3,NA,95
234,April - M042001,Andhra Pradesh,Vishakhapatnam,Andhra Pradesh  Pollution Control Board,NA,11,16.3,NA,112
234,May - M052001,Andhra Pradesh,Vishakhapatnam,Andhra Pradesh  Pollution Control Board,NA,13,18.6,NA,81
234,June - M062001,Andhra Pradesh,Vishakhapatnam,Andhra Pradesh  Pollution Control Board,NA,10.3,16.6,NA,118
234,July - M072001,Andhra Pradesh,Vishakhapatnam,Andhra Pradesh  Pollution Control Board,NA,14.2,20.3,NA,115
234,August - M082001,Andhra Pradesh,Vishakhapatnam,Andhra Pradesh  Pollution Control Board,NA,12.1,17.9,NA,111
234,September - M092001,Andhra Pradesh,Vishakhapatnam,Andhra Pradesh  Pollution Control Board,NA,14,13.4,NA,114
234,October - M102001,Andhra Pradesh,Vishakhapatnam,Andhra Pradesh  Pollution Control Board,NA,18.8,21.8,NA,118
234,November - M112001,Andhra Pradesh,Vishakhapatnam,Andhra Pradesh  Pollution Control Board,NA,16.5,22.1,NA,104
234,December - M122001,Andhra Pradesh,Vishakhapatnam,Andhra Pradesh  Pollution Control Board,NA,7,24.4,NA,125
