Sampling Date,State,City/Town/Village/Area,Location of Monitoring Station,Type of Location,SO2,NO2,RSPM/PM10,SPM
1/3/2007,Chhattisgarh,Bhilai Nagar,M.P.L.U. Nigam,Industrial Areas,25.8,31.7,181,271
1/6/2007,Chhattisgarh,Bhilai Nagar,M.P.L.U. Nigam,Industrial Areas,25.5,31,179,282
1/10/2007,Chhattisgarh,Bhilai Nagar,M.P.L.U. Nigam,Industrial Areas,26.5,32.7,180,274
13-01-07,Chhattisgarh,Bhilai Nagar,M.P.L.U. Nigam,Industrial Areas,26.2,31.8,174,263
17-01-07,Chhattisgarh,Bhilai Nagar,M.P.L.U. Nigam,Industrial Areas,27,32.7,179,268
20-01-07,Chhattisgarh,Bhilai Nagar,M.P.L.U. Nigam,Industrial Areas,26.3,32,173,271
24-01-07,Chhattisgarh,Bhilai Nagar,M.P.L.U. Nigam,Industrial Areas,27,33,178,268
27-01-07,Chhattisgarh,Bhilai Nagar,M.P.L.U. Nigam,Industrial Areas,26,31.5,170,272
31-01-07,Chhattisgarh,Bhilai Nagar,M.P.L.U. Nigam,Industrial Areas,27,32.7,175,273
2/3/2007,Chhattisgarh,Bhilai Nagar,M.P.L.U. Nigam,Industrial Areas,24.8,30.5,177,271
2/7/2007,Chhattisgarh,Bhilai Nagar,M.P.L.U. Nigam,Industrial Areas,26.5,30.8,178,271
2/10/2007,Chhattisgarh,Bhilai Nagar,M.P.L.U. Nigam,Industrial Areas,26.8,32.5,183,276
14-02-07,Chhattisgarh,Bhilai Nagar,M.P.L.U. Nigam,Industrial Areas,25.7,31,178,269
17-02-07,Chhattisgarh,Bhilai Nagar,M.P.L.U. Nigam,Industrial Areas,27.2,33.2,183,270
21-02-07,Chhattisgarh,Bhilai Nagar,M.P.L.U. Nigam,Industrial Areas,25.8,31.3,186,280
24-02-07,Chhattisgarh,Bhilai Nagar,M.P.L.U. Nigam,Industrial Areas,26.8,32.8,180,272
28-02-07,Chhattisgarh,Bhilai Nagar,M.P.L.U. Nigam,Industrial Areas,25.8,31.1,185,278
3/3/2007,Chhattisgarh,Bhilai Nagar,M.P.L.U. Nigam,Industrial Areas,25.1,30.8,169,261
3/7/2007,Chhattisgarh,Bhilai Nagar,M.P.L.U. Nigam,Industrial Areas,25.3,30.6,165,255
3/10/2007,Chhattisgarh,Bhilai Nagar,M.P.L.U. Nigam,Industrial Areas,25.6,31.5,149,257
14-03-07,Chhattisgarh,Bhilai Nagar,M.P.L.U. Nigam,Industrial Areas,24,29.6,167,272
17-03-07,Chhattisgarh,Bhilai Nagar,M.P.L.U. Nigam,Industrial Areas,25.5,31,178,271
21-03-07,Chhattisgarh,Bhilai Nagar,M.P.L.U. Nigam,Industrial Areas,26,31.6,161,256
24-03-07,Chhattisgarh,Bhilai Nagar,M.P.L.U. Nigam,Industrial Areas,26.6,30.6,178,276
28-03-07,Chhattisgarh,Bhilai Nagar,M.P.L.U. Nigam,Industrial Areas,25.5,30.8,168,264
4/4/2007,Chhattisgarh,Bhilai Nagar,M.P.L.U. Nigam,Industrial Areas,25,30.3,164,264
4/7/2007,Chhattisgarh,Bhilai Nagar,M.P.L.U. Nigam,Industrial Areas,24,32,170,272
4/11/2007,Chhattisgarh,Bhilai Nagar,M.P.L.U. Nigam,Industrial Areas,27,32.6,172,267
18-04-07,Chhattisgarh,Bhilai Nagar,M.P.L.U. Nigam,Industrial Areas,26.1,31.6,169,265
21-04-07,Chhattisgarh,Bhilai Nagar,M.P.L.U. Nigam,Industrial Areas,26.2,32,178,279
25-04-07,Chhattisgarh,Bhilai Nagar,M.P.L.U. Nigam,Industrial Areas,26.5,32.1,166,263
28-04-07,Chhattisgarh,Bhilai Nagar,M.P.L.U. Nigam,Industrial Areas,26.2,32,165,257
5/5/2007,Chhattisgarh,Bhilai Nagar,M.P.L.U. Nigam,Industrial Areas,25.8,31,170,270
5/9/2007,Chhattisgarh,Bhilai Nagar,M.P.L.U. Nigam,Industrial Areas,25,30.7,167,266
5/12/2007,Chhattisgarh,Bhilai Nagar,M.P.L.U. Nigam,Industrial Areas,24,29.5,161,261
16-05-07,Chhattisgarh,Bhilai Nagar,M.P.L.U. Nigam,Industrial Areas,24.8,30,165,263
19-05-07,Chhattisgarh,Bhilai Nagar,M.P.L.U. Nigam,Industrial Areas,25.3,30.7,174,272
23-05-07,Chhattisgarh,Bhilai Nagar,M.P.L.U. Nigam,Industrial Areas,25.5,31.3,172,267
26-05-07,Chhattisgarh,Bhilai Nagar,M.P.L.U. Nigam,Industrial Areas,25.2,30.8,166,262
30-05-07,Chhattisgarh,Bhilai Nagar,M.P.L.U. Nigam,Industrial Areas,26.3,32.3,162,258
6/2/2007,Chhattisgarh,Bhilai Nagar,M.P.L.U. Nigam,Industrial Areas,25.5,31,162,257
6/6/2007,Chhattisgarh,Bhilai Nagar,M.P.L.U. Nigam,Industrial Areas,26.5,32.3,164,259
6/9/2007,Chhattisgarh,Bhilai Nagar,M.P.L.U. Nigam,Industrial Areas,25.3,30.5,160,254
13-06-07,Chhattisgarh,Bhilai Nagar,M.P.L.U. Nigam,Industrial Areas,26.5,32.5,169,265
16-06-07,Chhattisgarh,Bhilai Nagar,M.P.L.U. Nigam,Industrial Areas,25.2,30.7,162,257
20-06-07,Chhattisgarh,Bhilai Nagar,M.P.L.U. Nigam,Industrial Areas,24.5,30.3,150,249
23-06-07,Chhattisgarh,Bhilai Nagar,M.P.L.U. Nigam,Industrial Areas,25.5,31.2,155,248
26-06-07,Chhattisgarh,Bhilai Nagar,M.P.L.U. Nigam,Industrial Areas,14.5,33.2,89,96
27-06-07,Chhattisgarh,Bhilai Nagar,M.P.L.U. Nigam,Industrial Areas,NA,NA,NA,NA
7/4/2007,Chhattisgarh,Bhilai Nagar,M.P.L.U. Nigam,Industrial Areas,25.2,30.8,152,246
7/11/2007,Chhattisgarh,Bhilai Nagar,M.P.L.U. Nigam,Industrial Areas,25.2,30.3,158,250
14-07-07,Chhattisgarh,Bhilai Nagar,M.P.L.U. Nigam,Industrial Areas,23.5,28.8,150,243
18-07-07,Chhattisgarh,Bhilai Nagar,M.P.L.U. Nigam,Industrial Areas,23.8,29.3,144,242
21-07-07,Chhattisgarh,Bhilai Nagar,M.P.L.U. Nigam,Industrial Areas,25,30.5,146,246
25-07-07,Chhattisgarh,Bhilai Nagar,M.P.L.U. Nigam,Industrial Areas,24.3,29.7,140,242
28-07-07,Chhattisgarh,Bhilai Nagar,M.P.L.U. Nigam,Industrial Areas,24.7,30,141,239
8/1/2007,Chhattisgarh,Bhilai Nagar,M.P.L.U. Nigam,Industrial Areas,24.2,29.5,145,238
8/4/2007,Chhattisgarh,Bhilai Nagar,M.P.L.U. Nigam,Industrial Areas,25,30.5,147,241
8/8/2007,Chhattisgarh,Bhilai Nagar,M.P.L.U. Nigam,Industrial Areas,25.7,31.7,147,245
8/11/2007,Chhattisgarh,Bhilai Nagar,M.P.L.U. Nigam,Industrial Areas,25.5,31,156,251
18-08-07,Chhattisgarh,Bhilai Nagar,M.P.L.U. Nigam,Industrial Areas,24.5,29.5,145,237
22-08-07,Chhattisgarh,Bhilai Nagar,M.P.L.U. Nigam,Industrial Areas,25.5,31,158,246
25-08-07,Chhattisgarh,Bhilai Nagar,M.P.L.U. Nigam,Industrial Areas,23.3,28.8,150,242
29-08-07,Chhattisgarh,Bhilai Nagar,M.P.L.U. Nigam,Industrial Areas,23.8,29.3,152,244
9/1/2007,Chhattisgarh,Bhilai Nagar,M.P.L.U. Nigam,Industrial Areas,NA,NA,152,248
9/5/2007,Chhattisgarh,Bhilai Nagar,M.P.L.U. Nigam,Industrial Areas,24.7,30,154,244
9/8/2007,Chhattisgarh,Bhilai Nagar,M.P.L.U. Nigam,Industrial Areas,25.5,29.3,150,242
9/12/2007,Chhattisgarh,Bhilai Nagar,M.P.L.U. Nigam,Industrial Areas,24.7,30.2,155,247
15-09-07,Chhattisgarh,Bhilai Nagar,M.P.L.U. Nigam,Industrial Areas,26.5,32.3,159,247
19-09-07,Chhattisgarh,Bhilai Nagar,M.P.L.U. Nigam,Industrial Areas,24.5,29.5,149,241
22-09-07,Chhattisgarh,Bhilai Nagar,M.P.L.U. Nigam,Industrial Areas,25.5,31,151,246
26-09-07,Chhattisgarh,Bhilai Nagar,M.P.L.U. Nigam,Industrial Areas,25,30,152,247
29-09-07,Chhattisgarh,Bhilai Nagar,M.P.L.U. Nigam,Industrial Areas,26,30.3,145,245
10/3/2007,Chhattisgarh,Bhilai Nagar,M.P.L.U. Nigam,Industrial Areas,23.3,28,154,241
10/6/2007,Chhattisgarh,Bhilai Nagar,M.P.L.U. Nigam,Industrial Areas,24,29.2,151,241
13-10-07,Chhattisgarh,Bhilai Nagar,M.P.L.U. Nigam,Industrial Areas,24.7,30.3,159,248
17-10-07,Chhattisgarh,Bhilai Nagar,M.P.L.U. Nigam,Industrial Areas,23.5,29.3,155,245
20-10-07,Chhattisgarh,Bhilai Nagar,M.P.L.U. Nigam,Industrial Areas,24.3,29.8,158,248
24-10-07,Chhattisgarh,Bhilai Nagar,M.P.L.U. Nigam,Industrial Areas,24.7,30.5,161,253
27-10-07,Chhattisgarh,Bhilai Nagar,M.P.L.U. Nigam,Industrial Areas,25.3,31.3,162,257
31-10-07,Chhattisgarh,Bhilai Nagar,M.P.L.U. Nigam,Industrial Areas,24.3,29.7,162,253
11/3/2007,Chhattisgarh,Bhilai Nagar,M.P.L.U. Nigam,Industrial Areas,25,30.5,172,272
11/10/2007,Chhattisgarh,Bhilai Nagar,M.P.L.U. Nigam,Industrial Areas,25.8,31.5,189,292
14-11-07,Chhattisgarh,Bhilai Nagar,M.P.L.U. Nigam,Industrial Areas,25.3,30.3,183,282
17-11-07,Chhattisgarh,Bhilai Nagar,M.P.L.U. Nigam,Industrial Areas,25.8,31.7,185,284
21-11-07,Chhattisgarh,Bhilai Nagar,M.P.L.U. Nigam,Industrial Areas,25.7,31.5,191,285
28-11-07,Chhattisgarh,Bhilai Nagar,M.P.L.U. Nigam,Industrial Areas,24.3,30,187,283
12/1/2007,Chhattisgarh,Bhilai Nagar,M.P.L.U. Nigam,Industrial Areas,24.5,29.8,172,268
12/5/2007,Chhattisgarh,Bhilai Nagar,M.P.L.U. Nigam,Industrial Areas,25.5,31.2,165,258
12/8/2007,Chhattisgarh,Bhilai Nagar,M.P.L.U. Nigam,Industrial Areas,26.2,31.8,165,264
12/12/2007,Chhattisgarh,Bhilai Nagar,M.P.L.U. Nigam,Industrial Areas,25.3,30.8,168,276
15-12-07,Chhattisgarh,Bhilai Nagar,M.P.L.U. Nigam,Industrial Areas,25.5,31.3,160,268
19-12-07,Chhattisgarh,Bhilai Nagar,M.P.L.U. Nigam,Industrial Areas,26.3,32,164,275
22-12-07,Chhattisgarh,Bhilai Nagar,M.P.L.U. Nigam,Industrial Areas,24.8,30.2,166,278
26-12-07,Chhattisgarh,Bhilai Nagar,M.P.L.U. Nigam,Industrial Areas,25.7,31.5,165,271
29-12-07,Chhattisgarh,Bhilai Nagar,M.P.L.U. Nigam,Industrial Areas,25.2,30.3,169,277
1/4/2007,Chhattisgarh,Bhilai Nagar,Regional Office,Residential and others,NA,17,93,175
1/8/2007,Chhattisgarh,Bhilai Nagar,Regional Office,Residential and others,NA,16,88,180
1/11/2007,Chhattisgarh,Bhilai Nagar,Regional Office,Residential and others,NA,17.3,85,166
15-01-07,Chhattisgarh,Bhilai Nagar,Regional Office,Residential and others,NA,15.8,86,166
18-01-07,Chhattisgarh,Bhilai Nagar,Regional Office,Residential and others,NA,17.2,81,162
22-01-07,Chhattisgarh,Bhilai Nagar,Regional Office,Residential and others,NA,17.3,86,164
25-01-07,Chhattisgarh,Bhilai Nagar,Regional Office,Residential and others,NA,18.3,85,168
29-01-07,Chhattisgarh,Bhilai Nagar,Regional Office,Residential and others,NA,15.8,83,158
2/1/2007,Chhattisgarh,Bhilai Nagar,Regional Office,Residential and others,3.2,16,80,148
2/5/2007,Chhattisgarh,Bhilai Nagar,Regional Office,Residential and others,2.7,14.5,79,147
2/8/2007,Chhattisgarh,Bhilai Nagar,Regional Office,Residential and others,2.3,16.5,84,156
2/12/2007,Chhattisgarh,Bhilai Nagar,Regional Office,Residential and others,NA,14.2,80,162
15-02-07,Chhattisgarh,Bhilai Nagar,Regional Office,Residential and others,3.7,15.2,74,151
19-02-07,Chhattisgarh,Bhilai Nagar,Regional Office,Residential and others,4.2,17,81,164
22-02-07,Chhattisgarh,Bhilai Nagar,Regional Office,Residential and others,4.1,16.6,84,172
26-02-07,Chhattisgarh,Bhilai Nagar,Regional Office,Residential and others,4,15.5,79,165
3/1/2007,Chhattisgarh,Bhilai Nagar,Regional Office,Residential and others,6.3,15.6,76,159
3/5/2007,Chhattisgarh,Bhilai Nagar,Regional Office,Residential and others,5.1,14.8,81,170
3/8/2007,Chhattisgarh,Bhilai Nagar,Regional Office,Residential and others,5.5,17.1,82,169
3/12/2007,Chhattisgarh,Bhilai Nagar,Regional Office,Residential and others,5,15.5,84,166
15-03-07,Chhattisgarh,Bhilai Nagar,Regional Office,Residential and others,4.6,15.5,77,161
19-03-07,Chhattisgarh,Bhilai Nagar,Regional Office,Residential and others,5.8,13.8,81,166
22-03-07,Chhattisgarh,Bhilai Nagar,Regional Office,Residential and others,4.5,15.3,82,168
26-03-07,Chhattisgarh,Bhilai Nagar,Regional Office,Residential and others,4.6,17.1,80,163
29-03-07,Chhattisgarh,Bhilai Nagar,Regional Office,Residential and others,4,14.8,80,170
4/2/2007,Chhattisgarh,Bhilai Nagar,Regional Office,Residential and others,4,14.6,80,167
4/5/2007,Chhattisgarh,Bhilai Nagar,Regional Office,Residential and others,5,14.8,81,170
4/6/2007,Chhattisgarh,Bhilai Nagar,Regional Office,Residential and others,4,17.3,76,160
4/9/2007,Chhattisgarh,Bhilai Nagar,Regional Office,Residential and others,4.3,16.1,89,172
4/12/2007,Chhattisgarh,Bhilai Nagar,Regional Office,Residential and others,6,17.1,79,161
16-04-07,Chhattisgarh,Bhilai Nagar,Regional Office,Residential and others,4.1,15.8,78,164
19-04-07,Chhattisgarh,Bhilai Nagar,Regional Office,Residential and others,4.6,15.3,74,158
23-04-07,Chhattisgarh,Bhilai Nagar,Regional Office,Residential and others,5.2,16.2,82,169
26-04-07,Chhattisgarh,Bhilai Nagar,Regional Office,Residential and others,5.8,17.3,74,157
30-04-07,Chhattisgarh,Bhilai Nagar,Regional Office,Residential and others,5.2,16.2,73,158
5/3/2007,Chhattisgarh,Bhilai Nagar,Regional Office,Residential and others,3.3,15.3,79,162
5/7/2007,Chhattisgarh,Bhilai Nagar,Regional Office,Residential and others,5.5,15.5,79,163
5/10/2007,Chhattisgarh,Bhilai Nagar,Regional Office,Residential and others,4.2,14,74,160
14-05-07,Chhattisgarh,Bhilai Nagar,Regional Office,Residential and others,4,15.8,78,162
17-05-07,Chhattisgarh,Bhilai Nagar,Regional Office,Residential and others,3.8,14.5,79,155
21-05-07,Chhattisgarh,Bhilai Nagar,Regional Office,Residential and others,5.5,15.3,77,162
24-05-07,Chhattisgarh,Bhilai Nagar,Regional Office,Residential and others,4.2,16.5,81,165
28-05-07,Chhattisgarh,Bhilai Nagar,Regional Office,Residential and others,5.5,15.8,83,169
31-05-07,Chhattisgarh,Bhilai Nagar,Regional Office,Residential and others,4.2,14,79,161
6/7/2007,Chhattisgarh,Bhilai Nagar,Regional Office,Residential and others,5,15.5,76,158
6/11/2007,Chhattisgarh,Bhilai Nagar,Regional Office,Residential and others,6.3,15.7,74,163
14-06-07,Chhattisgarh,Bhilai Nagar,Regional Office,Residential and others,5.7,15.3,73,156
18-06-07,Chhattisgarh,Bhilai Nagar,Regional Office,Residential and others,4.2,15.8,78,166
21-06-07,Chhattisgarh,Bhilai Nagar,Regional Office,Residential and others,3.6,13.6,75,156
28-06-07,Chhattisgarh,Bhilai Nagar,Regional Office,Residential and others,4.2,15.3,78,161
7/2/2007,Chhattisgarh,Bhilai Nagar,Regional Office,Residential and others,4,15.8,68,146
7/5/2007,Chhattisgarh,Bhilai Nagar,Regional Office,Residential and others,4.2,17.3,72,151
7/12/2007,Chhattisgarh,Bhilai Nagar,Regional Office,Residential and others,3,14.3,68,148
16-07-07,Chhattisgarh,Bhilai Nagar,Regional Office,Residential and others,4.2,13.8,72,149
19-07-07,Chhattisgarh,Bhilai Nagar,Regional Office,Residential and others,4.2,14.3,70,146
23-07-07,Chhattisgarh,Bhilai Nagar,Regional Office,Residential and others,5.2,15,74,148
26-07-07,Chhattisgarh,Bhilai Nagar,Regional Office,Residential and others,NA,NA,73,148
30-07-07,Chhattisgarh,Bhilai Nagar,Regional Office,Residential and others,5.3,16.2,72,144
8/2/2007,Chhattisgarh,Bhilai Nagar,Regional Office,Residential and others,5.5,16.5,75,146
8/9/2007,Chhattisgarh,Bhilai Nagar,Regional Office,Residential and others,5.2,15.6,71,140
16-08-07,Chhattisgarh,Bhilai Nagar,Regional Office,Residential and others,6.3,16.5,76,148
20-08-07,Chhattisgarh,Bhilai Nagar,Regional Office,Residential and others,5,14.2,69,140
23-08-07,Chhattisgarh,Bhilai Nagar,Regional Office,Residential and others,4.3,14.3,68,146
27-08-07,Chhattisgarh,Bhilai Nagar,Regional Office,Residential and others,5,14.8,70,145
30-08-07,Chhattisgarh,Bhilai Nagar,Regional Office,Residential and others,4.5,14.2,69,143
9/3/2007,Chhattisgarh,Bhilai Nagar,Regional Office,Residential and others,5.8,15,70,142
9/6/2007,Chhattisgarh,Bhilai Nagar,Regional Office,Residential and others,5.3,15.5,73,143
9/7/2007,Chhattisgarh,Bhilai Nagar,Regional Office,Residential and others,5.5,16.3,77,156
13-09-07,Chhattisgarh,Bhilai Nagar,Regional Office,Residential and others,3.7,13,70,139
17-09-07,Chhattisgarh,Bhilai Nagar,Regional Office,Residential and others,5.3,14.8,74,147
20-09-07,Chhattisgarh,Bhilai Nagar,Regional Office,Residential and others,4.5,14,71,144
24-09-07,Chhattisgarh,Bhilai Nagar,Regional Office,Residential and others,5.2,15.7,72,145
27-09-07,Chhattisgarh,Bhilai Nagar,Regional Office,Residential and others,4.8,16,69,144
10/1/2007,Chhattisgarh,Bhilai Nagar,Regional Office,Residential and others,4.2,14.7,75,149
10/4/2007,Chhattisgarh,Bhilai Nagar,Regional Office,Residential and others,3.7,14.3,70,143
10/8/2007,Chhattisgarh,Bhilai Nagar,Regional Office,Residential and others,4.2,14.2,74,151
10/11/2007,Chhattisgarh,Bhilai Nagar,Regional Office,Residential and others,6.2,15.5,71,142
15-10-07,Chhattisgarh,Bhilai Nagar,Regional Office,Residential and others,5.2,14.2,69,139
18-10-07,Chhattisgarh,Bhilai Nagar,Regional Office,Residential and others,4.5,17.8,73,143
22-10-07,Chhattisgarh,Bhilai Nagar,Regional Office,Residential and others,5.7,14.5,76,148
25-10-07,Chhattisgarh,Bhilai Nagar,Regional Office,Residential and others,6.8,16.5,78,150
29-10-07,Chhattisgarh,Bhilai Nagar,Regional Office,Residential and others,4.5,14.2,73,148
11/1/2007,Chhattisgarh,Bhilai Nagar,Regional Office,Residential and others,5.5,14.2,80,168
11/7/2007,Chhattisgarh,Bhilai Nagar,Regional Office,Residential and others,24,29.5,177,277
11/8/2007,Chhattisgarh,Bhilai Nagar,Regional Office,Residential and others,4.5,14.8,84,174
11/12/2007,Chhattisgarh,Bhilai Nagar,Regional Office,Residential and others,5.8,15.8,83,172
15-11-07,Chhattisgarh,Bhilai Nagar,Regional Office,Residential and others,5,14.2,85,172
19-11-07,Chhattisgarh,Bhilai Nagar,Regional Office,Residential and others,3.7,12.7,79,165
22-11-07,Chhattisgarh,Bhilai Nagar,Regional Office,Residential and others,5.2,14.2,83,171
26-11-07,Chhattisgarh,Bhilai Nagar,Regional Office,Residential and others,6.2,15.2,79,165
29-11-07,Chhattisgarh,Bhilai Nagar,Regional Office,Residential and others,5.5,14.8,83,159
12/3/2007,Chhattisgarh,Bhilai Nagar,Regional Office,Residential and others,3.7,14.8,80,164
12/5/2007,Chhattisgarh,Bhilai Nagar,Regional Office,Residential and others,3.7,14.2,80,163
12/6/2007,Chhattisgarh,Bhilai Nagar,Regional Office,Residential and others,5,15.7,88,174
12/10/2007,Chhattisgarh,Bhilai Nagar,Regional Office,Residential and others,3.7,14.3,81,176
13-12-07,Chhattisgarh,Bhilai Nagar,Regional Office,Residential and others,5.3,15.7,85,179
17-12-07,Chhattisgarh,Bhilai Nagar,Regional Office,Residential and others,4.3,13.7,82,174
20-12-07,Chhattisgarh,Bhilai Nagar,Regional Office,Residential and others,5.8,15.8,77,166
24-12-07,Chhattisgarh,Bhilai Nagar,Regional Office,Residential and others,3.7,14.3,80,168
27-12-07,Chhattisgarh,Bhilai Nagar,Regional Office,Residential and others,5.5,15,85,172
31-12-07,Chhattisgarh,Bhilai Nagar,Regional Office,Residential and others,4.5,15.7,82,174
1/2/2007,Chhattisgarh,Bhilai Nagar,Visak Hostel,Residential and others,22.7,27.7,115,199
1/5/2007,Chhattisgarh,Bhilai Nagar,Visak Hostel,Residential and others,22.3,26.8,112,200
1/9/2007,Chhattisgarh,Bhilai Nagar,Visak Hostel,Residential and others,23,28.2,114,196
1/12/2007,Chhattisgarh,Bhilai Nagar,Visak Hostel,Residential and others,24.2,29.8,114,192
16-01-07,Chhattisgarh,Bhilai Nagar,Visak Hostel,Residential and others,22.5,27.3,104,187
19-01-07,Chhattisgarh,Bhilai Nagar,Visak Hostel,Residential and others,21.8,26.3,108,203
23-01-07,Chhattisgarh,Bhilai Nagar,Visak Hostel,Residential and others,22.8,27.8,108,192
2/2/2007,Chhattisgarh,Bhilai Nagar,Visak Hostel,Residential and others,22.2,27,103,197
2/5/2007,Chhattisgarh,Bhilai Nagar,Visak Hostel,Residential and others,2.7,14.5,79,147
2/6/2007,Chhattisgarh,Bhilai Nagar,Visak Hostel,Residential and others,22.5,27.7,109,201
2/9/2007,Chhattisgarh,Bhilai Nagar,Visak Hostel,Residential and others,21.7,26.3,111,197
13-02-07,Chhattisgarh,Bhilai Nagar,Visak Hostel,Residential and others,22.5,27.5,106,188
20-02-07,Chhattisgarh,Bhilai Nagar,Visak Hostel,Residential and others,23.3,28.5,113,194
23-02-07,Chhattisgarh,Bhilai Nagar,Visak Hostel,Residential and others,22.3,27.2,108,198
27-02-07,Chhattisgarh,Bhilai Nagar,Visak Hostel,Residential and others,21.6,26.1,110,194
3/2/2007,Chhattisgarh,Bhilai Nagar,Visak Hostel,Residential and others,21.8,26,101,191
3/6/2007,Chhattisgarh,Bhilai Nagar,Visak Hostel,Residential and others,21.5,26.3,95,183
3/9/2007,Chhattisgarh,Bhilai Nagar,Visak Hostel,Residential and others,20.6,25.1,111,207
13-03-07,Chhattisgarh,Bhilai Nagar,Visak Hostel,Residential and others,22.3,27.1,109,195
16-03-07,Chhattisgarh,Bhilai Nagar,Visak Hostel,Residential and others,21.3,25.8,102,190
20-03-07,Chhattisgarh,Bhilai Nagar,Visak Hostel,Residential and others,21.6,26,100,185
23-03-07,Chhattisgarh,Bhilai Nagar,Visak Hostel,Residential and others,22.3,26.1,102,191
30-03-07,Chhattisgarh,Bhilai Nagar,Visak Hostel,Residential and others,20.5,25.1,99,190
4/3/2007,Chhattisgarh,Bhilai Nagar,Visak Hostel,Residential and others,21.5,26.3,99,191
4/10/2007,Chhattisgarh,Bhilai Nagar,Visak Hostel,Residential and others,22.5,27,108,197
13-04-07,Chhattisgarh,Bhilai Nagar,Visak Hostel,Residential and others,21.8,26.3,93,180
17-04-07,Chhattisgarh,Bhilai Nagar,Visak Hostel,Residential and others,21.1,25.6,103,192
20-04-07,Chhattisgarh,Bhilai Nagar,Visak Hostel,Residential and others,21.5,26.1,96,185
24-04-07,Chhattisgarh,Bhilai Nagar,Visak Hostel,Residential and others,21.5,26,100,192
27-04-07,Chhattisgarh,Bhilai Nagar,Visak Hostel,Residential and others,22.5,27.5,103,197
5/1/2007,Chhattisgarh,Bhilai Nagar,Visak Hostel,Residential and others,21.2,25.7,101,194
5/4/2007,Chhattisgarh,Bhilai Nagar,Visak Hostel,Residential and others,22.2,26.8,99,184
5/5/2007,Chhattisgarh,Bhilai Nagar,Visak Hostel,Residential and others,22.3,27.2,84,178
5/8/2007,Chhattisgarh,Bhilai Nagar,Visak Hostel,Residential and others,21.2,25.8,95,183
5/11/2007,Chhattisgarh,Bhilai Nagar,Visak Hostel,Residential and others,22.8,27.5,104,196
15-05-07,Chhattisgarh,Bhilai Nagar,Visak Hostel,Residential and others,21.2,25.8,102,194
18-05-07,Chhattisgarh,Bhilai Nagar,Visak Hostel,Residential and others,NA,NA,NA,NA
22-05-07,Chhattisgarh,Bhilai Nagar,Visak Hostel,Residential and others,22.3,27,101,192
25-05-07,Chhattisgarh,Bhilai Nagar,Visak Hostel,Residential and others,21.3,25.7,100,190
29-05-07,Chhattisgarh,Bhilai Nagar,Visak Hostel,Residential and others,22.7,27.7,99,173
6/1/2007,Chhattisgarh,Bhilai Nagar,Visak Hostel,Residential and others,21.2,25.7,89,180
6/8/2007,Chhattisgarh,Bhilai Nagar,Visak Hostel,Residential and others,21.3,26,80,170
6/12/2007,Chhattisgarh,Bhilai Nagar,Visak Hostel,Residential and others,21.3,25.7,90,178
15-06-07,Chhattisgarh,Bhilai Nagar,Visak Hostel,Residential and others,22.2,26.7,96,185
19-06-07,Chhattisgarh,Bhilai Nagar,Visak Hostel,Residential and others,23.3,25.3,83,167
22-06-07,Chhattisgarh,Bhilai Nagar,Visak Hostel,Residential and others,22,27,89,173
26-06-07,Chhattisgarh,Bhilai Nagar,Visak Hostel,Residential and others,NA,NA,NA,NA
29-06-07,Chhattisgarh,Bhilai Nagar,Visak Hostel,Residential and others,21.7,26,89,175
7/3/2007,Chhattisgarh,Bhilai Nagar,Visak Hostel,Residential and others,21.2,25.7,89,172
7/9/2007,Chhattisgarh,Bhilai Nagar,Visak Hostel,Residential and others,5.5,16.3,77,155
7/10/2007,Chhattisgarh,Bhilai Nagar,Visak Hostel,Residential and others,19.3,23.7,92,177
13-07-07,Chhattisgarh,Bhilai Nagar,Visak Hostel,Residential and others,20.8,25.5,89,172
17-07-07,Chhattisgarh,Bhilai Nagar,Visak Hostel,Residential and others,20,24.3,90,174
20-07-07,Chhattisgarh,Bhilai Nagar,Visak Hostel,Residential and others,20.8,25.2,92,178
24-07-07,Chhattisgarh,Bhilai Nagar,Visak Hostel,Residential and others,21.8,26.5,89,174
27-07-07,Chhattisgarh,Bhilai Nagar,Visak Hostel,Residential and others,20.5,25.5,94,180
31-07-07,Chhattisgarh,Bhilai Nagar,Visak Hostel,Residential and others,19.8,24.3,94,175
8/3/2007,Chhattisgarh,Bhilai Nagar,Visak Hostel,Residential and others,20.7,25,91,167
8/10/2007,Chhattisgarh,Bhilai Nagar,Visak Hostel,Residential and others,19.5,23.8,89,164
14-08-07,Chhattisgarh,Bhilai Nagar,Visak Hostel,Residential and others,20.5,25,92,167
17-08-07,Chhattisgarh,Bhilai Nagar,Visak Hostel,Residential and others,19.3,23.5,92,168
21-08-07,Chhattisgarh,Bhilai Nagar,Visak Hostel,Residential and others,20,24,91,169
24-08-07,Chhattisgarh,Bhilai Nagar,Visak Hostel,Residential and others,20.4,25.2,84,160
31-08-07,Chhattisgarh,Bhilai Nagar,Visak Hostel,Residential and others,21.3,25.8,94,179
9/7/2007,Chhattisgarh,Bhilai Nagar,Visak Hostel,Residential and others,21.3,26,90,170
9/11/2007,Chhattisgarh,Bhilai Nagar,Visak Hostel,Residential and others,20.2,24.5,93,177
14-09-07,Chhattisgarh,Bhilai Nagar,Visak Hostel,Residential and others,22.3,27.3,89,175
18-09-07,Chhattisgarh,Bhilai Nagar,Visak Hostel,Residential and others,20.7,25.3,91,175
21-09-07,Chhattisgarh,Bhilai Nagar,Visak Hostel,Residential and others,21.5,26.2,88,173
25-09-07,Chhattisgarh,Bhilai Nagar,Visak Hostel,Residential and others,NA,NA,95,180
28-09-07,Chhattisgarh,Bhilai Nagar,Visak Hostel,Residential and others,19.2,24.2,88,173
10/5/2007,Chhattisgarh,Bhilai Nagar,Visak Hostel,Residential and others,20.5,25,95,175
10/9/2007,Chhattisgarh,Bhilai Nagar,Visak Hostel,Residential and others,21.8,26.5,93,172
10/12/2007,Chhattisgarh,Bhilai Nagar,Visak Hostel,Residential and others,20.7,24.8,95,175
16-10-07,Chhattisgarh,Bhilai Nagar,Visak Hostel,Residential and others,20.5,24.5,93,165
19-10-07,Chhattisgarh,Bhilai Nagar,Visak Hostel,Residential and others,20.5,25.2,90,165
23-10-07,Chhattisgarh,Bhilai Nagar,Visak Hostel,Residential and others,19.5,23.5,95,172
26-10-07,Chhattisgarh,Bhilai Nagar,Visak Hostel,Residential and others,20.8,25.5,87,164
30-10-07,Chhattisgarh,Bhilai Nagar,Visak Hostel,Residential and others,20.7,24.7,103,184
11/2/2007,Chhattisgarh,Bhilai Nagar,Visak Hostel,Residential and others,21,25.7,99,192
11/6/2007,Chhattisgarh,Bhilai Nagar,Visak Hostel,Residential and others,21.2,26,104,197
13-11-07,Chhattisgarh,Bhilai Nagar,Visak Hostel,Residential and others,21.7,26.7,100,188
16-11-07,Chhattisgarh,Bhilai Nagar,Visak Hostel,Residential and others,21.3,25.8,105,192
20-11-07,Chhattisgarh,Bhilai Nagar,Visak Hostel,Residential and others,22.2,27,106,195
23-11-07,Chhattisgarh,Bhilai Nagar,Visak Hostel,Residential and others,20.7,25,103,189
27-11-07,Chhattisgarh,Bhilai Nagar,Visak Hostel,Residential and others,21.3,26.3,92,174
30-11-07,Chhattisgarh,Bhilai Nagar,Visak Hostel,Residential and others,22.5,24,146,195
12/4/2007,Chhattisgarh,Bhilai Nagar,Visak Hostel,Residential and others,21,25.5,88,175
12/6/2007,Chhattisgarh,Bhilai Nagar,Visak Hostel,Residential and others,21.2,26,104,197
12/7/2007,Chhattisgarh,Bhilai Nagar,Visak Hostel,Residential and others,22,26.8,89,176
12/11/2007,Chhattisgarh,Bhilai Nagar,Visak Hostel,Residential and others,21,25.5,94,185
14-12-07,Chhattisgarh,Bhilai Nagar,Visak Hostel,Residential and others,20.8,25.7,88,181
18-12-07,Chhattisgarh,Bhilai Nagar,Visak Hostel,Residential and others,20.8,25.2,99,190
28-12-07,Chhattisgarh,Bhilai Nagar,Visak Hostel,Residential and others,22,26.7,91,181
1/2/2007,Chhattisgarh,Korba,"I.T.I, Rampur",Residential and others,13.6,21.6,97,206
1/5/2007,Chhattisgarh,Korba,"I.T.I, Rampur",Residential and others,14.6,23,100,210
1/9/2007,Chhattisgarh,Korba,"I.T.I, Rampur",Residential and others,14.7,22.4,101,211
1/12/2007,Chhattisgarh,Korba,"I.T.I, Rampur",Residential and others,15.1,23.3,97,206
16-01-07,Chhattisgarh,Korba,"I.T.I, Rampur",Residential and others,15.8,23.4,101,206
19-01-07,Chhattisgarh,Korba,"I.T.I, Rampur",Residential and others,14.6,22.9,97,203
23-01-07,Chhattisgarh,Korba,"I.T.I, Rampur",Residential and others,15.1,23.1,101,205
30-01-07,Chhattisgarh,Korba,"I.T.I, Rampur",Residential and others,14.7,22.6,96,199
2/2/2007,Chhattisgarh,Korba,"I.T.I, Rampur",Residential and others,14.2,22,98,202
2/6/2007,Chhattisgarh,Korba,"I.T.I, Rampur",Residential and others,13.3,21.3,99,204
2/9/2007,Chhattisgarh,Korba,"I.T.I, Rampur",Residential and others,13.4,21.2,102,213
13-02-07,Chhattisgarh,Korba,"I.T.I, Rampur",Residential and others,13.1,20.6,99,210
16-02-07,Chhattisgarh,Korba,"I.T.I, Rampur",Residential and others,13,20.5,95,199
20-02-07,Chhattisgarh,Korba,"I.T.I, Rampur",Residential and others,13.7,21.1,104,216
23-02-07,Chhattisgarh,Korba,"I.T.I, Rampur",Residential and others,13.9,21.6,103,219
27-02-07,Chhattisgarh,Korba,"I.T.I, Rampur",Residential and others,13.7,21.8,111,231
3/2/2007,Chhattisgarh,Korba,"I.T.I, Rampur",Residential and others,13.9,21.3,103,215
3/6/2007,Chhattisgarh,Korba,"I.T.I, Rampur",Residential and others,13.2,22,104,221
3/9/2007,Chhattisgarh,Korba,"I.T.I, Rampur",Residential and others,12.9,20.7,101,213
13-03-07,Chhattisgarh,Korba,"I.T.I, Rampur",Residential and others,13.2,21.1,102,214
16-03-07,Chhattisgarh,Korba,"I.T.I, Rampur",Residential and others,13.6,21.2,98,209
20-03-07,Chhattisgarh,Korba,"I.T.I, Rampur",Residential and others,13.1,21.1,100,213
23-03-07,Chhattisgarh,Korba,"I.T.I, Rampur",Residential and others,13.2,21.1,102,216
27-03-07,Chhattisgarh,Korba,"I.T.I, Rampur",Residential and others,13.6,21.1,102,216
30-03-07,Chhattisgarh,Korba,"I.T.I, Rampur",Residential and others,13.9,22.6,109,231
4/3/2007,Chhattisgarh,Korba,"I.T.I, Rampur",Residential and others,14.2,21.9,109,226
4/6/2007,Chhattisgarh,Korba,"I.T.I, Rampur",Residential and others,13.7,21.6,105,222
4/10/2007,Chhattisgarh,Korba,"I.T.I, Rampur",Residential and others,13.6,21.8,109,232
13-04-07,Chhattisgarh,Korba,"I.T.I, Rampur",Residential and others,13.5,21.9,105,222
17-04-07,Chhattisgarh,Korba,"I.T.I, Rampur",Residential and others,14.1,22.2,108,225
20-04-07,Chhattisgarh,Korba,"I.T.I, Rampur",Residential and others,13.9,22.1,106,222
24-04-07,Chhattisgarh,Korba,"I.T.I, Rampur",Residential and others,13.4,21.4,107,224
27-04-07,Chhattisgarh,Korba,"I.T.I, Rampur",Residential and others,13.2,21.2,102,215
5/1/2007,Chhattisgarh,Korba,"I.T.I, Rampur",Residential and others,13.2,21.1,105,222
5/4/2007,Chhattisgarh,Korba,"I.T.I, Rampur",Residential and others,13.3,21.5,105,221
5/8/2007,Chhattisgarh,Korba,"I.T.I, Rampur",Residential and others,13.2,20.9,101,215
5/11/2007,Chhattisgarh,Korba,"I.T.I, Rampur",Residential and others,13.5,21.9,106,221
15-05-07,Chhattisgarh,Korba,"I.T.I, Rampur",Residential and others,13.7,21.2,102,216
18-05-07,Chhattisgarh,Korba,"I.T.I, Rampur",Residential and others,13.2,21.2,102,207
22-05-07,Chhattisgarh,Korba,"I.T.I, Rampur",Residential and others,13,20.9,102,213
25-05-07,Chhattisgarh,Korba,"I.T.I, Rampur",Residential and others,13.7,21.5,101,211
29-05-07,Chhattisgarh,Korba,"I.T.I, Rampur",Residential and others,13.2,21.1,102,215
6/1/2007,Chhattisgarh,Korba,"I.T.I, Rampur",Residential and others,13.5,21.1,101,214
6/5/2007,Chhattisgarh,Korba,"I.T.I, Rampur",Residential and others,13.1,20.8,101,212
6/8/2007,Chhattisgarh,Korba,"I.T.I, Rampur",Residential and others,13.1,21.2,97,203
6/12/2007,Chhattisgarh,Korba,"I.T.I, Rampur",Residential and others,13.5,21.4,99,206
15-06-07,Chhattisgarh,Korba,"I.T.I, Rampur",Residential and others,13.2,21.1,98,206
19-06-07,Chhattisgarh,Korba,"I.T.I, Rampur",Residential and others,13.5,21.3,101,211
22-06-07,Chhattisgarh,Korba,"I.T.I, Rampur",Residential and others,13,21,97,202
26-06-07,Chhattisgarh,Korba,"I.T.I, Rampur",Residential and others,12.9,20.7,94,197
29-06-07,Chhattisgarh,Korba,"I.T.I, Rampur",Residential and others,12.8,20.9,88,185
7/3/2007,Chhattisgarh,Korba,"I.T.I, Rampur",Residential and others,13.1,21.2,91,191
7/6/2007,Chhattisgarh,Korba,"I.T.I, Rampur",Residential and others,NA,NA,NA,NA
7/10/2007,Chhattisgarh,Korba,"I.T.I, Rampur",Residential and others,12.4,20.6,84,177
13-07-07,Chhattisgarh,Korba,"I.T.I, Rampur",Residential and others,12.8,20.4,82,175
17-07-07,Chhattisgarh,Korba,"I.T.I, Rampur",Residential and others,12.9,20.7,87,184
20-07-07,Chhattisgarh,Korba,"I.T.I, Rampur",Residential and others,13.1,21.1,93,195
24-07-07,Chhattisgarh,Korba,"I.T.I, Rampur",Residential and others,13.5,21.5,92,192
27-07-07,Chhattisgarh,Korba,"I.T.I, Rampur",Residential and others,NA,NA,NA,NA
31-07-07,Chhattisgarh,Korba,"I.T.I, Rampur",Residential and others,12.9,21.1,93,194
8/3/2007,Chhattisgarh,Korba,"I.T.I, Rampur",Residential and others,13.4,21,94,193
8/10/2007,Chhattisgarh,Korba,"I.T.I, Rampur",Residential and others,13.8,21.2,94,192
14-08-07,Chhattisgarh,Korba,"I.T.I, Rampur",Residential and others,NA,NA,NA,NA
17-08-07,Chhattisgarh,Korba,"I.T.I, Rampur",Residential and others,13.3,21.6,112,227
21-08-07,Chhattisgarh,Korba,"I.T.I, Rampur",Residential and others,12.7,20.5,121,242
24-08-07,Chhattisgarh,Korba,"I.T.I, Rampur",Residential and others,NA,NA,NA,NA
28-08-07,Chhattisgarh,Korba,"I.T.I, Rampur",Residential and others,13,20.7,101,214
31-08-07,Chhattisgarh,Korba,"I.T.I, Rampur",Residential and others,12.8,20.4,104,221
9/4/2007,Chhattisgarh,Korba,"I.T.I, Rampur",Residential and others,13.3,21.2,119,238
9/7/2007,Chhattisgarh,Korba,"I.T.I, Rampur",Residential and others,NA,NA,NA,NA
9/11/2007,Chhattisgarh,Korba,"I.T.I, Rampur",Residential and others,13,21.2,121,244
14-09-07,Chhattisgarh,Korba,"I.T.I, Rampur",Residential and others,12.7,20.2,101,203
18-09-07,Chhattisgarh,Korba,"I.T.I, Rampur",Residential and others,13,21.1,98,203
21-09-07,Chhattisgarh,Korba,"I.T.I, Rampur",Residential and others,NA,NA,NA,NA
25-09-07,Chhattisgarh,Korba,"I.T.I, Rampur",Residential and others,NA,NA,NA,NA
10/2/2007,Chhattisgarh,Korba,"I.T.I, Rampur",Residential and others,12.8,20.4,95,200
10/5/2007,Chhattisgarh,Korba,"I.T.I, Rampur",Residential and others,12.6,20.4,96,199
10/9/2007,Chhattisgarh,Korba,"I.T.I, Rampur",Residential and others,12.7,20.7,97,201
10/12/2007,Chhattisgarh,Korba,"I.T.I, Rampur",Residential and others,12.9,20.9,108,228
16-10-07,Chhattisgarh,Korba,"I.T.I, Rampur",Residential and others,12.7,20.6,104,219
19-10-07,Chhattisgarh,Korba,"I.T.I, Rampur",Residential and others,12.7,20.6,108,226
23-10-07,Chhattisgarh,Korba,"I.T.I, Rampur",Residential and others,13,20.7,106,222
26-10-07,Chhattisgarh,Korba,"I.T.I, Rampur",Residential and others,12.9,20.9,108,226
30-10-07,Chhattisgarh,Korba,"I.T.I, Rampur",Residential and others,12.6,20.6,109,226
11/2/2007,Chhattisgarh,Korba,"I.T.I, Rampur",Residential and others,12.6,20.8,107,226
11/6/2007,Chhattisgarh,Korba,"I.T.I, Rampur",Residential and others,12.8,20.6,111,232
13-11-07,Chhattisgarh,Korba,"I.T.I, Rampur",Residential and others,13.1,21.2,110,230
16-11-07,Chhattisgarh,Korba,"I.T.I, Rampur",Residential and others,13.2,21,107,224
20-11-07,Chhattisgarh,Korba,"I.T.I, Rampur",Residential and others,12.8,20.8,108,226
23-11-07,Chhattisgarh,Korba,"I.T.I, Rampur",Residential and others,13.1,20.7,107,222
27-11-07,Chhattisgarh,Korba,"I.T.I, Rampur",Residential and others,13.2,21.1,108,226
30-11-07,Chhattisgarh,Korba,"I.T.I, Rampur",Residential and others,13.9,20.9,134,266
12/4/2007,Chhattisgarh,Korba,"I.T.I, Rampur",Residential and others,13.1,20.9,115,240
12/7/2007,Chhattisgarh,Korba,"I.T.I, Rampur",Residential and others,12.8,21,108,225
12/11/2007,Chhattisgarh,Korba,"I.T.I, Rampur",Residential and others,13.4,21.3,113,234
14-12-07,Chhattisgarh,Korba,"I.T.I, Rampur",Residential and others,13.2,21.4,119,247
18-12-07,Chhattisgarh,Korba,"I.T.I, Rampur",Residential and others,13.4,21.5,117,243
21-12-07,Chhattisgarh,Korba,"I.T.I, Rampur",Residential and others,13.4,21.5,118,245
25-12-07,Chhattisgarh,Korba,"I.T.I, Rampur",Residential and others,13.4,21.6,112,234
28-12-07,Chhattisgarh,Korba,"I.T.I, Rampur",Residential and others,13.4,21.2,111,232
1/1/2007,Chhattisgarh,Korba,Near Ghantaghar,Residential and others,13.5,21.2,NA,207
1/4/2007,Chhattisgarh,Korba,Near Ghantaghar,Residential and others,14.7,22.2,NA,213
1/8/2007,Chhattisgarh,Korba,Near Ghantaghar,Residential and others,14.2,22.4,NA,204
1/11/2007,Chhattisgarh,Korba,Near Ghantaghar,Residential and others,14.6,22.7,NA,198
15-01-07,Chhattisgarh,Korba,Near Ghantaghar,Residential and others,14.1,22.4,NA,189
18-01-07,Chhattisgarh,Korba,Near Ghantaghar,Residential and others,14.9,23.1,NA,204
22-01-07,Chhattisgarh,Korba,Near Ghantaghar,Residential and others,15.1,22.9,NA,196
25-01-07,Chhattisgarh,Korba,Near Ghantaghar,Residential and others,14.9,22.3,NA,199
29-01-07,Chhattisgarh,Korba,Near Ghantaghar,Residential and others,14.4,22.4,NA,201
2/1/2007,Chhattisgarh,Korba,Near Ghantaghar,Residential and others,14.1,21.7,96,200
2/5/2007,Chhattisgarh,Korba,Near Ghantaghar,Residential and others,13.3,20.9,90,190
2/8/2007,Chhattisgarh,Korba,Near Ghantaghar,Residential and others,13.1,21.3,101,215
15-02-07,Chhattisgarh,Korba,Near Ghantaghar,Residential and others,12.2,19.9,101,212
19-02-07,Chhattisgarh,Korba,Near Ghantaghar,Residential and others,12.6,20.6,102,211
22-02-07,Chhattisgarh,Korba,Near Ghantaghar,Residential and others,13.6,20.8,106,218
26-02-07,Chhattisgarh,Korba,Near Ghantaghar,Residential and others,13.5,21.7,105,217
3/1/2007,Chhattisgarh,Korba,Near Ghantaghar,Residential and others,13.2,21.2,138,217
3/5/2007,Chhattisgarh,Korba,Near Ghantaghar,Residential and others,13.7,21.3,104,221
3/8/2007,Chhattisgarh,Korba,Near Ghantaghar,Residential and others,13.6,20.9,104,219
15-03-07,Chhattisgarh,Korba,Near Ghantaghar,Residential and others,12.8,20.7,97,203
19-03-07,Chhattisgarh,Korba,Near Ghantaghar,Residential and others,12.5,20.1,101,212
22-03-07,Chhattisgarh,Korba,Near Ghantaghar,Residential and others,13.2,20.8,97,207
26-03-07,Chhattisgarh,Korba,Near Ghantaghar,Residential and others,13.5,21.2,97,207
29-03-07,Chhattisgarh,Korba,Near Ghantaghar,Residential and others,13,20.9,99,209
4/2/2007,Chhattisgarh,Korba,Near Ghantaghar,Residential and others,13.5,21.3,107,227
4/5/2007,Chhattisgarh,Korba,Near Ghantaghar,Residential and others,13.1,21,104,217
4/9/2007,Chhattisgarh,Korba,Near Ghantaghar,Residential and others,13.6,21.3,104,217
4/12/2007,Chhattisgarh,Korba,Near Ghantaghar,Residential and others,13.1,20.9,103,217
19-04-07,Chhattisgarh,Korba,Near Ghantaghar,Residential and others,14.1,22.3,107,224
23-04-07,Chhattisgarh,Korba,Near Ghantaghar,Residential and others,13.9,21.8,108,225
26-04-07,Chhattisgarh,Korba,Near Ghantaghar,Residential and others,13.1,21.2,104,219
30-04-07,Chhattisgarh,Korba,Near Ghantaghar,Residential and others,12.8,21,98,206
5/1/2007,Chhattisgarh,Korba,Near Ghantaghar,Residential and others,13.5,21.6,106,223
5/3/2007,Chhattisgarh,Korba,Near Ghantaghar,Residential and others,13.7,21.3,100,211
5/10/2007,Chhattisgarh,Korba,Near Ghantaghar,Residential and others,13.3,21.1,99,211
14-05-07,Chhattisgarh,Korba,Near Ghantaghar,Residential and others,13.1,20.9,100,210
17-05-07,Chhattisgarh,Korba,Near Ghantaghar,Residential and others,13.7,21.1,97,205
21-05-07,Chhattisgarh,Korba,Near Ghantaghar,Residential and others,13,20.6,97,203
24-05-07,Chhattisgarh,Korba,Near Ghantaghar,Residential and others,13,20.8,99,208
28-05-07,Chhattisgarh,Korba,Near Ghantaghar,Residential and others,13.2,21.6,97,204
31-05-07,Chhattisgarh,Korba,Near Ghantaghar,Residential and others,12.6,20.2,100,210
6/4/2007,Chhattisgarh,Korba,Near Ghantaghar,Residential and others,13.2,20.8,101,212
6/7/2007,Chhattisgarh,Korba,Near Ghantaghar,Residential and others,13.2,20.7,102,214
6/11/2007,Chhattisgarh,Korba,Near Ghantaghar,Residential and others,13.5,21.1,88,187
14-06-07,Chhattisgarh,Korba,Near Ghantaghar,Residential and others,13,21.4,97,204
18-06-07,Chhattisgarh,Korba,Near Ghantaghar,Residential and others,13.1,20.8,94,198
21-06-07,Chhattisgarh,Korba,Near Ghantaghar,Residential and others,12.9,20.7,94,196
25-06-07,Chhattisgarh,Korba,Near Ghantaghar,Residential and others,NA,NA,NA,NA
28-06-07,Chhattisgarh,Korba,Near Ghantaghar,Residential and others,12.7,20.2,93,195
7/2/2007,Chhattisgarh,Korba,Near Ghantaghar,Residential and others,12.8,20.5,84,177
7/5/2007,Chhattisgarh,Korba,Near Ghantaghar,Residential and others,NA,NA,NA,NA
7/9/2007,Chhattisgarh,Korba,Near Ghantaghar,Residential and others,12.7,19.9,81,172
7/12/2007,Chhattisgarh,Korba,Near Ghantaghar,Residential and others,12.5,20.7,88,184
19-07-07,Chhattisgarh,Korba,Near Ghantaghar,Residential and others,12.9,20.4,88,184
23-07-07,Chhattisgarh,Korba,Near Ghantaghar,Residential and others,13.2,21.1,91,191
26-07-07,Chhattisgarh,Korba,Near Ghantaghar,Residential and others,12.7,20.2,86,179
30-07-07,Chhattisgarh,Korba,Near Ghantaghar,Residential and others,13.2,20.9,88,187
8/2/2007,Chhattisgarh,Korba,Near Ghantaghar,Residential and others,12.1,19.8,94,190
8/6/2007,Chhattisgarh,Korba,Near Ghantaghar,Residential and others,NA,NA,NA,NA
8/9/2007,Chhattisgarh,Korba,Near Ghantaghar,Residential and others,13.8,22.1,116,235
16-08-07,Chhattisgarh,Korba,Near Ghantaghar,Residential and others,13.8,21.4,129,235
23-08-07,Chhattisgarh,Korba,Near Ghantaghar,Residential and others,13.2,21,115,230
27-08-07,Chhattisgarh,Korba,Near Ghantaghar,Residential and others,13.4,21.1,101,203
30-08-07,Chhattisgarh,Korba,Near Ghantaghar,Residential and others,13,20.6,101,215
9/3/2007,Chhattisgarh,Korba,Near Ghantaghar,Residential and others,13.4,21.4,102,212
9/6/2007,Chhattisgarh,Korba,Near Ghantaghar,Residential and others,NA,NA,NA,NA
9/10/2007,Chhattisgarh,Korba,Near Ghantaghar,Residential and others,12.7,20.4,103,211
13-09-07,Chhattisgarh,Korba,Near Ghantaghar,Residential and others,13.8,20.9,115,239
17-09-07,Chhattisgarh,Korba,Near Ghantaghar,Residential and others,12.9,20.3,94,195
20-09-07,Chhattisgarh,Korba,Near Ghantaghar,Residential and others,12.5,20.6,95,196
27-09-07,Chhattisgarh,Korba,Near Ghantaghar,Residential and others,12.8,20.4,91,189
10/1/2007,Chhattisgarh,Korba,Near Ghantaghar,Residential and others,12.7,20.1,85,178
10/4/2007,Chhattisgarh,Korba,Near Ghantaghar,Residential and others,12.5,19.2,82,165
10/8/2007,Chhattisgarh,Korba,Near Ghantaghar,Residential and others,13.2,20.3,107,218
10/11/2007,Chhattisgarh,Korba,Near Ghantaghar,Residential and others,12.7,20.3,117,237
15-10-07,Chhattisgarh,Korba,Near Ghantaghar,Residential and others,12.8,20.5,109,229
18-10-07,Chhattisgarh,Korba,Near Ghantaghar,Residential and others,12.8,20.7,106,221
22-10-07,Chhattisgarh,Korba,Near Ghantaghar,Residential and others,12.8,21,101,212
25-10-07,Chhattisgarh,Korba,Near Ghantaghar,Residential and others,13,20.7,107,223
29-10-07,Chhattisgarh,Korba,Near Ghantaghar,Residential and others,12.7,20.5,105,220
11/1/2007,Chhattisgarh,Korba,Near Ghantaghar,Residential and others,NA,NA,NA,NA
11/3/2007,Chhattisgarh,Korba,Near Ghantaghar,Residential and others,12.3,20.2,98,206
11/5/2007,Chhattisgarh,Korba,Near Ghantaghar,Residential and others,12.7,20.4,105,218
11/8/2007,Chhattisgarh,Korba,Near Ghantaghar,Residential and others,13.7,21.6,124,257
11/12/2007,Chhattisgarh,Korba,Near Ghantaghar,Residential and others,12.5,21.6,130,267
15-11-07,Chhattisgarh,Korba,Near Ghantaghar,Residential and others,13.7,21.5,109,215
19-11-07,Chhattisgarh,Korba,Near Ghantaghar,Residential and others,13.2,20.5,106,221
22-11-07,Chhattisgarh,Korba,Near Ghantaghar,Residential and others,12.8,20.6,102,214
26-11-07,Chhattisgarh,Korba,Near Ghantaghar,Residential and others,13.1,21,105,220
29-11-07,Chhattisgarh,Korba,Near Ghantaghar,Residential and others,13.4,20.9,115,232
12/3/2007,Chhattisgarh,Korba,Near Ghantaghar,Residential and others,12.7,20.4,109,228
12/6/2007,Chhattisgarh,Korba,Near Ghantaghar,Residential and others,12.5,20.3,111,232
12/10/2007,Chhattisgarh,Korba,Near Ghantaghar,Residential and others,12.8,20.5,115,238
13-12-07,Chhattisgarh,Korba,Near Ghantaghar,Residential and others,13.4,21.1,115,240
17-12-07,Chhattisgarh,Korba,Near Ghantaghar,Residential and others,13.5,21.4,121,252
20-12-07,Chhattisgarh,Korba,Near Ghantaghar,Residential and others,13,21.5,113,236
24-12-07,Chhattisgarh,Korba,Near Ghantaghar,Residential and others,13.5,21.1,110,229
27-12-07,Chhattisgarh,Korba,Near Ghantaghar,Residential and others,13.4,21.2,116,247
31-12-07,Chhattisgarh,Korba,Near Ghantaghar,Residential and others,13.4,21.3,113,235
1/3/2007,Chhattisgarh,Korba,Pragati Nagar,Residential and others,12.8,20.7,NA,173
1/6/2007,Chhattisgarh,Korba,Pragati Nagar,Residential and others,13.8,21.8,NA,180
1/10/2007,Chhattisgarh,Korba,Pragati Nagar,Residential and others,13.6,21.5,NA,192
13-01-07,Chhattisgarh,Korba,Pragati Nagar,Residential and others,14.2,22.4,NA,194
17-01-07,Chhattisgarh,Korba,Pragati Nagar,Residential and others,13.7,21.3,NA,181
20-01-07,Chhattisgarh,Korba,Pragati Nagar,Residential and others,14,21.7,NA,182
24-01-07,Chhattisgarh,Korba,Pragati Nagar,Residential and others,13.9,21.9,NA,187
27-01-07,Chhattisgarh,Korba,Pragati Nagar,Residential and others,14.1,21.8,NA,192
31-01-07,Chhattisgarh,Korba,Pragati Nagar,Residential and others,14.2,21.5,NA,188
2/3/2007,Chhattisgarh,Korba,Pragati Nagar,Residential and others,13.7,21.2,86,179
2/7/2007,Chhattisgarh,Korba,Pragati Nagar,Residential and others,13.4,21,89,185
2/10/2007,Chhattisgarh,Korba,Pragati Nagar,Residential and others,13.1,21.4,91,189
14-02-07,Chhattisgarh,Korba,Pragati Nagar,Residential and others,12.8,20.7,93,192
17-02-07,Chhattisgarh,Korba,Pragati Nagar,Residential and others,12.3,20.3,90,187
21-02-07,Chhattisgarh,Korba,Pragati Nagar,Residential and others,12.8,20.5,97,199
24-02-07,Chhattisgarh,Korba,Pragati Nagar,Residential and others,12.5,19.9,94,197
28-02-07,Chhattisgarh,Korba,Pragati Nagar,Residential and others,13,21.1,92,194
3/3/2007,Chhattisgarh,Korba,Pragati Nagar,Residential and others,12.8,21.2,94,197
3/7/2007,Chhattisgarh,Korba,Pragati Nagar,Residential and others,13.1,20.4,97,201
3/10/2007,Chhattisgarh,Korba,Pragati Nagar,Residential and others,12.7,21.1,93,197
14-03-07,Chhattisgarh,Korba,Pragati Nagar,Residential and others,13.2,20.7,89,186
17-03-07,Chhattisgarh,Korba,Pragati Nagar,Residential and others,12.2,20.3,92,193
21-03-07,Chhattisgarh,Korba,Pragati Nagar,Residential and others,12.6,20.2,90,189
24-03-07,Chhattisgarh,Korba,Pragati Nagar,Residential and others,12.7,20.7,100,214
28-03-07,Chhattisgarh,Korba,Pragati Nagar,Residential and others,12,19.8,93,194
31-03-07,Chhattisgarh,Korba,Pragati Nagar,Residential and others,13.5,21.1,94,199
4/4/2007,Chhattisgarh,Korba,Pragati Nagar,Residential and others,13.1,20.9,95,201
4/7/2007,Chhattisgarh,Korba,Pragati Nagar,Residential and others,12.8,20.5,97,203
4/11/2007,Chhattisgarh,Korba,Pragati Nagar,Residential and others,13.2,21.2,97,204
14-04-07,Chhattisgarh,Korba,Pragati Nagar,Residential and others,13,21,97,203
18-04-07,Chhattisgarh,Korba,Pragati Nagar,Residential and others,13,20.5,97,202
21-04-07,Chhattisgarh,Korba,Pragati Nagar,Residential and others,12.8,20.4,98,204
25-04-07,Chhattisgarh,Korba,Pragati Nagar,Residential and others,13,20.9,97,204
28-04-07,Chhattisgarh,Korba,Pragati Nagar,Residential and others,12.7,20.3,95,201
5/2/2007,Chhattisgarh,Korba,Pragati Nagar,Residential and others,13.2,20.8,99,210
5/5/2007,Chhattisgarh,Korba,Pragati Nagar,Residential and others,13,21.2,99,209
5/9/2007,Chhattisgarh,Korba,Pragati Nagar,Residential and others,13.1,20.8,95,200
5/12/2007,Chhattisgarh,Korba,Pragati Nagar,Residential and others,12.8,20.6,93,195
16-05-07,Chhattisgarh,Korba,Pragati Nagar,Residential and others,12.8,20.3,92,193
19-05-07,Chhattisgarh,Korba,Pragati Nagar,Residential and others,12.7,20.5,91,191
23-05-07,Chhattisgarh,Korba,Pragati Nagar,Residential and others,13.1,20.8,91,194
26-05-07,Chhattisgarh,Korba,Pragati Nagar,Residential and others,12.8,20.6,88,186
30-05-07,Chhattisgarh,Korba,Pragati Nagar,Residential and others,12.6,20.3,93,196
6/2/2007,Chhattisgarh,Korba,Pragati Nagar,Residential and others,12.7,20.7,95,199
6/6/2007,Chhattisgarh,Korba,Pragati Nagar,Residential and others,12.8,21,97,201
6/9/2007,Chhattisgarh,Korba,Pragati Nagar,Residential and others,12.8,20.7,88,196
13-06-07,Chhattisgarh,Korba,Pragati Nagar,Residential and others,13.4,21,94,196
16-06-07,Chhattisgarh,Korba,Pragati Nagar,Residential and others,13.3,21.3,91,191
20-06-07,Chhattisgarh,Korba,Pragati Nagar,Residential and others,13.4,20.7,93,193
23-06-07,Chhattisgarh,Korba,Pragati Nagar,Residential and others,12.8,21.1,91,191
27-06-07,Chhattisgarh,Korba,Pragati Nagar,Residential and others,12.9,20.9,95,199
30-06-07,Chhattisgarh,Korba,Pragati Nagar,Residential and others,12.7,20.3,84,178
7/4/2007,Chhattisgarh,Korba,Pragati Nagar,Residential and others,12.3,19.9,86,180
7/11/2007,Chhattisgarh,Korba,Pragati Nagar,Residential and others,12.7,20.6,79,166
14-07-07,Chhattisgarh,Korba,Pragati Nagar,Residential and others,12.4,19.9,82,172
18-07-07,Chhattisgarh,Korba,Pragati Nagar,Residential and others,11.7,19.5,76,160
21-07-07,Chhattisgarh,Korba,Pragati Nagar,Residential and others,13,20.9,85,179
25-07-07,Chhattisgarh,Korba,Pragati Nagar,Residential and others,13,21.1,82,176
28-07-07,Chhattisgarh,Korba,Pragati Nagar,Residential and others,12.9,20.6,82,172
8/1/2007,Chhattisgarh,Korba,Pragati Nagar,Residential and others,11.9,19.4,85,176
8/4/2007,Chhattisgarh,Korba,Pragati Nagar,Residential and others,11.5,17.6,72,140
8/8/2007,Chhattisgarh,Korba,Pragati Nagar,Residential and others,12.3,21.6,69,145
8/11/2007,Chhattisgarh,Korba,Pragati Nagar,Residential and others,NA,NA,NA,NA
15-08-07,Chhattisgarh,Korba,Pragati Nagar,Residential and others,12.9,20.3,90,184
18-08-07,Chhattisgarh,Korba,Pragati Nagar,Residential and others,12.8,20.7,92,179
22-08-07,Chhattisgarh,Korba,Pragati Nagar,Residential and others,11.6,19.4,106,194
25-08-07,Chhattisgarh,Korba,Pragati Nagar,Residential and others,11.5,19.8,120,206
29-08-07,Chhattisgarh,Korba,Pragati Nagar,Residential and others,12.3,19.5,81,125
9/1/2007,Chhattisgarh,Korba,Pragati Nagar,Residential and others,12.3,20.1,102,189
9/5/2007,Chhattisgarh,Korba,Pragati Nagar,Residential and others,NA,NA,NA,NA
9/8/2007,Chhattisgarh,Korba,Pragati Nagar,Residential and others,11.9,19.3,84,168
9/12/2007,Chhattisgarh,Korba,Pragati Nagar,Residential and others,11.6,19.7,70,142
15-09-07,Chhattisgarh,Korba,Pragati Nagar,Residential and others,12.2,19.7,88,166
19-09-07,Chhattisgarh,Korba,Pragati Nagar,Residential and others,NA,NA,NA,NA
22-09-07,Chhattisgarh,Korba,Pragati Nagar,Residential and others,12.8,20.2,87,181
26-09-07,Chhattisgarh,Korba,Pragati Nagar,Residential and others,12.2,19.5,88,173
29-09-07,Chhattisgarh,Korba,Pragati Nagar,Residential and others,12.4,20.3,87,182
10/3/2007,Chhattisgarh,Korba,Pragati Nagar,Residential and others,12.3,20.1,84,175
10/6/2007,Chhattisgarh,Korba,Pragati Nagar,Residential and others,12.6,20.2,80,168
10/10/2007,Chhattisgarh,Korba,Pragati Nagar,Residential and others,12.3,20.1,107,200
13-10-07,Chhattisgarh,Korba,Pragati Nagar,Residential and others,12.8,20.5,100,210
17-10-07,Chhattisgarh,Korba,Pragati Nagar,Residential and others,12.3,20.5,97,203
20-10-07,Chhattisgarh,Korba,Pragati Nagar,Residential and others,12.5,20.1,101,212
24-10-07,Chhattisgarh,Korba,Pragati Nagar,Residential and others,12.3,19.8,98,204
27-10-07,Chhattisgarh,Korba,Pragati Nagar,Residential and others,12.2,20.1,95,191
31-10-07,Chhattisgarh,Korba,Pragati Nagar,Residential and others,NA,NA,NA,NA
11/3/2007,Chhattisgarh,Korba,Pragati Nagar,Residential and others,12.3,20.2,98,206
11/7/2007,Chhattisgarh,Korba,Pragati Nagar,Residential and others,12.5,20.1,106,222
11/10/2007,Chhattisgarh,Korba,Pragati Nagar,Residential and others,12.2,20.2,97,206
14-11-07,Chhattisgarh,Korba,Pragati Nagar,Residential and others,12.3,20.4,104,201
17-11-07,Chhattisgarh,Korba,Pragati Nagar,Residential and others,12.6,20.5,99,207
21-11-07,Chhattisgarh,Korba,Pragati Nagar,Residential and others,12.5,20.4,97,204
24-11-07,Chhattisgarh,Korba,Pragati Nagar,Residential and others,12.3,20.3,100,209
28-11-07,Chhattisgarh,Korba,Pragati Nagar,Residential and others,12.7,20.6,93,196
12/1/2007,Chhattisgarh,Korba,Pragati Nagar,Residential and others,12.4,20.3,103,216
12/5/2007,Chhattisgarh,Korba,Pragati Nagar,Residential and others,12.2,20.2,107,224
12/8/2007,Chhattisgarh,Korba,Pragati Nagar,Residential and others,12.4,19.8,100,210
12/12/2007,Chhattisgarh,Korba,Pragati Nagar,Residential and others,12.6,20.5,104,219
15-12-07,Chhattisgarh,Korba,Pragati Nagar,Residential and others,12.8,20.7,111,231
19-12-07,Chhattisgarh,Korba,Pragati Nagar,Residential and others,12.9,21.1,111,230
22-12-07,Chhattisgarh,Korba,Pragati Nagar,Residential and others,13,21.1,109,227
26-12-07,Chhattisgarh,Korba,Pragati Nagar,Residential and others,13.3,20.9,108,225
29-12-07,Chhattisgarh,Korba,Pragati Nagar,Residential and others,12.9,20.8,111,231
1/4/2007,Chhattisgarh,Raipur,Wool Worth I.Pvt.Ltd,Industrial Areas,13.7,34.3,184,305
1/8/2007,Chhattisgarh,Raipur,Wool Worth I.Pvt.Ltd,Industrial Areas,12.8,34,177,298
1/11/2007,Chhattisgarh,Raipur,Wool Worth I.Pvt.Ltd,Industrial Areas,10.8,30.8,171,314
15-01-07,Chhattisgarh,Raipur,Wool Worth I.Pvt.Ltd,Industrial Areas,14.3,35.5,202,346
18-01-07,Chhattisgarh,Raipur,Wool Worth I.Pvt.Ltd,Industrial Areas,13.3,34.5,159,290
22-01-07,Chhattisgarh,Raipur,Wool Worth I.Pvt.Ltd,Industrial Areas,14.3,35.7,187,316
25-01-07,Chhattisgarh,Raipur,Wool Worth I.Pvt.Ltd,Industrial Areas,12.2,33.2,209,346
29-01-07,Chhattisgarh,Raipur,Wool Worth I.Pvt.Ltd,Industrial Areas,13.2,34.3,188,333
2/1/2007,Chhattisgarh,Raipur,Wool Worth I.Pvt.Ltd,Industrial Areas,13.8,35.8,196,327
2/5/2007,Chhattisgarh,Raipur,Wool Worth I.Pvt.Ltd,Industrial Areas,14.8,36.5,210,345
2/8/2007,Chhattisgarh,Raipur,Wool Worth I.Pvt.Ltd,Industrial Areas,14.5,37.5,207,344
2/12/2007,Chhattisgarh,Raipur,Wool Worth I.Pvt.Ltd,Industrial Areas,16.3,39,155,284
15-02-07,Chhattisgarh,Raipur,Wool Worth I.Pvt.Ltd,Industrial Areas,12.2,33.5,188,321
19-02-07,Chhattisgarh,Raipur,Wool Worth I.Pvt.Ltd,Industrial Areas,14.7,37.3,190,324
22-02-07,Chhattisgarh,Raipur,Wool Worth I.Pvt.Ltd,Industrial Areas,13.7,34.5,179,322
26-02-07,Chhattisgarh,Raipur,Wool Worth I.Pvt.Ltd,Industrial Areas,12.5,32.8,171,288
3/1/2007,Chhattisgarh,Raipur,Wool Worth I.Pvt.Ltd,Industrial Areas,12.3,33.5,168,297
3/5/2007,Chhattisgarh,Raipur,Wool Worth I.Pvt.Ltd,Industrial Areas,14,36.1,190,318
3/8/2007,Chhattisgarh,Raipur,Wool Worth I.Pvt.Ltd,Industrial Areas,8,28.2,180,288
3/12/2007,Chhattisgarh,Raipur,Wool Worth I.Pvt.Ltd,Industrial Areas,12.5,33.1,183,309
15-03-07,Chhattisgarh,Raipur,Wool Worth I.Pvt.Ltd,Industrial Areas,13.8,36.3,160,280
19-03-07,Chhattisgarh,Raipur,Wool Worth I.Pvt.Ltd,Industrial Areas,12,31.6,179,311
22-03-07,Chhattisgarh,Raipur,Wool Worth I.Pvt.Ltd,Industrial Areas,13.3,35.1,163,286
26-03-07,Chhattisgarh,Raipur,Wool Worth I.Pvt.Ltd,Industrial Areas,14,36.8,173,295
29-03-07,Chhattisgarh,Raipur,Wool Worth I.Pvt.Ltd,Industrial Areas,12.6,32.8,175,302
4/2/2007,Chhattisgarh,Raipur,Wool Worth I.Pvt.Ltd,Industrial Areas,12.1,34.6,204,327
4/5/2007,Chhattisgarh,Raipur,Wool Worth I.Pvt.Ltd,Industrial Areas,13.8,36.5,192,329
4/9/2007,Chhattisgarh,Raipur,Wool Worth I.Pvt.Ltd,Industrial Areas,10.8,31,211,332
4/12/2007,Chhattisgarh,Raipur,Wool Worth I.Pvt.Ltd,Industrial Areas,11.8,32.6,192,322
16-04-07,Chhattisgarh,Raipur,Wool Worth I.Pvt.Ltd,Industrial Areas,16,38.7,223,339
19-04-07,Chhattisgarh,Raipur,Wool Worth I.Pvt.Ltd,Industrial Areas,11.1,31,206,343
23-04-07,Chhattisgarh,Raipur,Wool Worth I.Pvt.Ltd,Industrial Areas,14,36.1,220,334
26-04-07,Chhattisgarh,Raipur,Wool Worth I.Pvt.Ltd,Industrial Areas,11.8,34.3,203,305
30-04-07,Chhattisgarh,Raipur,Wool Worth I.Pvt.Ltd,Industrial Areas,13.5,36.3,226,331
5/3/2007,Chhattisgarh,Raipur,Wool Worth I.Pvt.Ltd,Industrial Areas,11.7,33.5,182,308
5/7/2007,Chhattisgarh,Raipur,Wool Worth I.Pvt.Ltd,Industrial Areas,13.3,35.8,186,313
5/10/2007,Chhattisgarh,Raipur,Wool Worth I.Pvt.Ltd,Industrial Areas,12.5,33.8,251,385
14-05-07,Chhattisgarh,Raipur,Wool Worth I.Pvt.Ltd,Industrial Areas,11.5,32.7,197,332
17-05-07,Chhattisgarh,Raipur,Wool Worth I.Pvt.Ltd,Industrial Areas,12.5,36.5,165,289
21-05-07,Chhattisgarh,Raipur,Wool Worth I.Pvt.Ltd,Industrial Areas,NA,NA,142,284
24-05-07,Chhattisgarh,Raipur,Wool Worth I.Pvt.Ltd,Industrial Areas,14.3,33.2,192,317
28-05-07,Chhattisgarh,Raipur,Wool Worth I.Pvt.Ltd,Industrial Areas,14.2,33.3,144,271
31-05-07,Chhattisgarh,Raipur,Wool Worth I.Pvt.Ltd,Industrial Areas,NA,NA,140,261
6/4/2007,Chhattisgarh,Raipur,Wool Worth I.Pvt.Ltd,Industrial Areas,12.7,33.3,152,256
6/7/2007,Chhattisgarh,Raipur,Wool Worth I.Pvt.Ltd,Industrial Areas,14.3,35.3,139,247
6/11/2007,Chhattisgarh,Raipur,Wool Worth I.Pvt.Ltd,Industrial Areas,13.7,35.8,135,240
14-06-07,Chhattisgarh,Raipur,Wool Worth I.Pvt.Ltd,Industrial Areas,15,36.2,143,249
18-06-07,Chhattisgarh,Raipur,Wool Worth I.Pvt.Ltd,Industrial Areas,NA,NA,115,224
21-06-07,Chhattisgarh,Raipur,Wool Worth I.Pvt.Ltd,Industrial Areas,NA,NA,NA,NA
28-06-07,Chhattisgarh,Raipur,Wool Worth I.Pvt.Ltd,Industrial Areas,NA,NA,NA,NA
7/5/2007,Chhattisgarh,Raipur,Wool Worth I.Pvt.Ltd,Industrial Areas,12.7,32.8,171,291
7/9/2007,Chhattisgarh,Raipur,Wool Worth I.Pvt.Ltd,Industrial Areas,NA,NA,130,249
7/12/2007,Chhattisgarh,Raipur,Wool Worth I.Pvt.Ltd,Industrial Areas,NA,NA,126,235
19-07-07,Chhattisgarh,Raipur,Wool Worth I.Pvt.Ltd,Industrial Areas,13.3,35,155,281
23-07-07,Chhattisgarh,Raipur,Wool Worth I.Pvt.Ltd,Industrial Areas,NA,NA,137,245
26-07-07,Chhattisgarh,Raipur,Wool Worth I.Pvt.Ltd,Industrial Areas,NA,NA,130,225
30-07-07,Chhattisgarh,Raipur,Wool Worth I.Pvt.Ltd,Industrial Areas,NA,NA,129,218
8/2/2007,Chhattisgarh,Raipur,Wool Worth I.Pvt.Ltd,Industrial Areas,NA,NA,145,244
8/9/2007,Chhattisgarh,Raipur,Wool Worth I.Pvt.Ltd,Industrial Areas,13.2,34.3,143,267
16-08-07,Chhattisgarh,Raipur,Wool Worth I.Pvt.Ltd,Industrial Areas,13.5,36.2,143,261
23-08-07,Chhattisgarh,Raipur,Wool Worth I.Pvt.Ltd,Industrial Areas,NA,NA,145,259
30-08-07,Chhattisgarh,Raipur,Wool Worth I.Pvt.Ltd,Industrial Areas,11.8,33.8,163,301
9/3/2007,Chhattisgarh,Raipur,Wool Worth I.Pvt.Ltd,Industrial Areas,NA,NA,145,251
9/6/2007,Chhattisgarh,Raipur,Wool Worth I.Pvt.Ltd,Industrial Areas,11.2,32.8,159,272
9/10/2007,Chhattisgarh,Raipur,Wool Worth I.Pvt.Ltd,Industrial Areas,NA,NA,NA,NA
13-09-07,Chhattisgarh,Raipur,Wool Worth I.Pvt.Ltd,Industrial Areas,12.7,32.7,158,277
17-09-07,Chhattisgarh,Raipur,Wool Worth I.Pvt.Ltd,Industrial Areas,13.3,31.7,157,265
20-09-07,Chhattisgarh,Raipur,Wool Worth I.Pvt.Ltd,Industrial Areas,NA,NA,NA,NA
24-09-07,Chhattisgarh,Raipur,Wool Worth I.Pvt.Ltd,Industrial Areas,NA,NA,152,331
10/1/2007,Chhattisgarh,Raipur,Wool Worth I.Pvt.Ltd,Industrial Areas,13.3,33.5,151,251
10/4/2007,Chhattisgarh,Raipur,Wool Worth I.Pvt.Ltd,Industrial Areas,13.2,32.5,200,340
10/8/2007,Chhattisgarh,Raipur,Wool Worth I.Pvt.Ltd,Industrial Areas,12.3,31.8,154,278
10/11/2007,Chhattisgarh,Raipur,Wool Worth I.Pvt.Ltd,Industrial Areas,13.5,33.7,187,319
15-10-07,Chhattisgarh,Raipur,Wool Worth I.Pvt.Ltd,Industrial Areas,15.2,35.5,185,319
18-10-07,Chhattisgarh,Raipur,Wool Worth I.Pvt.Ltd,Industrial Areas,14.7,36.2,170,304
22-10-07,Chhattisgarh,Raipur,Wool Worth I.Pvt.Ltd,Industrial Areas,14.7,35.8,170,290
25-10-07,Chhattisgarh,Raipur,Wool Worth I.Pvt.Ltd,Industrial Areas,14.3,34.3,181,312
29-10-07,Chhattisgarh,Raipur,Wool Worth I.Pvt.Ltd,Industrial Areas,13.2,30.7,181,308
11/1/2007,Chhattisgarh,Raipur,Wool Worth I.Pvt.Ltd,Industrial Areas,14.5,37,177,295
11/5/2007,Chhattisgarh,Raipur,Wool Worth I.Pvt.Ltd,Industrial Areas,13.3,34.7,177,302
11/8/2007,Chhattisgarh,Raipur,Wool Worth I.Pvt.Ltd,Industrial Areas,14.3,36.7,167,298
11/12/2007,Chhattisgarh,Raipur,Wool Worth I.Pvt.Ltd,Industrial Areas,12.7,32,183,312
15-11-07,Chhattisgarh,Raipur,Wool Worth I.Pvt.Ltd,Industrial Areas,13.7,33.3,176,320
19-11-07,Chhattisgarh,Raipur,Wool Worth I.Pvt.Ltd,Industrial Areas,14.2,34.7,192,331
22-11-07,Chhattisgarh,Raipur,Wool Worth I.Pvt.Ltd,Industrial Areas,14.7,34.7,210,356
26-11-07,Chhattisgarh,Raipur,Wool Worth I.Pvt.Ltd,Industrial Areas,13.7,33.3,198,337
29-11-07,Chhattisgarh,Raipur,Wool Worth I.Pvt.Ltd,Industrial Areas,14.8,35.3,219,371
12/3/2007,Chhattisgarh,Raipur,Wool Worth I.Pvt.Ltd,Industrial Areas,14.7,34.8,235,387
12/6/2007,Chhattisgarh,Raipur,Wool Worth I.Pvt.Ltd,Industrial Areas,14.7,37.8,205,352
12/10/2007,Chhattisgarh,Raipur,Wool Worth I.Pvt.Ltd,Industrial Areas,14.7,31.8,204,332
13-12-07,Chhattisgarh,Raipur,Wool Worth I.Pvt.Ltd,Industrial Areas,15.7,35.5,190,335
17-12-07,Chhattisgarh,Raipur,Wool Worth I.Pvt.Ltd,Industrial Areas,15.5,35.2,190,332
20-12-07,Chhattisgarh,Raipur,Wool Worth I.Pvt.Ltd,Industrial Areas,16.7,37.5,219,364
24-12-07,Chhattisgarh,Raipur,Wool Worth I.Pvt.Ltd,Industrial Areas,15.2,34.5,194,343
27-12-07,Chhattisgarh,Raipur,Wool Worth I.Pvt.Ltd,Industrial Areas,15.5,35.5,205,358
31-12-07,Chhattisgarh,Raipur,Wool Worth I.Pvt.Ltd,Industrial Areas,17.2,39.5,182,320
1/2/2007,Chhattisgarh,Raipur,"New HIG - 9, Hirapur",Residential and others,14.7,37.3,133,248
1/5/2007,Chhattisgarh,Raipur,"New HIG - 9, Hirapur",Residential and others,15.5,38.8,149,259
1/9/2007,Chhattisgarh,Raipur,"New HIG - 9, Hirapur",Residential and others,15.7,38,136,244
1/12/2007,Chhattisgarh,Raipur,"New HIG - 9, Hirapur",Residential and others,14.5,36.5,134,245
16-01-07,Chhattisgarh,Raipur,"New HIG - 9, Hirapur",Residential and others,13.7,33.2,139,255
19-01-07,Chhattisgarh,Raipur,"New HIG - 9, Hirapur",Residential and others,13.3,32.8,138,255
23-01-07,Chhattisgarh,Raipur,"New HIG - 9, Hirapur",Residential and others,15.5,37,152,257
30-01-07,Chhattisgarh,Raipur,"New HIG - 9, Hirapur",Residential and others,15.2,38,138,248
2/2/2007,Chhattisgarh,Raipur,"New HIG - 9, Hirapur",Residential and others,16.2,39.2,152,267
2/6/2007,Chhattisgarh,Raipur,"New HIG - 9, Hirapur",Residential and others,16.3,38.3,159,276
2/9/2007,Chhattisgarh,Raipur,"New HIG - 9, Hirapur",Residential and others,15.3,37,145,264
20-02-07,Chhattisgarh,Raipur,"New HIG - 9, Hirapur",Residential and others,17,40.2,142,261
23-02-07,Chhattisgarh,Raipur,"New HIG - 9, Hirapur",Residential and others,13.5,34.5,128,232
27-02-07,Chhattisgarh,Raipur,"New HIG - 9, Hirapur",Residential and others,14.7,36,126,234
3/2/2007,Chhattisgarh,Raipur,"New HIG - 9, Hirapur",Residential and others,14.1,36.8,135,252
3/6/2007,Chhattisgarh,Raipur,"New HIG - 9, Hirapur",Residential and others,15.5,38.3,142,257
3/9/2007,Chhattisgarh,Raipur,"New HIG - 9, Hirapur",Residential and others,16.3,38,134,249
13-03-07,Chhattisgarh,Raipur,"New HIG - 9, Hirapur",Residential and others,12,32,140,242
16-03-07,Chhattisgarh,Raipur,"New HIG - 9, Hirapur",Residential and others,14.5,35.3,133,247
20-03-07,Chhattisgarh,Raipur,"New HIG - 9, Hirapur",Residential and others,14.8,34.8,131,245
23-03-07,Chhattisgarh,Raipur,"New HIG - 9, Hirapur",Residential and others,15.5,39,157,276
30-03-07,Chhattisgarh,Raipur,"New HIG - 9, Hirapur",Residential and others,15,37.1,154,268
4/3/2007,Chhattisgarh,Raipur,"New HIG - 9, Hirapur",Residential and others,15.5,38.6,143,253
4/10/2007,Chhattisgarh,Raipur,"New HIG - 9, Hirapur",Residential and others,13.7,34,156,282
13-04-07,Chhattisgarh,Raipur,"New HIG - 9, Hirapur",Residential and others,16.5,40.5,168,263
17-04-07,Chhattisgarh,Raipur,"New HIG - 9, Hirapur",Residential and others,14.5,36.3,174,288
20-04-07,Chhattisgarh,Raipur,"New HIG - 9, Hirapur",Residential and others,12.3,31.5,160,281
24-04-07,Chhattisgarh,Raipur,"New HIG - 9, Hirapur",Residential and others,15.1,38.5,168,269
27-04-07,Chhattisgarh,Raipur,"New HIG - 9, Hirapur",Residential and others,11.8,32.1,190,301
5/1/2007,Chhattisgarh,Raipur,"New HIG - 9, Hirapur",Residential and others,14.7,35,152,268
5/4/2007,Chhattisgarh,Raipur,"New HIG - 9, Hirapur",Residential and others,14,35.2,146,270
5/8/2007,Chhattisgarh,Raipur,"New HIG - 9, Hirapur",Residential and others,15.2,37.7,185,293
5/11/2007,Chhattisgarh,Raipur,"New HIG - 9, Hirapur",Residential and others,NA,NA,158,292
15-05-07,Chhattisgarh,Raipur,"New HIG - 9, Hirapur",Residential and others,NA,NA,137,247
18-05-07,Chhattisgarh,Raipur,"New HIG - 9, Hirapur",Residential and others,14.7,37.2,135,249
22-05-07,Chhattisgarh,Raipur,"New HIG - 9, Hirapur",Residential and others,12,33.2,144,257
25-05-07,Chhattisgarh,Raipur,"New HIG - 9, Hirapur",Residential and others,14.7,36.5,148,261
29-05-07,Chhattisgarh,Raipur,"New HIG - 9, Hirapur",Residential and others,16.2,40.3,146,255
6/1/2007,Chhattisgarh,Raipur,"New HIG - 9, Hirapur",Residential and others,13.5,34.3,113,201
6/8/2007,Chhattisgarh,Raipur,"New HIG - 9, Hirapur",Residential and others,15.3,37.8,114,204
6/12/2007,Chhattisgarh,Raipur,"New HIG - 9, Hirapur",Residential and others,14,36,106,195
15-06-07,Chhattisgarh,Raipur,"New HIG - 9, Hirapur",Residential and others,14.2,35.7,96,180
19-06-07,Chhattisgarh,Raipur,"New HIG - 9, Hirapur",Residential and others,16,37.7,100,192
22-06-07,Chhattisgarh,Raipur,"New HIG - 9, Hirapur",Residential and others,14.2,34.7,96,178
29-06-07,Chhattisgarh,Raipur,"New HIG - 9, Hirapur",Residential and others,NA,NA,NA,NA
7/3/2007,Chhattisgarh,Raipur,"New HIG - 9, Hirapur",Residential and others,16.5,41.8,107,203
7/6/2007,Chhattisgarh,Raipur,"New HIG - 9, Hirapur",Residential and others,NA,NA,NA,NA
7/10/2007,Chhattisgarh,Raipur,"New HIG - 9, Hirapur",Residential and others,NA,NA,90,182
17-07-07,Chhattisgarh,Raipur,"New HIG - 9, Hirapur",Residential and others,NA,NA,85,167
20-07-07,Chhattisgarh,Raipur,"New HIG - 9, Hirapur",Residential and others,15.7,36.3,105,179
24-07-07,Chhattisgarh,Raipur,"New HIG - 9, Hirapur",Residential and others,14.3,35.5,111,189
27-07-07,Chhattisgarh,Raipur,"New HIG - 9, Hirapur",Residential and others,NA,NA,90,158
31-07-07,Chhattisgarh,Raipur,"New HIG - 9, Hirapur",Residential and others,13.5,33.3,88,166
8/3/2007,Chhattisgarh,Raipur,"New HIG - 9, Hirapur",Residential and others,15,36,94,192
8/10/2007,Chhattisgarh,Raipur,"New HIG - 9, Hirapur",Residential and others,NA,NA,90,186
14-08-07,Chhattisgarh,Raipur,"New HIG - 9, Hirapur",Residential and others,15.7,36.8,137,244
17-08-07,Chhattisgarh,Raipur,"New HIG - 9, Hirapur",Residential and others,14.5,34.7,119,220
21-08-07,Chhattisgarh,Raipur,"New HIG - 9, Hirapur",Residential and others,14,34.7,125,235
24-08-07,Chhattisgarh,Raipur,"New HIG - 9, Hirapur",Residential and others,NA,NA,122,221
9/4/2007,Chhattisgarh,Raipur,"New HIG - 9, Hirapur",Residential and others,9.2,32.6,95,181
9/11/2007,Chhattisgarh,Raipur,"New HIG - 9, Hirapur",Residential and others,16.3,38.3,116,213
14-09-07,Chhattisgarh,Raipur,"New HIG - 9, Hirapur",Residential and others,15.7,36.2,128,229
18-09-07,Chhattisgarh,Raipur,"New HIG - 9, Hirapur",Residential and others,15.7,36.3,131,230
21-09-07,Chhattisgarh,Raipur,"New HIG - 9, Hirapur",Residential and others,NA,NA,NA,NA
25-09-07,Chhattisgarh,Raipur,"New HIG - 9, Hirapur",Residential and others,NA,NA,102,188
28-09-07,Chhattisgarh,Raipur,"New HIG - 9, Hirapur",Residential and others,13.8,37.5,123,234
10/5/2007,Chhattisgarh,Raipur,"New HIG - 9, Hirapur",Residential and others,17.3,38,118,227
10/9/2007,Chhattisgarh,Raipur,"New HIG - 9, Hirapur",Residential and others,16.7,36.8,125,235
10/12/2007,Chhattisgarh,Raipur,"New HIG - 9, Hirapur",Residential and others,16,36,127,234
16-10-07,Chhattisgarh,Raipur,"New HIG - 9, Hirapur",Residential and others,15.5,33.5,131,247
23-10-07,Chhattisgarh,Raipur,"New HIG - 9, Hirapur",Residential and others,17.5,38.2,124,225
26-10-07,Chhattisgarh,Raipur,"New HIG - 9, Hirapur",Residential and others,14.5,34,171,276
30-10-07,Chhattisgarh,Raipur,"New HIG - 9, Hirapur",Residential and others,16.2,38.2,126,223
11/2/2007,Chhattisgarh,Raipur,"New HIG - 9, Hirapur",Residential and others,15.3,31.2,135,240
11/6/2007,Chhattisgarh,Raipur,"New HIG - 9, Hirapur",Residential and others,16.5,39.2,132,238
11/12/2007,Chhattisgarh,Raipur,"New HIG - 9, Hirapur",Residential and others,14.8,11.8,205,388
13-11-07,Chhattisgarh,Raipur,"New HIG - 9, Hirapur",Residential and others,14.8,35,135,249
16-11-07,Chhattisgarh,Raipur,"New HIG - 9, Hirapur",Residential and others,17.3,37.8,154,278
20-11-07,Chhattisgarh,Raipur,"New HIG - 9, Hirapur",Residential and others,16.7,39.2,150,262
23-11-07,Chhattisgarh,Raipur,"New HIG - 9, Hirapur",Residential and others,17.5,38,140,252
27-11-07,Chhattisgarh,Raipur,"New HIG - 9, Hirapur",Residential and others,12.2,34.2,145,254
30-11-07,Chhattisgarh,Raipur,"New HIG - 9, Hirapur",Residential and others,13.8,33,169,294
12/4/2007,Chhattisgarh,Raipur,"New HIG - 9, Hirapur",Residential and others,16.8,38.8,135,251
12/7/2007,Chhattisgarh,Raipur,"New HIG - 9, Hirapur",Residential and others,18.5,41.7,151,269
12/11/2007,Chhattisgarh,Raipur,"New HIG - 9, Hirapur",Residential and others,16.7,40.3,145,261
14-12-07,Chhattisgarh,Raipur,"New HIG - 9, Hirapur",Residential and others,19,41,135,254
28-12-07,Chhattisgarh,Raipur,"New HIG - 9, Hirapur",Residential and others,17.5,39.2,134,254
1/3/2007,Chhattisgarh,Raipur,Yatayat Thana,Residential and others,13.5,35.3,121,221
1/6/2007,Chhattisgarh,Raipur,Yatayat Thana,Residential and others,13.7,35.7,124,229
1/10/2007,Chhattisgarh,Raipur,Yatayat Thana,Residential and others,12.8,34,122,222
13-01-07,Chhattisgarh,Raipur,Yatayat Thana,Residential and others,14.7,37.3,128,234
17-01-07,Chhattisgarh,Raipur,Yatayat Thana,Residential and others,13.7,34.2,127,227
20-01-07,Chhattisgarh,Raipur,Yatayat Thana,Residential and others,13.5,34.8,141,245
24-01-07,Chhattisgarh,Raipur,Yatayat Thana,Residential and others,12.3,31.8,116,216
27-01-07,Chhattisgarh,Raipur,Yatayat Thana,Residential and others,13.3,34.7,132,234
31-01-07,Chhattisgarh,Raipur,Yatayat Thana,Residential and others,14.3,34.8,123,216
2/3/2007,Chhattisgarh,Raipur,Yatayat Thana,Residential and others,14.2,34.8,120,226
2/7/2007,Chhattisgarh,Raipur,Yatayat Thana,Residential and others,15.2,36.8,115,208
2/10/2007,Chhattisgarh,Raipur,Yatayat Thana,Residential and others,14,36.2,123,224
14-02-07,Chhattisgarh,Raipur,Yatayat Thana,Residential and others,15.2,38,131,232
17-02-07,Chhattisgarh,Raipur,Yatayat Thana,Residential and others,14.2,34.7,125,233
21-02-07,Chhattisgarh,Raipur,Yatayat Thana,Residential and others,NA,NA,NA,NA
21-03-07,Chhattisgarh,Raipur,Yatayat Thana,Residential and others,12,31.5,NA,159
24-03-07,Chhattisgarh,Raipur,Yatayat Thana,Residential and others,14.8,36.5,NA,171
28-03-07,Chhattisgarh,Raipur,Yatayat Thana,Residential and others,13.8,34.3,NA,180
4/4/2007,Chhattisgarh,Raipur,Yatayat Thana,Residential and others,14,37.1,NA,195
4/7/2007,Chhattisgarh,Raipur,Yatayat Thana,Residential and others,NA,NA,NA,185
4/11/2007,Chhattisgarh,Raipur,Yatayat Thana,Residential and others,14.6,36.8,NA,179
18-04-07,Chhattisgarh,Raipur,Yatayat Thana,Residential and others,NA,NA,NA,145
21-04-07,Chhattisgarh,Raipur,Yatayat Thana,Residential and others,13.6,36.1,NA,194
25-04-07,Chhattisgarh,Raipur,Yatayat Thana,Residential and others,14,36,NA,182
28-04-07,Chhattisgarh,Raipur,Yatayat Thana,Residential and others,13.3,36.3,NA,200
5/5/2007,Chhattisgarh,Raipur,Yatayat Thana,Residential and others,12.5,33.5,NA,198
5/9/2007,Chhattisgarh,Raipur,Yatayat Thana,Residential and others,13.5,37,NA,196
5/12/2007,Chhattisgarh,Raipur,Yatayat Thana,Residential and others,NA,NA,NA,183
16-05-07,Chhattisgarh,Raipur,Yatayat Thana,Residential and others,15.8,37.3,NA,205
19-05-07,Chhattisgarh,Raipur,Yatayat Thana,Residential and others,15,38,NA,194
23-05-07,Chhattisgarh,Raipur,Yatayat Thana,Residential and others,12.3,31.8,NA,216
26-05-07,Chhattisgarh,Raipur,Yatayat Thana,Residential and others,15.2,38.3,NA,224
30-05-07,Chhattisgarh,Raipur,Yatayat Thana,Residential and others,13.2,31.8,NA,183
6/2/2007,Chhattisgarh,Raipur,Yatayat Thana,Residential and others,13.2,32.8,112,209
6/6/2007,Chhattisgarh,Raipur,Yatayat Thana,Residential and others,11,30.8,105,194
6/9/2007,Chhattisgarh,Raipur,Yatayat Thana,Residential and others,14.2,36.5,116,216
13-06-07,Chhattisgarh,Raipur,Yatayat Thana,Residential and others,14.8,37.7,112,195
16-06-07,Chhattisgarh,Raipur,Yatayat Thana,Residential and others,NA,NA,98,179
20-06-07,Chhattisgarh,Raipur,Yatayat Thana,Residential and others,NA,NA,NA,NA
23-06-07,Chhattisgarh,Raipur,Yatayat Thana,Residential and others,13.5,32.2,90,167
7/4/2007,Chhattisgarh,Raipur,Yatayat Thana,Residential and others,13,35.3,99,188
7/11/2007,Chhattisgarh,Raipur,Yatayat Thana,Residential and others,15,38,105,202
18-07-07,Chhattisgarh,Raipur,Yatayat Thana,Residential and others,15.2,37.7,102,192
21-07-07,Chhattisgarh,Raipur,Yatayat Thana,Residential and others,14.7,35.5,107,196
25-07-07,Chhattisgarh,Raipur,Yatayat Thana,Residential and others,NA,NA,87,157
28-07-07,Chhattisgarh,Raipur,Yatayat Thana,Residential and others,NA,NA,83,185
8/1/2007,Chhattisgarh,Raipur,Yatayat Thana,Residential and others,14,35.2,98,179
8/4/2007,Chhattisgarh,Raipur,Yatayat Thana,Residential and others,NA,NA,81,163
8/8/2007,Chhattisgarh,Raipur,Yatayat Thana,Residential and others,12.2,31.2,89,164
8/11/2007,Chhattisgarh,Raipur,Yatayat Thana,Residential and others,NA,NA,87,155
18-08-07,Chhattisgarh,Raipur,Yatayat Thana,Residential and others,14.7,35.7,111,198
22-08-07,Chhattisgarh,Raipur,Yatayat Thana,Residential and others,12.2,31.8,103,191
29-08-07,Chhattisgarh,Raipur,Yatayat Thana,Residential and others,13.7,34.2,97,192
9/5/2007,Chhattisgarh,Raipur,Yatayat Thana,Residential and others,NA,NA,98,179
9/12/2007,Chhattisgarh,Raipur,Yatayat Thana,Residential and others,12.8,30.7,107,201
15-09-07,Chhattisgarh,Raipur,Yatayat Thana,Residential and others,13.7,34.5,105,189
19-09-07,Chhattisgarh,Raipur,Yatayat Thana,Residential and others,NA,NA,98,183
22-09-07,Chhattisgarh,Raipur,Yatayat Thana,Residential and others,NA,NA,NA,NA
10/3/2007,Chhattisgarh,Raipur,Yatayat Thana,Residential and others,16.3,38.3,108,192
10/6/2007,Chhattisgarh,Raipur,Yatayat Thana,Residential and others,11.5,34.5,125,227
10/10/2007,Chhattisgarh,Raipur,Yatayat Thana,Residential and others,14.2,35.5,125,218
13-10-07,Chhattisgarh,Raipur,Yatayat Thana,Residential and others,12.7,31.3,115,211
17-10-07,Chhattisgarh,Raipur,Yatayat Thana,Residential and others,14.8,36,112,207
20-10-07,Chhattisgarh,Raipur,Yatayat Thana,Residential and others,17.3,40,117,216
24-10-07,Chhattisgarh,Raipur,Yatayat Thana,Residential and others,15.3,36.3,109,204
27-10-07,Chhattisgarh,Raipur,Yatayat Thana,Residential and others,14.5,32.8,115,211
31-10-07,Chhattisgarh,Raipur,Yatayat Thana,Residential and others,15.5,36.3,123,216
11/3/2007,Chhattisgarh,Raipur,Yatayat Thana,Residential and others,13.8,33,121,215
11/7/2007,Chhattisgarh,Raipur,Yatayat Thana,Residential and others,15.5,34.8,124,223
11/10/2007,Chhattisgarh,Raipur,Yatayat Thana,Residential and others,16,38,120,214
14-11-07,Chhattisgarh,Raipur,Yatayat Thana,Residential and others,16.2,37.2,121,222
17-11-07,Chhattisgarh,Raipur,Yatayat Thana,Residential and others,14.8,36.2,120,224
21-11-07,Chhattisgarh,Raipur,Yatayat Thana,Residential and others,15.7,35.8,133,240
28-11-07,Chhattisgarh,Raipur,Yatayat Thana,Residential and others,13.8,32.7,148,254
12/1/2007,Chhattisgarh,Raipur,Yatayat Thana,Residential and others,14.5,33.5,130,231
12/5/2007,Chhattisgarh,Raipur,Yatayat Thana,Residential and others,16,36.7,133,232
12/8/2007,Chhattisgarh,Raipur,Yatayat Thana,Residential and others,16.7,36.7,133,236
12/12/2007,Chhattisgarh,Raipur,Yatayat Thana,Residential and others,15.7,35,135,232
15-12-07,Chhattisgarh,Raipur,Yatayat Thana,Residential and others,17.7,38.7,139,241
19-12-07,Chhattisgarh,Raipur,Yatayat Thana,Residential and others,16.5,37.3,130,227
22-12-07,Chhattisgarh,Raipur,Yatayat Thana,Residential and others,14.8,34.5,127,230
26-12-07,Chhattisgarh,Raipur,Yatayat Thana,Residential and others,18.3,38.7,126,225
29-12-07,Chhattisgarh,Raipur,Yatayat Thana,Residential and others,17.5,38.7,124,221
