Stn Code,Sampling Date,State,City/Town/Village/Area,Agency,Type of Location,SO2,NO2,RSPM/PM10,SPM
243,January - M011996,Rajasthan,Alwar,Andhra Pradesh  Pollution Control Board,NA,29.4,70.4,NA,365
219,January - M011996,Rajasthan,Alwar,Rajasthan Pollution Control Board,NA,34.9,66.9,NA,309
250,January - M011996,Rajasthan,Alwar,Rajasthan Pollution Control Board,NA,30.2,67.8,NA,532
20,January - M011996,Rajasthan,Kota,Rajasthan Pollution Control Board,"Residential, Rural and other Areas",7,76.8,NA,90
17,January - M011996,Rajasthan,Kota,Rajasthan Pollution Control Board,Industrial Area,6.6,54.2,NA,259
18,January - M011996,Rajasthan,Kota,Rajasthan Pollution Control Board,Sensitive,NA,NA,NA,232
272,January - M011996,Rajasthan,Jodhpur,RPCB,"Residential, Rural and other Areas",35.5,22.7,NA,336
273,January - M011996,Rajasthan,Jodhpur,Rajasthan State Pollution Control Board,"Residential, Rural and other Areas",36.2,26.5,NA,518
274,January - M011996,Rajasthan,Jodhpur,Rajasthan State Pollution Control Board,Industrial Area,36.5,25.5,NA,321
293,January - M011996,Rajasthan,Udaipur,Rajasthan State Pollution Control Board,"Residential, Rural and other Areas",11.8,34.2,NA,255
294,January - M011996,Rajasthan,Udaipur,Rajasthan State Pollution Control Board,"Residential, Rural and other Areas",15.2,25.2,NA,260
295,January - M011996,Rajasthan,Udaipur,Rajasthan State Pollution Control Board,Industrial Area,14.2,41.4,NA,473
296,January - M011996,Rajasthan,Jaipur,Rajasthan State Pollution Control Board,"Residential, Rural and other Areas",12.6,27.9,NA,228
297,January - M011996,Rajasthan,Jaipur,Rajasthan State Pollution Control Board,Industrial Area,18.9,27.3,NA,176
298,January - M011996,Rajasthan,Jaipur,Rajasthan State Pollution Control Board,"Residential, Rural and other Areas",5.8,22.7,NA,138
291,January - M011996,Rajasthan,Chittorgarh,RJPB,Industrial Area,15.9,34.3,NA,92
157,January - M011996,Rajasthan,Jaipur,NA,"Residential, Rural and other Areas",6.1,22.3,NA,161
156,January - M011996,Rajasthan,Jaipur,NA,"Residential, Rural and other Areas",6.7,26.9,NA,237
158,January - M011996,Rajasthan,Jaipur,NA,Industrial Area,8,54.2,NA,289
243,February - M021996,Rajasthan,Alwar,Andhra Pradesh  Pollution Control Board,NA,25.5,77.9,NA,420
219,February - M021996,Rajasthan,Alwar,Rajasthan Pollution Control Board,NA,33.8,73.7,NA,233
250,February - M021996,Rajasthan,Alwar,Rajasthan Pollution Control Board,NA,28.9,78.8,NA,369
20,February - M021996,Rajasthan,Kota,Rajasthan Pollution Control Board,"Residential, Rural and other Areas",9.1,55.8,NA,154
18,February - M021996,Rajasthan,Kota,Rajasthan Pollution Control Board,Sensitive,NA,NA,NA,128
17,February - M021996,Rajasthan,Kota,Rajasthan Pollution Control Board,Industrial Area,12.5,51.4,NA,443
272,February - M021996,Rajasthan,Jodhpur,RPCB,"Residential, Rural and other Areas",52.4,27.4,NA,370
273,February - M021996,Rajasthan,Jodhpur,Rajasthan State Pollution Control Board,"Residential, Rural and other Areas",39.1,28.6,NA,531
274,February - M021996,Rajasthan,Jodhpur,Rajasthan State Pollution Control Board,Industrial Area,38.8,28.9,NA,556
293,February - M021996,Rajasthan,Udaipur,Rajasthan State Pollution Control Board,"Residential, Rural and other Areas",9.9,33.1,NA,357
294,February - M021996,Rajasthan,Udaipur,Rajasthan State Pollution Control Board,"Residential, Rural and other Areas",10.8,26.5,NA,366
295,February - M021996,Rajasthan,Udaipur,Rajasthan State Pollution Control Board,Industrial Area,12,25.2,NA,546
296,February - M021996,Rajasthan,Jaipur,Rajasthan State Pollution Control Board,"Residential, Rural and other Areas",12,27.7,NA,160
297,February - M021996,Rajasthan,Jaipur,Rajasthan State Pollution Control Board,Industrial Area,18.5,28.1,NA,179
298,February - M021996,Rajasthan,Jaipur,Rajasthan State Pollution Control Board,"Residential, Rural and other Areas",5.7,23.9,NA,138
291,February - M021996,Rajasthan,Chittorgarh,RJPB,Industrial Area,10.5,31,NA,101
157,February - M021996,Rajasthan,Jaipur,NA,"Residential, Rural and other Areas",8.1,40.9,NA,118
156,February - M021996,Rajasthan,Jaipur,NA,"Residential, Rural and other Areas",6.6,57.8,NA,267
158,February - M021996,Rajasthan,Jaipur,NA,Industrial Area,15.5,72.3,NA,253
245,February - M021996,Rajasthan,Alwar,Rajasthan Pollution Control Board,NA,24.9,34.4,NA,360
243,March - M031996,Rajasthan,Alwar,Andhra Pradesh  Pollution Control Board,NA,37.1,74.9,NA,526
219,March - M031996,Rajasthan,Alwar,Rajasthan Pollution Control Board,NA,32.7,76.9,NA,213
250,March - M031996,Rajasthan,Alwar,Rajasthan Pollution Control Board,NA,28.6,84.7,NA,452
20,March - M031996,Rajasthan,Kota,Rajasthan Pollution Control Board,"Residential, Rural and other Areas",8.5,74,NA,264
18,March - M031996,Rajasthan,Kota,Rajasthan Pollution Control Board,Sensitive,7,59.3,NA,139
17,March - M031996,Rajasthan,Kota,Rajasthan Pollution Control Board,Industrial Area,5.9,54.3,NA,341
272,March - M031996,Rajasthan,Jodhpur,RPCB,"Residential, Rural and other Areas",28.6,31.3,NA,209
273,March - M031996,Rajasthan,Jodhpur,Rajasthan State Pollution Control Board,"Residential, Rural and other Areas",27.6,40.7,NA,504
274,March - M031996,Rajasthan,Jodhpur,Rajasthan State Pollution Control Board,Industrial Area,50.7,33.5,NA,456
296,March - M031996,Rajasthan,Jaipur,Rajasthan State Pollution Control Board,"Residential, Rural and other Areas",12.2,27.8,NA,209
297,March - M031996,Rajasthan,Jaipur,Rajasthan State Pollution Control Board,Industrial Area,18,27.3,NA,122
298,March - M031996,Rajasthan,Jaipur,Rajasthan State Pollution Control Board,"Residential, Rural and other Areas",5.4,24.8,NA,295
291,March - M031996,Rajasthan,Chittorgarh,RJPB,Industrial Area,10.9,30.9,NA,126
293,March - M031996,Rajasthan,Udaipur,Rajasthan State Pollution Control Board,"Residential, Rural and other Areas",8,29.1,NA,331
294,March - M031996,Rajasthan,Udaipur,Rajasthan State Pollution Control Board,"Residential, Rural and other Areas",8.8,28,NA,384
295,March - M031996,Rajasthan,Udaipur,Rajasthan State Pollution Control Board,Industrial Area,11.8,28.2,NA,395
157,March - M031996,Rajasthan,Jaipur,NA,"Residential, Rural and other Areas",6,25.2,NA,195
156,March - M031996,Rajasthan,Jaipur,NA,"Residential, Rural and other Areas",6,21.9,NA,310
158,March - M031996,Rajasthan,Jaipur,NA,Industrial Area,10.6,37.9,NA,294
245,March - M031996,Rajasthan,Alwar,Rajasthan Pollution Control Board,NA,21.8,32.2,NA,286
243,April - M041996,Rajasthan,Alwar,Andhra Pradesh  Pollution Control Board,NA,28.3,75.2,NA,670
219,April - M041996,Rajasthan,Alwar,Rajasthan Pollution Control Board,NA,28.7,74.1,NA,329
250,April - M041996,Rajasthan,Alwar,Rajasthan Pollution Control Board,NA,24.7,72.8,NA,645
291,April - M041996,Rajasthan,Chittorgarh,RJPB,Industrial Area,12.2,40.9,NA,121
20,April - M041996,Rajasthan,Kota,Rajasthan Pollution Control Board,"Residential, Rural and other Areas",9.3,46.1,NA,361
18,April - M041996,Rajasthan,Kota,Rajasthan Pollution Control Board,Sensitive,6.2,39,NA,260
17,April - M041996,Rajasthan,Kota,Rajasthan Pollution Control Board,Industrial Area,6.5,42.8,NA,371
272,April - M041996,Rajasthan,Jodhpur,RPCB,"Residential, Rural and other Areas",28.4,27.5,NA,278
273,April - M041996,Rajasthan,Jodhpur,Rajasthan State Pollution Control Board,"Residential, Rural and other Areas",27.4,28.7,NA,536
274,April - M041996,Rajasthan,Jodhpur,Rajasthan State Pollution Control Board,Industrial Area,33.6,31,NA,435
293,April - M041996,Rajasthan,Udaipur,Rajasthan State Pollution Control Board,"Residential, Rural and other Areas",8,23.2,NA,352
294,April - M041996,Rajasthan,Udaipur,Rajasthan State Pollution Control Board,"Residential, Rural and other Areas",9,21.9,NA,318
295,April - M041996,Rajasthan,Udaipur,Rajasthan State Pollution Control Board,Industrial Area,10.4,21.7,NA,517
297,April - M041996,Rajasthan,Jaipur,Rajasthan State Pollution Control Board,Industrial Area,17.3,27,NA,315
296,April - M041996,Rajasthan,Jaipur,Rajasthan State Pollution Control Board,"Residential, Rural and other Areas",12.4,28.6,NA,673
298,April - M041996,Rajasthan,Jaipur,Rajasthan State Pollution Control Board,"Residential, Rural and other Areas",5.3,22.3,NA,530
157,April - M041996,Rajasthan,Jaipur,NA,"Residential, Rural and other Areas",6,24.7,NA,199
156,April - M041996,Rajasthan,Jaipur,NA,"Residential, Rural and other Areas",6,21.6,NA,252
158,April - M041996,Rajasthan,Jaipur,NA,Industrial Area,6,39.4,NA,596
245,April - M041996,Rajasthan,Alwar,Rajasthan Pollution Control Board,NA,24.7,34.7,NA,415
250,May - M051996,Rajasthan,Alwar,Rajasthan Pollution Control Board,NA,31.6,79.3,NA,496
243,May - M051996,Rajasthan,Alwar,Andhra Pradesh  Pollution Control Board,NA,25.9,80.1,NA,584
219,May - M051996,Rajasthan,Alwar,Rajasthan Pollution Control Board,NA,21.1,111.9,NA,333
291,May - M051996,Rajasthan,Chittorgarh,RJPB,Industrial Area,11.4,51.7,NA,102
20,May - M051996,Rajasthan,Kota,Rajasthan Pollution Control Board,"Residential, Rural and other Areas",5.8,38.2,NA,179
17,May - M051996,Rajasthan,Kota,Rajasthan Pollution Control Board,Industrial Area,5.8,38.4,NA,324
18,May - M051996,Rajasthan,Kota,Rajasthan Pollution Control Board,Sensitive,5.9,40.7,NA,303
272,May - M051996,Rajasthan,Jodhpur,RPCB,"Residential, Rural and other Areas",23.3,19.9,NA,222
273,May - M051996,Rajasthan,Jodhpur,Rajasthan State Pollution Control Board,"Residential, Rural and other Areas",25.3,27.6,NA,469
274,May - M051996,Rajasthan,Jodhpur,Rajasthan State Pollution Control Board,Industrial Area,26.3,50.2,NA,451
293,May - M051996,Rajasthan,Udaipur,Rajasthan State Pollution Control Board,"Residential, Rural and other Areas",7.8,36.9,NA,490
294,May - M051996,Rajasthan,Udaipur,Rajasthan State Pollution Control Board,"Residential, Rural and other Areas",7.4,30.2,NA,415
295,May - M051996,Rajasthan,Udaipur,Rajasthan State Pollution Control Board,Industrial Area,13.5,43,NA,422
297,May - M051996,Rajasthan,Jaipur,Rajasthan State Pollution Control Board,Industrial Area,17.1,28.3,NA,446
296,May - M051996,Rajasthan,Jaipur,Rajasthan State Pollution Control Board,"Residential, Rural and other Areas",12.2,28.5,NA,553
157,May - M051996,Rajasthan,Jaipur,NA,"Residential, Rural and other Areas",6,44.3,NA,409
156,May - M051996,Rajasthan,Jaipur,NA,"Residential, Rural and other Areas",7.2,42.2,NA,276
158,May - M051996,Rajasthan,Jaipur,NA,Industrial Area,12.3,74.3,NA,601
245,May - M051996,Rajasthan,Alwar,Rajasthan Pollution Control Board,NA,34,38,NA,385
243,June - M061996,Rajasthan,Alwar,Andhra Pradesh  Pollution Control Board,NA,21.7,71,NA,398
219,June - M061996,Rajasthan,Alwar,Rajasthan Pollution Control Board,NA,25.4,89.7,NA,378
250,June - M061996,Rajasthan,Alwar,Rajasthan Pollution Control Board,NA,39.7,86,NA,480
20,June - M061996,Rajasthan,Kota,Rajasthan Pollution Control Board,"Residential, Rural and other Areas",6,34.7,NA,495
18,June - M061996,Rajasthan,Kota,Rajasthan Pollution Control Board,Sensitive,5.9,41.2,NA,324
17,June - M061996,Rajasthan,Kota,Rajasthan Pollution Control Board,Industrial Area,6.1,37.3,NA,209
272,June - M061996,Rajasthan,Jodhpur,RPCB,"Residential, Rural and other Areas",28.6,35.7,NA,238
273,June - M061996,Rajasthan,Jodhpur,Rajasthan State Pollution Control Board,"Residential, Rural and other Areas",29.9,35.5,NA,521
274,June - M061996,Rajasthan,Jodhpur,Rajasthan State Pollution Control Board,Industrial Area,31.3,35.9,NA,202
293,June - M061996,Rajasthan,Udaipur,Rajasthan State Pollution Control Board,"Residential, Rural and other Areas",9.2,27.4,NA,219
294,June - M061996,Rajasthan,Udaipur,Rajasthan State Pollution Control Board,"Residential, Rural and other Areas",6.8,23.9,NA,355
295,June - M061996,Rajasthan,Udaipur,Rajasthan State Pollution Control Board,Industrial Area,14.8,34,NA,378
297,June - M061996,Rajasthan,Jaipur,Rajasthan State Pollution Control Board,Industrial Area,16.8,28.6,NA,458
296,June - M061996,Rajasthan,Jaipur,Rajasthan State Pollution Control Board,"Residential, Rural and other Areas",12,29.4,NA,427
157,June - M061996,Rajasthan,Jaipur,NA,"Residential, Rural and other Areas",6,10.8,NA,171
156,June - M061996,Rajasthan,Jaipur,NA,"Residential, Rural and other Areas",6.8,18.6,NA,184
158,June - M061996,Rajasthan,Jaipur,NA,Industrial Area,8.4,22.7,NA,289
245,June - M061996,Rajasthan,Alwar,Rajasthan Pollution Control Board,NA,31.4,34.9,NA,277
243,July - M071996,Rajasthan,Alwar,Andhra Pradesh  Pollution Control Board,NA,23.2,67.3,NA,237
219,July - M071996,Rajasthan,Alwar,Rajasthan Pollution Control Board,NA,27.7,71.1,NA,173
250,July - M071996,Rajasthan,Alwar,Rajasthan Pollution Control Board,NA,19.3,70,NA,382
20,July - M071996,Rajasthan,Kota,Rajasthan Pollution Control Board,"Residential, Rural and other Areas",5.4,20.2,NA,175
18,July - M071996,Rajasthan,Kota,Rajasthan Pollution Control Board,Sensitive,6.2,20.6,NA,147
17,July - M071996,Rajasthan,Kota,Rajasthan Pollution Control Board,Industrial Area,5.7,21.5,NA,130
272,July - M071996,Rajasthan,Jodhpur,RPCB,"Residential, Rural and other Areas",28.1,33.7,NA,158
273,July - M071996,Rajasthan,Jodhpur,Rajasthan State Pollution Control Board,"Residential, Rural and other Areas",25.1,34.5,NA,302
274,July - M071996,Rajasthan,Jodhpur,Rajasthan State Pollution Control Board,Industrial Area,31.5,33.2,NA,204
293,July - M071996,Rajasthan,Udaipur,Rajasthan State Pollution Control Board,"Residential, Rural and other Areas",7.8,20.2,NA,124
294,July - M071996,Rajasthan,Udaipur,Rajasthan State Pollution Control Board,"Residential, Rural and other Areas",7.6,20.2,NA,150
295,July - M071996,Rajasthan,Udaipur,Rajasthan State Pollution Control Board,Industrial Area,12,26.9,NA,220
296,July - M071996,Rajasthan,Jaipur,Rajasthan State Pollution Control Board,"Residential, Rural and other Areas",12.1,29,NA,244
297,July - M071996,Rajasthan,Jaipur,Rajasthan State Pollution Control Board,Industrial Area,17.8,30.3,NA,158
157,July - M071996,Rajasthan,Jaipur,NA,"Residential, Rural and other Areas",8.4,7,NA,120
156,July - M071996,Rajasthan,Jaipur,NA,"Residential, Rural and other Areas",8,39.5,NA,113
158,July - M071996,Rajasthan,Jaipur,NA,Industrial Area,7.7,48.8,NA,48
245,July - M071996,Rajasthan,Alwar,Rajasthan Pollution Control Board,NA,27,31.4,NA,241
20,August - M081996,Rajasthan,Kota,Rajasthan Pollution Control Board,"Residential, Rural and other Areas",5.6,31.4,NA,164
18,August - M081996,Rajasthan,Kota,Rajasthan Pollution Control Board,Sensitive,5.7,28.7,NA,233
17,August - M081996,Rajasthan,Kota,Rajasthan Pollution Control Board,Industrial Area,6.6,29.5,NA,147
250,August - M081996,Rajasthan,Alwar,Rajasthan Pollution Control Board,NA,24.8,124.9,NA,551
219,August - M081996,Rajasthan,Alwar,Rajasthan Pollution Control Board,NA,20.4,96.7,NA,95
243,August - M081996,Rajasthan,Alwar,Andhra Pradesh  Pollution Control Board,NA,26.4,101.6,NA,250
272,August - M081996,Rajasthan,Jodhpur,RPCB,"Residential, Rural and other Areas",25.2,29.1,NA,163
273,August - M081996,Rajasthan,Jodhpur,Rajasthan State Pollution Control Board,"Residential, Rural and other Areas",26.5,34.5,NA,271
274,August - M081996,Rajasthan,Jodhpur,Rajasthan State Pollution Control Board,Industrial Area,23.5,30.8,NA,286
293,August - M081996,Rajasthan,Udaipur,Rajasthan State Pollution Control Board,"Residential, Rural and other Areas",10.3,16.1,NA,124
294,August - M081996,Rajasthan,Udaipur,Rajasthan State Pollution Control Board,"Residential, Rural and other Areas",11.3,16.9,NA,148
295,August - M081996,Rajasthan,Udaipur,Rajasthan State Pollution Control Board,Industrial Area,11.5,21,NA,182
291,August - M081996,Rajasthan,Chittorgarh,RJPB,Industrial Area,16.8,23.2,NA,585
157,August - M081996,Rajasthan,Jaipur,NA,"Residential, Rural and other Areas",7,9.4,NA,47
156,August - M081996,Rajasthan,Jaipur,NA,"Residential, Rural and other Areas",6,10.8,NA,51
158,August - M081996,Rajasthan,Jaipur,NA,Industrial Area,10.4,14.6,NA,28
245,August - M081996,Rajasthan,Alwar,Rajasthan Pollution Control Board,NA,25.5,29.4,NA,183
20,September - M091996,Rajasthan,Kota,Rajasthan Pollution Control Board,"Residential, Rural and other Areas",8.2,40.7,NA,133
18,September - M091996,Rajasthan,Kota,Rajasthan Pollution Control Board,Sensitive,9.2,33.2,NA,518
17,September - M091996,Rajasthan,Kota,Rajasthan Pollution Control Board,Industrial Area,8.3,37.7,NA,94
243,September - M091996,Rajasthan,Alwar,Andhra Pradesh  Pollution Control Board,NA,23.4,94.3,NA,382
219,September - M091996,Rajasthan,Alwar,Rajasthan Pollution Control Board,NA,26.3,99.3,NA,206
250,September - M091996,Rajasthan,Alwar,Rajasthan Pollution Control Board,NA,24.6,117.2,NA,708
293,September - M091996,Rajasthan,Udaipur,Rajasthan State Pollution Control Board,"Residential, Rural and other Areas",6.7,20.7,NA,160
294,September - M091996,Rajasthan,Udaipur,Rajasthan State Pollution Control Board,"Residential, Rural and other Areas",8.5,15.8,NA,133
295,September - M091996,Rajasthan,Udaipur,Rajasthan State Pollution Control Board,Industrial Area,7.3,13.8,NA,226
291,September - M091996,Rajasthan,Chittorgarh,RJPB,Industrial Area,7.8,14.4,NA,301
157,September - M091996,Rajasthan,Jaipur,NA,"Residential, Rural and other Areas",6.1,6.3,NA,614
156,September - M091996,Rajasthan,Jaipur,NA,"Residential, Rural and other Areas",7.1,30.2,NA,223
158,September - M091996,Rajasthan,Jaipur,NA,Industrial Area,8.5,62.8,NA,500
245,September - M091996,Rajasthan,Alwar,Rajasthan Pollution Control Board,NA,30.5,34.3,NA,170
20,October - M101996,Rajasthan,Kota,Rajasthan Pollution Control Board,"Residential, Rural and other Areas",13.1,47.7,NA,116
17,October - M101996,Rajasthan,Kota,Rajasthan Pollution Control Board,Industrial Area,11.8,42.1,NA,115
18,October - M101996,Rajasthan,Kota,Rajasthan Pollution Control Board,Sensitive,13,46,NA,131
243,October - M101996,Rajasthan,Alwar,Andhra Pradesh  Pollution Control Board,NA,17,98.1,NA,579
250,October - M101996,Rajasthan,Alwar,Rajasthan Pollution Control Board,NA,15,82.8,NA,422
219,October - M101996,Rajasthan,Alwar,Rajasthan Pollution Control Board,NA,16.3,92.6,NA,341
293,October - M101996,Rajasthan,Udaipur,Rajasthan State Pollution Control Board,"Residential, Rural and other Areas",12.7,36.1,NA,278
294,October - M101996,Rajasthan,Udaipur,Rajasthan State Pollution Control Board,"Residential, Rural and other Areas",12.7,32.2,NA,217
295,October - M101996,Rajasthan,Udaipur,Rajasthan State Pollution Control Board,Industrial Area,16.1,27.3,NA,408
157,October - M101996,Rajasthan,Jaipur,NA,"Residential, Rural and other Areas",6.9,18.4,NA,238
156,October - M101996,Rajasthan,Jaipur,NA,"Residential, Rural and other Areas",6.7,18.5,NA,261
158,October - M101996,Rajasthan,Jaipur,NA,Industrial Area,20.1,40.5,NA,601
245,October - M101996,Rajasthan,Alwar,Rajasthan Pollution Control Board,NA,33.9,39.3,NA,256
250,November - M111996,Rajasthan,Alwar,Rajasthan Pollution Control Board,NA,12.8,82,NA,516
219,November - M111996,Rajasthan,Alwar,Rajasthan Pollution Control Board,NA,12.2,80.6,NA,327
243,November - M111996,Rajasthan,Alwar,Andhra Pradesh  Pollution Control Board,NA,13.7,86.1,NA,518
20,November - M111996,Rajasthan,Kota,Rajasthan Pollution Control Board,"Residential, Rural and other Areas",15.8,50.3,NA,172
18,November - M111996,Rajasthan,Kota,Rajasthan Pollution Control Board,Sensitive,15.2,52.5,NA,219
17,November - M111996,Rajasthan,Kota,Rajasthan Pollution Control Board,Industrial Area,13.3,48.8,NA,144
293,November - M111996,Rajasthan,Udaipur,Rajasthan State Pollution Control Board,"Residential, Rural and other Areas",8.5,34.8,NA,414
294,November - M111996,Rajasthan,Udaipur,Rajasthan State Pollution Control Board,"Residential, Rural and other Areas",11.3,42.5,NA,243
295,November - M111996,Rajasthan,Udaipur,Rajasthan State Pollution Control Board,Industrial Area,11.2,43.2,NA,436
156,November - M111996,Rajasthan,Jaipur,NA,"Residential, Rural and other Areas",8.4,13.3,NA,268
157,November - M111996,Rajasthan,Jaipur,NA,"Residential, Rural and other Areas",6.1,7.6,NA,199
158,November - M111996,Rajasthan,Jaipur,NA,Industrial Area,11.7,36,NA,336
245,November - M111996,Rajasthan,Alwar,Rajasthan Pollution Control Board,NA,35.3,41.7,NA,332
250,December - M121996,Rajasthan,Alwar,Rajasthan Pollution Control Board,NA,15.2,81.2,NA,577
219,December - M121996,Rajasthan,Alwar,Rajasthan Pollution Control Board,NA,14.1,81.9,NA,272
243,December - M121996,Rajasthan,Alwar,Andhra Pradesh  Pollution Control Board,NA,16.4,92.7,NA,764
20,December - M121996,Rajasthan,Kota,Rajasthan Pollution Control Board,"Residential, Rural and other Areas",16.3,50.9,NA,239
18,December - M121996,Rajasthan,Kota,Rajasthan Pollution Control Board,Sensitive,16.9,51.7,NA,215
17,December - M121996,Rajasthan,Kota,Rajasthan Pollution Control Board,Industrial Area,18.1,54.2,NA,162
293,December - M121996,Rajasthan,Udaipur,Rajasthan State Pollution Control Board,"Residential, Rural and other Areas",NA,NA,NA,328
294,December - M121996,Rajasthan,Udaipur,Rajasthan State Pollution Control Board,"Residential, Rural and other Areas",NA,NA,NA,315
295,December - M121996,Rajasthan,Udaipur,Rajasthan State Pollution Control Board,Industrial Area,NA,NA,NA,711
291,December - M121996,Rajasthan,Chittorgarh,RJPB,Industrial Area,NA,NA,NA,393
157,December - M121996,Rajasthan,Jaipur,NA,"Residential, Rural and other Areas",8.2,20.1,NA,364
156,December - M121996,Rajasthan,Jaipur,NA,"Residential, Rural and other Areas",14,25.4,NA,252
158,December - M121996,Rajasthan,Jaipur,NA,Industrial Area,30.8,33,NA,410
245,December - M121996,Rajasthan,Alwar,Rajasthan Pollution Control Board,NA,42,50.3,NA,479
