Stn Code,Sampling Date,State,City/Town/Village/Area,Location of Monitoring Station,Agency,Type of Location,SO2,NO2,RSPM/PM10,SPM
568,1/12/2010,Meghalaya,Byrnihat,"Export Promotion Industrial Park (EPIP). Byrnihat,Ri-Bhoi dist Meghalaya",Meghalaya State Pollution Control Board,Industrial Area,46.81666667,14.23333333,143.3333333,NA
568,19-01-10,Meghalaya,Byrnihat,"Export Promotion Industrial Park (EPIP). Byrnihat,Ri-Bhoi dist Meghalaya",Meghalaya State Pollution Control Board,Industrial Area,113.7,16.66666667,151,NA
568,27-01-10,Meghalaya,Byrnihat,"Export Promotion Industrial Park (EPIP). Byrnihat,Ri-Bhoi dist Meghalaya",Meghalaya State Pollution Control Board,Industrial Area,49.26666667,19.56666667,167.3333333,NA
568,2/2/2010,Meghalaya,Byrnihat,"Export Promotion Industrial Park (EPIP). Byrnihat,Ri-Bhoi dist Meghalaya",Meghalaya State Pollution Control Board,Industrial Area,67.98333333,18.93333333,180.3333333,NA
568,2/3/2010,Meghalaya,Byrnihat,"Export Promotion Industrial Park (EPIP). Byrnihat,Ri-Bhoi dist Meghalaya",Meghalaya State Pollution Control Board,Industrial Area,54.16666667,21.35,170.6666667,NA
568,2/9/2010,Meghalaya,Byrnihat,"Export Promotion Industrial Park (EPIP). Byrnihat,Ri-Bhoi dist Meghalaya",Meghalaya State Pollution Control Board,Industrial Area,51.16666667,16.86666667,191.6666667,NA
568,2/10/2010,Meghalaya,Byrnihat,"Export Promotion Industrial Park (EPIP). Byrnihat,Ri-Bhoi dist Meghalaya",Meghalaya State Pollution Control Board,Industrial Area,64.01666667,20.21666667,180.3333333,NA
568,16-02-10,Meghalaya,Byrnihat,"Export Promotion Industrial Park (EPIP). Byrnihat,Ri-Bhoi dist Meghalaya",Meghalaya State Pollution Control Board,Industrial Area,50.81666667,17.16666667,177.6666667,NA
568,17-02-10,Meghalaya,Byrnihat,"Export Promotion Industrial Park (EPIP). Byrnihat,Ri-Bhoi dist Meghalaya",Meghalaya State Pollution Control Board,Industrial Area,53.35,19.38333333,166.3333333,NA
568,23-02-10,Meghalaya,Byrnihat,"Export Promotion Industrial Park (EPIP). Byrnihat,Ri-Bhoi dist Meghalaya",Meghalaya State Pollution Control Board,Industrial Area,53.23333333,15.36666667,203.6666667,NA
568,24-02-10,Meghalaya,Byrnihat,"Export Promotion Industrial Park (EPIP). Byrnihat,Ri-Bhoi dist Meghalaya",Meghalaya State Pollution Control Board,Industrial Area,67.65,17.56666667,187.3333333,NA
568,3/2/2010,Meghalaya,Byrnihat,"Export Promotion Industrial Park (EPIP). Byrnihat,Ri-Bhoi dist Meghalaya",Meghalaya State Pollution Control Board,Industrial Area,23.76666667,8.366666667,167,NA
568,3/3/2010,Meghalaya,Byrnihat,"Export Promotion Industrial Park (EPIP). Byrnihat,Ri-Bhoi dist Meghalaya",Meghalaya State Pollution Control Board,Industrial Area,22.91666667,13.25,172.6666667,NA
568,3/9/2010,Meghalaya,Byrnihat,"Export Promotion Industrial Park (EPIP). Byrnihat,Ri-Bhoi dist Meghalaya",Meghalaya State Pollution Control Board,Industrial Area,78.13333333,23.06666667,178.6666667,NA
568,3/10/2010,Meghalaya,Byrnihat,"Export Promotion Industrial Park (EPIP). Byrnihat,Ri-Bhoi dist Meghalaya",Meghalaya State Pollution Control Board,Industrial Area,53.58333333,22.46666667,185.6666667,NA
568,16-03-10,Meghalaya,Byrnihat,"Export Promotion Industrial Park (EPIP). Byrnihat,Ri-Bhoi dist Meghalaya",Meghalaya State Pollution Control Board,Industrial Area,101.1,22.98333333,183.6666667,NA
568,17-03-10,Meghalaya,Byrnihat,"Export Promotion Industrial Park (EPIP). Byrnihat,Ri-Bhoi dist Meghalaya",Meghalaya State Pollution Control Board,Industrial Area,100.8,18.95,192,NA
568,23-03-10,Meghalaya,Byrnihat,"Export Promotion Industrial Park (EPIP). Byrnihat,Ri-Bhoi dist Meghalaya",Meghalaya State Pollution Control Board,Industrial Area,34,15.96666667,162.6666667,NA
568,24-03-10,Meghalaya,Byrnihat,"Export Promotion Industrial Park (EPIP). Byrnihat,Ri-Bhoi dist Meghalaya",Meghalaya State Pollution Control Board,Industrial Area,52.86666667,15.15,165.6666667,NA
568,4/6/2010,Meghalaya,Byrnihat,"Export Promotion Industrial Park (EPIP). Byrnihat,Ri-Bhoi dist Meghalaya",Meghalaya State Pollution Control Board,Industrial Area,114.25,14.16666667,239.6666667,NA
568,4/7/2010,Meghalaya,Byrnihat,"Export Promotion Industrial Park (EPIP). Byrnihat,Ri-Bhoi dist Meghalaya",Meghalaya State Pollution Control Board,Industrial Area,78.35,10.88333333,178.3333333,NA
568,13-04-10,Meghalaya,Byrnihat,"Export Promotion Industrial Park (EPIP). Byrnihat,Ri-Bhoi dist Meghalaya",Meghalaya State Pollution Control Board,Industrial Area,69.25,5.933333333,169,NA
568,14-04-10,Meghalaya,Byrnihat,"Export Promotion Industrial Park (EPIP). Byrnihat,Ri-Bhoi dist Meghalaya",Meghalaya State Pollution Control Board,Industrial Area,72.73333333,8.866666667,172.3333333,NA
568,20-04-10,Meghalaya,Byrnihat,"Export Promotion Industrial Park (EPIP). Byrnihat,Ri-Bhoi dist Meghalaya",Meghalaya State Pollution Control Board,Industrial Area,64.01666667,17.33333333,176.6666667,NA
568,21-04-10,Meghalaya,Byrnihat,"Export Promotion Industrial Park (EPIP). Byrnihat,Ri-Bhoi dist Meghalaya",Meghalaya State Pollution Control Board,Industrial Area,68.03333333,19.45,160,NA
568,27-04-10,Meghalaya,Byrnihat,"Export Promotion Industrial Park (EPIP). Byrnihat,Ri-Bhoi dist Meghalaya",Meghalaya State Pollution Control Board,Industrial Area,53.16666667,6.316666667,184.3333333,NA
568,28-04-10,Meghalaya,Byrnihat,"Export Promotion Industrial Park (EPIP). Byrnihat,Ri-Bhoi dist Meghalaya",Meghalaya State Pollution Control Board,Industrial Area,75.68333333,7.65,182.3333333,NA
568,5/4/2010,Meghalaya,Byrnihat,"Export Promotion Industrial Park (EPIP). Byrnihat,Ri-Bhoi dist Meghalaya",Meghalaya State Pollution Control Board,Industrial Area,157.0833333,20.58333333,178.3333333,NA
568,5/5/2010,Meghalaya,Byrnihat,"Export Promotion Industrial Park (EPIP). Byrnihat,Ri-Bhoi dist Meghalaya",Meghalaya State Pollution Control Board,Industrial Area,77.43333333,18.28333333,174.3333333,NA
568,5/11/2010,Meghalaya,Byrnihat,"Export Promotion Industrial Park (EPIP). Byrnihat,Ri-Bhoi dist Meghalaya",Meghalaya State Pollution Control Board,Industrial Area,37.43333333,12.91666667,165.6666667,NA
568,5/12/2010,Meghalaya,Byrnihat,"Export Promotion Industrial Park (EPIP). Byrnihat,Ri-Bhoi dist Meghalaya",Meghalaya State Pollution Control Board,Industrial Area,63.96666667,13.95,184.6666667,NA
568,25-05-10,Meghalaya,Byrnihat,"Export Promotion Industrial Park (EPIP). Byrnihat,Ri-Bhoi dist Meghalaya",Meghalaya State Pollution Control Board,Industrial Area,97.46666667,16.7,164.3333333,NA
568,26-05-10,Meghalaya,Byrnihat,"Export Promotion Industrial Park (EPIP). Byrnihat,Ri-Bhoi dist Meghalaya",Meghalaya State Pollution Control Board,Industrial Area,89.73333333,7.9,162.6666667,NA
568,6/1/2010,Meghalaya,Byrnihat,"Export Promotion Industrial Park (EPIP). Byrnihat,Ri-Bhoi dist Meghalaya",Meghalaya State Pollution Control Board,Industrial Area,117.2333333,15.68333333,184,NA
568,6/8/2010,Meghalaya,Byrnihat,"Export Promotion Industrial Park (EPIP). Byrnihat,Ri-Bhoi dist Meghalaya",Meghalaya State Pollution Control Board,Industrial Area,139.3833333,13.43333333,170,NA
568,6/9/2010,Meghalaya,Byrnihat,"Export Promotion Industrial Park (EPIP). Byrnihat,Ri-Bhoi dist Meghalaya",Meghalaya State Pollution Control Board,Industrial Area,151.3833333,11,164.6666667,NA
568,15-06-10,Meghalaya,Byrnihat,"Export Promotion Industrial Park (EPIP). Byrnihat,Ri-Bhoi dist Meghalaya",Meghalaya State Pollution Control Board,Industrial Area,94.58333333,6.916666667,160.6666667,NA
568,16-06-10,Meghalaya,Byrnihat,"Export Promotion Industrial Park (EPIP). Byrnihat,Ri-Bhoi dist Meghalaya",Meghalaya State Pollution Control Board,Industrial Area,86.03333333,7.666666667,163.6666667,NA
568,22-06-10,Meghalaya,Byrnihat,"Export Promotion Industrial Park (EPIP). Byrnihat,Ri-Bhoi dist Meghalaya",Meghalaya State Pollution Control Board,Industrial Area,42.78333333,5.75,144.6666667,NA
568,23-06-10,Meghalaya,Byrnihat,"Export Promotion Industrial Park (EPIP). Byrnihat,Ri-Bhoi dist Meghalaya",Meghalaya State Pollution Control Board,Industrial Area,58.93333333,5.566666667,145,NA
568,29-06-10,Meghalaya,Byrnihat,"Export Promotion Industrial Park (EPIP). Byrnihat,Ri-Bhoi dist Meghalaya",Meghalaya State Pollution Control Board,Industrial Area,30.45,11.35,164,NA
568,30-06-10,Meghalaya,Byrnihat,"Export Promotion Industrial Park (EPIP). Byrnihat,Ri-Bhoi dist Meghalaya",Meghalaya State Pollution Control Board,Industrial Area,14.36666667,9.3,167,NA
568,7/6/2010,Meghalaya,Byrnihat,"Export Promotion Industrial Park (EPIP). Byrnihat,Ri-Bhoi dist Meghalaya",Meghalaya State Pollution Control Board,Industrial Area,66.18333333,14.5,172.6666667,NA
568,7/7/2010,Meghalaya,Byrnihat,"Export Promotion Industrial Park (EPIP). Byrnihat,Ri-Bhoi dist Meghalaya",Meghalaya State Pollution Control Board,Industrial Area,61.56666667,14.85,177.3333333,NA
568,14-07-10,Meghalaya,Byrnihat,"Export Promotion Industrial Park (EPIP). Byrnihat,Ri-Bhoi dist Meghalaya",Meghalaya State Pollution Control Board,Industrial Area,94.13333333,13.7,163,NA
568,20-07-10,Meghalaya,Byrnihat,"Export Promotion Industrial Park (EPIP). Byrnihat,Ri-Bhoi dist Meghalaya",Meghalaya State Pollution Control Board,Industrial Area,41,26.35,196.3333333,NA
568,21-07-10,Meghalaya,Byrnihat,"Export Promotion Industrial Park (EPIP). Byrnihat,Ri-Bhoi dist Meghalaya",Meghalaya State Pollution Control Board,Industrial Area,59.41666667,25.66666667,190.3333333,NA
568,27-07-10,Meghalaya,Byrnihat,"Export Promotion Industrial Park (EPIP). Byrnihat,Ri-Bhoi dist Meghalaya",Meghalaya State Pollution Control Board,Industrial Area,65.53333333,19.48333333,195,NA
568,28-07-10,Meghalaya,Byrnihat,"Export Promotion Industrial Park (EPIP). Byrnihat,Ri-Bhoi dist Meghalaya",Meghalaya State Pollution Control Board,Industrial Area,86.81666667,17.38333333,185.6666667,NA
568,8/3/2010,Meghalaya,Byrnihat,"Export Promotion Industrial Park (EPIP). Byrnihat,Ri-Bhoi dist Meghalaya",Meghalaya State Pollution Control Board,Industrial Area,78.88333333,16.93333333,185.3333333,NA
568,8/4/2010,Meghalaya,Byrnihat,"Export Promotion Industrial Park (EPIP). Byrnihat,Ri-Bhoi dist Meghalaya",Meghalaya State Pollution Control Board,Industrial Area,67.41666667,18.1,161.6666667,NA
568,8/10/2010,Meghalaya,Byrnihat,"Export Promotion Industrial Park (EPIP). Byrnihat,Ri-Bhoi dist Meghalaya",Meghalaya State Pollution Control Board,Industrial Area,85.16666667,12.21666667,257,NA
568,8/11/2010,Meghalaya,Byrnihat,"Export Promotion Industrial Park (EPIP). Byrnihat,Ri-Bhoi dist Meghalaya",Meghalaya State Pollution Control Board,Industrial Area,84,14.41666667,187.3333333,NA
568,17-08-10,Meghalaya,Byrnihat,"Export Promotion Industrial Park (EPIP). Byrnihat,Ri-Bhoi dist Meghalaya",Meghalaya State Pollution Control Board,Industrial Area,73.56666667,19.33333333,171.6666667,NA
568,18-08-10,Meghalaya,Byrnihat,"Export Promotion Industrial Park (EPIP). Byrnihat,Ri-Bhoi dist Meghalaya",Meghalaya State Pollution Control Board,Industrial Area,68.16666667,14.8,216,NA
568,24-08-10,Meghalaya,Byrnihat,"Export Promotion Industrial Park (EPIP). Byrnihat,Ri-Bhoi dist Meghalaya",Meghalaya State Pollution Control Board,Industrial Area,79.66666667,12.31666667,162.2666667,NA
568,25-08-10,Meghalaya,Byrnihat,"Export Promotion Industrial Park (EPIP). Byrnihat,Ri-Bhoi dist Meghalaya",Meghalaya State Pollution Control Board,Industrial Area,109.8333333,14.88333333,168.6666667,NA
568,31-08-10,Meghalaya,Byrnihat,"Export Promotion Industrial Park (EPIP). Byrnihat,Ri-Bhoi dist Meghalaya",Meghalaya State Pollution Control Board,Industrial Area,73.73333333,7.35,154.3333333,NA
568,9/1/2010,Meghalaya,Byrnihat,"Export Promotion Industrial Park (EPIP). Byrnihat,Ri-Bhoi dist Meghalaya",Meghalaya State Pollution Control Board,Industrial Area,84.4,6.616666667,162.6666667,NA
568,9/7/2010,Meghalaya,Byrnihat,"Export Promotion Industrial Park (EPIP). Byrnihat,Ri-Bhoi dist Meghalaya",Meghalaya State Pollution Control Board,Industrial Area,142.95,16.7,186.6666667,NA
568,9/8/2010,Meghalaya,Byrnihat,"Export Promotion Industrial Park (EPIP). Byrnihat,Ri-Bhoi dist Meghalaya",Meghalaya State Pollution Control Board,Industrial Area,127,13.7,175,NA
568,14-09-10,Meghalaya,Byrnihat,"Export Promotion Industrial Park (EPIP). Byrnihat,Ri-Bhoi dist Meghalaya",Meghalaya State Pollution Control Board,Industrial Area,113.3666667,12.31666667,159.3333333,NA
568,15-09-10,Meghalaya,Byrnihat,"Export Promotion Industrial Park (EPIP). Byrnihat,Ri-Bhoi dist Meghalaya",Meghalaya State Pollution Control Board,Industrial Area,130,13.91666667,161.6666667,NA
568,22-09-10,Meghalaya,Byrnihat,"Export Promotion Industrial Park (EPIP). Byrnihat,Ri-Bhoi dist Meghalaya",Meghalaya State Pollution Control Board,Industrial Area,119.7333333,5.7,176.6666667,NA
568,28-09-10,Meghalaya,Byrnihat,"Export Promotion Industrial Park (EPIP). Byrnihat,Ri-Bhoi dist Meghalaya",Meghalaya State Pollution Control Board,Industrial Area,100.8333333,28.23333333,177.3333333,NA
568,29-09-10,Meghalaya,Byrnihat,"Export Promotion Industrial Park (EPIP). Byrnihat,Ri-Bhoi dist Meghalaya",Meghalaya State Pollution Control Board,Industrial Area,123.6666667,34.26666667,165.3333333,NA
568,10/6/2010,Meghalaya,Byrnihat,"Export Promotion Industrial Park (EPIP). Byrnihat,Ri-Bhoi dist Meghalaya",Meghalaya State Pollution Control Board,Industrial Area,129.6666667,17.06666667,185.3333333,NA
568,10/7/2010,Meghalaya,Byrnihat,"Export Promotion Industrial Park (EPIP). Byrnihat,Ri-Bhoi dist Meghalaya",Meghalaya State Pollution Control Board,Industrial Area,146.8333333,17.08333333,188.3333333,NA
568,10/12/2010,Meghalaya,Byrnihat,"Export Promotion Industrial Park (EPIP). Byrnihat,Ri-Bhoi dist Meghalaya",Meghalaya State Pollution Control Board,Industrial Area,118.5,17.73333333,180,NA
568,13-10-10,Meghalaya,Byrnihat,"Export Promotion Industrial Park (EPIP). Byrnihat,Ri-Bhoi dist Meghalaya",Meghalaya State Pollution Control Board,Industrial Area,118.1666667,19.43333333,213.3333333,NA
568,19-10-10,Meghalaya,Byrnihat,"Export Promotion Industrial Park (EPIP). Byrnihat,Ri-Bhoi dist Meghalaya",Meghalaya State Pollution Control Board,Industrial Area,124.1666667,15.23333333,195,NA
568,20-10-10,Meghalaya,Byrnihat,"Export Promotion Industrial Park (EPIP). Byrnihat,Ri-Bhoi dist Meghalaya",Meghalaya State Pollution Control Board,Industrial Area,116.5,13.51666667,199.3333333,NA
568,26-10-10,Meghalaya,Byrnihat,"Export Promotion Industrial Park (EPIP). Byrnihat,Ri-Bhoi dist Meghalaya",Meghalaya State Pollution Control Board,Industrial Area,108.6666667,17.48333333,204.6666667,NA
568,27-10-10,Meghalaya,Byrnihat,"Export Promotion Industrial Park (EPIP). Byrnihat,Ri-Bhoi dist Meghalaya",Meghalaya State Pollution Control Board,Industrial Area,110.3333333,14.86666667,179.3333333,NA
568,11/3/2010,Meghalaya,Byrnihat,"Export Promotion Industrial Park (EPIP). Byrnihat,Ri-Bhoi dist Meghalaya",Meghalaya State Pollution Control Board,Industrial Area,100.1666667,18.36666667,164.3333333,NA
568,11/9/2010,Meghalaya,Byrnihat,"Export Promotion Industrial Park (EPIP). Byrnihat,Ri-Bhoi dist Meghalaya",Meghalaya State Pollution Control Board,Industrial Area,116,7.133333333,160.3333333,NA
568,11/10/2010,Meghalaya,Byrnihat,"Export Promotion Industrial Park (EPIP). Byrnihat,Ri-Bhoi dist Meghalaya",Meghalaya State Pollution Control Board,Industrial Area,119.8333333,5.35,180.6666667,NA
568,16-11-10,Meghalaya,Byrnihat,"Export Promotion Industrial Park (EPIP). Byrnihat,Ri-Bhoi dist Meghalaya",Meghalaya State Pollution Control Board,Industrial Area,74.5,8.05,159,NA
568,17-11-10,Meghalaya,Byrnihat,"Export Promotion Industrial Park (EPIP). Byrnihat,Ri-Bhoi dist Meghalaya",Meghalaya State Pollution Control Board,Industrial Area,82.66666667,9.35,175.3333333,NA
568,24-11-10,Meghalaya,Byrnihat,"Export Promotion Industrial Park (EPIP). Byrnihat,Ri-Bhoi dist Meghalaya",Meghalaya State Pollution Control Board,Industrial Area,63,4.5,149.6666667,NA
568,30-11-10,Meghalaya,Byrnihat,"Export Promotion Industrial Park (EPIP). Byrnihat,Ri-Bhoi dist Meghalaya",Meghalaya State Pollution Control Board,Industrial Area,73.66666667,11.61666667,155,NA
568,12/1/2010,Meghalaya,Byrnihat,"Export Promotion Industrial Park (EPIP). Byrnihat,Ri-Bhoi dist Meghalaya",Meghalaya State Pollution Control Board,Industrial Area,67.56666667,12.65,143,NA
568,12/7/2010,Meghalaya,Byrnihat,"Export Promotion Industrial Park (EPIP). Byrnihat,Ri-Bhoi dist Meghalaya",Meghalaya State Pollution Control Board,Industrial Area,83.95,24.58333333,163.3333333,NA
568,12/8/2010,Meghalaya,Byrnihat,"Export Promotion Industrial Park (EPIP). Byrnihat,Ri-Bhoi dist Meghalaya",Meghalaya State Pollution Control Board,Industrial Area,80.03333333,18.38333333,152.6666667,NA
568,14-12-10,Meghalaya,Byrnihat,"Export Promotion Industrial Park (EPIP). Byrnihat,Ri-Bhoi dist Meghalaya",Meghalaya State Pollution Control Board,Industrial Area,83.58333333,20.66666667,167.6666667,NA
568,15-12-10,Meghalaya,Byrnihat,"Export Promotion Industrial Park (EPIP). Byrnihat,Ri-Bhoi dist Meghalaya",Meghalaya State Pollution Control Board,Industrial Area,88.6,17.95,174.6666667,NA
568,21-12-10,Meghalaya,Byrnihat,"Export Promotion Industrial Park (EPIP). Byrnihat,Ri-Bhoi dist Meghalaya",Meghalaya State Pollution Control Board,Industrial Area,85.76666667,25.91666667,174.3333333,NA
588,1/12/2010,Meghalaya,Dawki,"Terrace building, Dawki, Jaintia Hills District, Meghalaya",Meghalaya State Pollution Control Board,"Residential, Rural and other Areas",8.45,16.08333333,123.3333333,NA
588,19-01-10,Meghalaya,Dawki,"Terrace building, Dawki, Jaintia Hills District, Meghalaya",Meghalaya State Pollution Control Board,"Residential, Rural and other Areas",6.3,12.15,73,NA
588,27-01-10,Meghalaya,Dawki,"Terrace building, Dawki, Jaintia Hills District, Meghalaya",Meghalaya State Pollution Control Board,"Residential, Rural and other Areas",6.533333333,10.61666667,82.33333333,NA
588,2/2/2010,Meghalaya,Dawki,"Terrace building, Dawki, Jaintia Hills District, Meghalaya",Meghalaya State Pollution Control Board,"Residential, Rural and other Areas",2,11.26666667,105.3333333,NA
588,2/3/2010,Meghalaya,Dawki,"Terrace building, Dawki, Jaintia Hills District, Meghalaya",Meghalaya State Pollution Control Board,"Residential, Rural and other Areas",2,7.133333333,116.6666667,NA
588,2/9/2010,Meghalaya,Dawki,"Terrace building, Dawki, Jaintia Hills District, Meghalaya",Meghalaya State Pollution Control Board,"Residential, Rural and other Areas",2,5.666666667,89.66666667,NA
588,2/10/2010,Meghalaya,Dawki,"Terrace building, Dawki, Jaintia Hills District, Meghalaya",Meghalaya State Pollution Control Board,"Residential, Rural and other Areas",2,8.15,94.33333333,NA
588,16-02-10,Meghalaya,Dawki,"Terrace building, Dawki, Jaintia Hills District, Meghalaya",Meghalaya State Pollution Control Board,"Residential, Rural and other Areas",2,8.5,72,NA
588,17-02-10,Meghalaya,Dawki,"Terrace building, Dawki, Jaintia Hills District, Meghalaya",Meghalaya State Pollution Control Board,"Residential, Rural and other Areas",2,7.716666667,85.33333333,NA
588,22-02-10,Meghalaya,Dawki,"Terrace building, Dawki, Jaintia Hills District, Meghalaya",Meghalaya State Pollution Control Board,"Residential, Rural and other Areas",2,8.133333333,103.3333333,NA
588,23-02-10,Meghalaya,Dawki,"Terrace building, Dawki, Jaintia Hills District, Meghalaya",Meghalaya State Pollution Control Board,"Residential, Rural and other Areas",6.783333333,13.01666667,89,NA
588,3/2/2010,Meghalaya,Dawki,"Terrace building, Dawki, Jaintia Hills District, Meghalaya",Meghalaya State Pollution Control Board,"Residential, Rural and other Areas",2,5.416666667,86,NA
588,3/3/2010,Meghalaya,Dawki,"Terrace building, Dawki, Jaintia Hills District, Meghalaya",Meghalaya State Pollution Control Board,"Residential, Rural and other Areas",2,6.533333333,68.33333333,NA
588,3/9/2010,Meghalaya,Dawki,"Terrace building, Dawki, Jaintia Hills District, Meghalaya",Meghalaya State Pollution Control Board,"Residential, Rural and other Areas",2,5.95,67.33333333,NA
588,3/10/2010,Meghalaya,Dawki,"Terrace building, Dawki, Jaintia Hills District, Meghalaya",Meghalaya State Pollution Control Board,"Residential, Rural and other Areas",2,7.7,59,NA
588,16-03-10,Meghalaya,Dawki,"Terrace building, Dawki, Jaintia Hills District, Meghalaya",Meghalaya State Pollution Control Board,"Residential, Rural and other Areas",2,12.81666667,82.33333333,NA
588,17-03-10,Meghalaya,Dawki,"Terrace building, Dawki, Jaintia Hills District, Meghalaya",Meghalaya State Pollution Control Board,"Residential, Rural and other Areas",2,14.93333333,88.33333333,NA
588,4/6/2010,Meghalaya,Dawki,"Terrace building, Dawki, Jaintia Hills District, Meghalaya",Meghalaya State Pollution Control Board,"Residential, Rural and other Areas",2,5.466666667,69.66666667,NA
588,4/7/2010,Meghalaya,Dawki,"Terrace building, Dawki, Jaintia Hills District, Meghalaya",Meghalaya State Pollution Control Board,"Residential, Rural and other Areas",2,4.5,35.66666667,NA
588,16-06-10,Meghalaya,Dawki,"Terrace building, Dawki, Jaintia Hills District, Meghalaya",Meghalaya State Pollution Control Board,"Residential, Rural and other Areas",4.133333333,8.6,38.33333333,NA
588,22-06-10,Meghalaya,Dawki,"Terrace building, Dawki, Jaintia Hills District, Meghalaya",Meghalaya State Pollution Control Board,"Residential, Rural and other Areas",2,4.5,49,NA
588,23-06-10,Meghalaya,Dawki,"Terrace building, Dawki, Jaintia Hills District, Meghalaya",Meghalaya State Pollution Control Board,"Residential, Rural and other Areas",2,4.5,53.66666667,NA
588,29-06-10,Meghalaya,Dawki,"Terrace building, Dawki, Jaintia Hills District, Meghalaya",Meghalaya State Pollution Control Board,"Residential, Rural and other Areas",2,4.5,48.66666667,NA
588,30-06-10,Meghalaya,Dawki,"Terrace building, Dawki, Jaintia Hills District, Meghalaya",Meghalaya State Pollution Control Board,"Residential, Rural and other Areas",2,4.5,51.66666667,NA
588,7/6/2010,Meghalaya,Dawki,"Terrace building, Dawki, Jaintia Hills District, Meghalaya",Meghalaya State Pollution Control Board,"Residential, Rural and other Areas",2,4.5,40,NA
588,7/7/2010,Meghalaya,Dawki,"Terrace building, Dawki, Jaintia Hills District, Meghalaya",Meghalaya State Pollution Control Board,"Residential, Rural and other Areas",2,4.5,41.33333333,NA
588,14-07-10,Meghalaya,Dawki,"Terrace building, Dawki, Jaintia Hills District, Meghalaya",Meghalaya State Pollution Control Board,"Residential, Rural and other Areas",2,4.5,58,NA
588,20-07-10,Meghalaya,Dawki,"Terrace building, Dawki, Jaintia Hills District, Meghalaya",Meghalaya State Pollution Control Board,"Residential, Rural and other Areas",2,4.5,27,NA
588,21-07-10,Meghalaya,Dawki,"Terrace building, Dawki, Jaintia Hills District, Meghalaya",Meghalaya State Pollution Control Board,"Residential, Rural and other Areas",2,4.5,34.66666667,NA
588,27-07-10,Meghalaya,Dawki,"Terrace building, Dawki, Jaintia Hills District, Meghalaya",Meghalaya State Pollution Control Board,"Residential, Rural and other Areas",2,4.5,33,NA
588,28-07-10,Meghalaya,Dawki,"Terrace building, Dawki, Jaintia Hills District, Meghalaya",Meghalaya State Pollution Control Board,"Residential, Rural and other Areas",2,4.5,43.33333333,NA
588,8/3/2010,Meghalaya,Dawki,"Terrace building, Dawki, Jaintia Hills District, Meghalaya",Meghalaya State Pollution Control Board,"Residential, Rural and other Areas",2,4.5,53.66666667,NA
588,8/4/2010,Meghalaya,Dawki,"Terrace building, Dawki, Jaintia Hills District, Meghalaya",Meghalaya State Pollution Control Board,"Residential, Rural and other Areas",2,4.5,52.66666667,NA
588,8/10/2010,Meghalaya,Dawki,"Terrace building, Dawki, Jaintia Hills District, Meghalaya",Meghalaya State Pollution Control Board,"Residential, Rural and other Areas",2,6.166666667,49.66666667,NA
588,8/11/2010,Meghalaya,Dawki,"Terrace building, Dawki, Jaintia Hills District, Meghalaya",Meghalaya State Pollution Control Board,"Residential, Rural and other Areas",2,7.966666667,53,NA
588,17-08-10,Meghalaya,Dawki,"Terrace building, Dawki, Jaintia Hills District, Meghalaya",Meghalaya State Pollution Control Board,"Residential, Rural and other Areas",2,4.5,45.66666667,NA
588,24-08-10,Meghalaya,Dawki,"Terrace building, Dawki, Jaintia Hills District, Meghalaya",Meghalaya State Pollution Control Board,"Residential, Rural and other Areas",2,4.5,56.66666667,NA
588,25-08-10,Meghalaya,Dawki,"Terrace building, Dawki, Jaintia Hills District, Meghalaya",Meghalaya State Pollution Control Board,"Residential, Rural and other Areas",2,4.5,54.33333333,NA
588,9/1/2010,Meghalaya,Dawki,"Terrace building, Dawki, Jaintia Hills District, Meghalaya",Meghalaya State Pollution Control Board,"Residential, Rural and other Areas",2,4.5,52.33333333,NA
588,9/7/2010,Meghalaya,Dawki,"Terrace building, Dawki, Jaintia Hills District, Meghalaya",Meghalaya State Pollution Control Board,"Residential, Rural and other Areas",2,4.5,53.33333333,NA
588,9/8/2010,Meghalaya,Dawki,"Terrace building, Dawki, Jaintia Hills District, Meghalaya",Meghalaya State Pollution Control Board,"Residential, Rural and other Areas",2,4.5,53.33333333,NA
588,14-09-10,Meghalaya,Dawki,"Terrace building, Dawki, Jaintia Hills District, Meghalaya",Meghalaya State Pollution Control Board,"Residential, Rural and other Areas",2,4.5,64.33333333,NA
588,15-09-10,Meghalaya,Dawki,"Terrace building, Dawki, Jaintia Hills District, Meghalaya",Meghalaya State Pollution Control Board,"Residential, Rural and other Areas",2,4.5,64.33333333,NA
588,22-09-10,Meghalaya,Dawki,"Terrace building, Dawki, Jaintia Hills District, Meghalaya",Meghalaya State Pollution Control Board,"Residential, Rural and other Areas",2,4.5,66,NA
588,28-09-10,Meghalaya,Dawki,"Terrace building, Dawki, Jaintia Hills District, Meghalaya",Meghalaya State Pollution Control Board,"Residential, Rural and other Areas",2,4.5,67.33333333,NA
588,29-09-10,Meghalaya,Dawki,"Terrace building, Dawki, Jaintia Hills District, Meghalaya",Meghalaya State Pollution Control Board,"Residential, Rural and other Areas",2,4.5,68,NA
588,10/5/2010,Meghalaya,Dawki,"Terrace building, Dawki, Jaintia Hills District, Meghalaya",Meghalaya State Pollution Control Board,"Residential, Rural and other Areas",2,11.21666667,52,NA
588,10/6/2010,Meghalaya,Dawki,"Terrace building, Dawki, Jaintia Hills District, Meghalaya",Meghalaya State Pollution Control Board,"Residential, Rural and other Areas",2,9.25,38.33333333,NA
588,10/12/2010,Meghalaya,Dawki,"Terrace building, Dawki, Jaintia Hills District, Meghalaya",Meghalaya State Pollution Control Board,"Residential, Rural and other Areas",2,4.5,66.33333333,NA
588,13-10-10,Meghalaya,Dawki,"Terrace building, Dawki, Jaintia Hills District, Meghalaya",Meghalaya State Pollution Control Board,"Residential, Rural and other Areas",2,4.5,71.33333333,NA
588,19-10-10,Meghalaya,Dawki,"Terrace building, Dawki, Jaintia Hills District, Meghalaya",Meghalaya State Pollution Control Board,"Residential, Rural and other Areas",2,4.5,63,NA
588,20-10-10,Meghalaya,Dawki,"Terrace building, Dawki, Jaintia Hills District, Meghalaya",Meghalaya State Pollution Control Board,"Residential, Rural and other Areas",2,4.5,58,NA
588,26-10-10,Meghalaya,Dawki,"Terrace building, Dawki, Jaintia Hills District, Meghalaya",Meghalaya State Pollution Control Board,"Residential, Rural and other Areas",2,4.5,61.66666667,NA
588,27-10-10,Meghalaya,Dawki,"Terrace building, Dawki, Jaintia Hills District, Meghalaya",Meghalaya State Pollution Control Board,"Residential, Rural and other Areas",2,4.5,68,NA
588,11/3/2010,Meghalaya,Dawki,"Terrace building, Dawki, Jaintia Hills District, Meghalaya",Meghalaya State Pollution Control Board,"Residential, Rural and other Areas",2,4.5,86,NA
588,11/9/2010,Meghalaya,Dawki,"Terrace building, Dawki, Jaintia Hills District, Meghalaya",Meghalaya State Pollution Control Board,"Residential, Rural and other Areas",2,9.516666667,84.33333333,NA
588,11/10/2010,Meghalaya,Dawki,"Terrace building, Dawki, Jaintia Hills District, Meghalaya",Meghalaya State Pollution Control Board,"Residential, Rural and other Areas",2,4.5,87.66666667,NA
588,16-11-10,Meghalaya,Dawki,"Terrace building, Dawki, Jaintia Hills District, Meghalaya",Meghalaya State Pollution Control Board,"Residential, Rural and other Areas",2,11.16666667,97,NA
588,17-11-10,Meghalaya,Dawki,"Terrace building, Dawki, Jaintia Hills District, Meghalaya",Meghalaya State Pollution Control Board,"Residential, Rural and other Areas",2,10.78333333,98.33333333,NA
588,24-11-10,Meghalaya,Dawki,"Terrace building, Dawki, Jaintia Hills District, Meghalaya",Meghalaya State Pollution Control Board,"Residential, Rural and other Areas",2,4.5,91.66666667,NA
588,25-11-10,Meghalaya,Dawki,"Terrace building, Dawki, Jaintia Hills District, Meghalaya",Meghalaya State Pollution Control Board,"Residential, Rural and other Areas",2,4.5,95,NA
588,30-11-10,Meghalaya,Dawki,"Terrace building, Dawki, Jaintia Hills District, Meghalaya",Meghalaya State Pollution Control Board,"Residential, Rural and other Areas",2,6.483333333,89,NA
588,12/1/2010,Meghalaya,Dawki,"Terrace building, Dawki, Jaintia Hills District, Meghalaya",Meghalaya State Pollution Control Board,"Residential, Rural and other Areas",2,6.4,96.33333333,NA
588,12/7/2010,Meghalaya,Dawki,"Terrace building, Dawki, Jaintia Hills District, Meghalaya",Meghalaya State Pollution Control Board,"Residential, Rural and other Areas",2,6.766666667,96.33333333,NA
588,12/8/2010,Meghalaya,Dawki,"Terrace building, Dawki, Jaintia Hills District, Meghalaya",Meghalaya State Pollution Control Board,"Residential, Rural and other Areas",2,6.55,108.3333333,NA
588,14-12-10,Meghalaya,Dawki,"Terrace building, Dawki, Jaintia Hills District, Meghalaya",Meghalaya State Pollution Control Board,"Residential, Rural and other Areas",2,4.5,105.6666667,NA
588,15-12-10,Meghalaya,Dawki,"Terrace building, Dawki, Jaintia Hills District, Meghalaya",Meghalaya State Pollution Control Board,"Residential, Rural and other Areas",2,4.5,112.6666667,NA
588,21-12-10,Meghalaya,Dawki,"Terrace building, Dawki, Jaintia Hills District, Meghalaya",Meghalaya State Pollution Control Board,"Residential, Rural and other Areas",2,4.5,113,NA
340,1/7/2010,Meghalaya,Shillong,"State Tuberculosis Hospital, Shillong",Meghalaya State Pollution Control Board,"Residential, Rural and other Areas",2,21.46666667,112,NA
340,1/12/2010,Meghalaya,Shillong,"State Tuberculosis Hospital, Shillong",Meghalaya State Pollution Control Board,"Residential, Rural and other Areas",2,15.93333333,104,NA
340,14-01-10,Meghalaya,Shillong,"State Tuberculosis Hospital, Shillong",Meghalaya State Pollution Control Board,"Residential, Rural and other Areas",2,18.4,106,NA
340,19-01-10,Meghalaya,Shillong,"State Tuberculosis Hospital, Shillong",Meghalaya State Pollution Control Board,"Residential, Rural and other Areas",2,14.78333333,105,NA
340,21-01-10,Meghalaya,Shillong,"State Tuberculosis Hospital, Shillong",Meghalaya State Pollution Control Board,"Residential, Rural and other Areas",2,18,110,NA
340,28-01-10,Meghalaya,Shillong,"State Tuberculosis Hospital, Shillong",Meghalaya State Pollution Control Board,"Residential, Rural and other Areas",2,15.21666667,93.66666667,NA
340,2/2/2010,Meghalaya,Shillong,"State Tuberculosis Hospital, Shillong",Meghalaya State Pollution Control Board,"Residential, Rural and other Areas",2,18.85,106.4666667,NA
340,2/9/2010,Meghalaya,Shillong,"State Tuberculosis Hospital, Shillong",Meghalaya State Pollution Control Board,"Residential, Rural and other Areas",2,22.3,102.3333333,NA
340,2/11/2010,Meghalaya,Shillong,"State Tuberculosis Hospital, Shillong",Meghalaya State Pollution Control Board,"Residential, Rural and other Areas",2,19.75,111,NA
340,16-02-10,Meghalaya,Shillong,"State Tuberculosis Hospital, Shillong",Meghalaya State Pollution Control Board,"Residential, Rural and other Areas",2,12.26666667,106,NA
340,18-02-10,Meghalaya,Shillong,"State Tuberculosis Hospital, Shillong",Meghalaya State Pollution Control Board,"Residential, Rural and other Areas",2,12.98333333,103,NA
340,23-02-10,Meghalaya,Shillong,"State Tuberculosis Hospital, Shillong",Meghalaya State Pollution Control Board,"Residential, Rural and other Areas",6.166666667,12.85,106.6666667,NA
340,26-02-10,Meghalaya,Shillong,"State Tuberculosis Hospital, Shillong",Meghalaya State Pollution Control Board,"Residential, Rural and other Areas",2,9.133333333,102.3333333,NA
340,3/2/2010,Meghalaya,Shillong,"State Tuberculosis Hospital, Shillong",Meghalaya State Pollution Control Board,"Residential, Rural and other Areas",2,9.166666667,106.6666667,NA
340,3/4/2010,Meghalaya,Shillong,"State Tuberculosis Hospital, Shillong",Meghalaya State Pollution Control Board,"Residential, Rural and other Areas",2,9.583333333,105,NA
340,3/9/2010,Meghalaya,Shillong,"State Tuberculosis Hospital, Shillong",Meghalaya State Pollution Control Board,"Residential, Rural and other Areas",2,20.95,114.3333333,NA
340,3/11/2010,Meghalaya,Shillong,"State Tuberculosis Hospital, Shillong",Meghalaya State Pollution Control Board,"Residential, Rural and other Areas",2,22.76666667,122.6666667,NA
340,16-03-10,Meghalaya,Shillong,"State Tuberculosis Hospital, Shillong",Meghalaya State Pollution Control Board,"Residential, Rural and other Areas",2,15.36666667,106.6666667,NA
340,18-03-10,Meghalaya,Shillong,"State Tuberculosis Hospital, Shillong",Meghalaya State Pollution Control Board,"Residential, Rural and other Areas",2,16.16666667,101.6666667,NA
340,25-03-10,Meghalaya,Shillong,"State Tuberculosis Hospital, Shillong",Meghalaya State Pollution Control Board,"Residential, Rural and other Areas",2,10.48333333,105.6666667,NA
340,30-03-10,Meghalaya,Shillong,"State Tuberculosis Hospital, Shillong",Meghalaya State Pollution Control Board,"Residential, Rural and other Areas",2,10.18333333,100.6666667,NA
340,31-03-10,Meghalaya,Shillong,"State Tuberculosis Hospital, Shillong",Meghalaya State Pollution Control Board,"Residential, Rural and other Areas",2,8.833333333,104,NA
340,4/1/2010,Meghalaya,Shillong,"State Tuberculosis Hospital, Shillong",Meghalaya State Pollution Control Board,"Residential, Rural and other Areas",2,10.35,105.6666667,NA
340,4/8/2010,Meghalaya,Shillong,"State Tuberculosis Hospital, Shillong",Meghalaya State Pollution Control Board,"Residential, Rural and other Areas",2,9.816666667,98.33333333,NA
340,14-04-10,Meghalaya,Shillong,"State Tuberculosis Hospital, Shillong",Meghalaya State Pollution Control Board,"Residential, Rural and other Areas",2,12.88333333,77.33333333,NA
340,15-04-10,Meghalaya,Shillong,"State Tuberculosis Hospital, Shillong",Meghalaya State Pollution Control Board,"Residential, Rural and other Areas",2,7.5,101.6666667,NA
340,20-04-10,Meghalaya,Shillong,"State Tuberculosis Hospital, Shillong",Meghalaya State Pollution Control Board,"Residential, Rural and other Areas",2,6.833333333,115,NA
340,22-04-10,Meghalaya,Shillong,"State Tuberculosis Hospital, Shillong",Meghalaya State Pollution Control Board,"Residential, Rural and other Areas",2,9,101.3333333,NA
340,29-04-10,Meghalaya,Shillong,"State Tuberculosis Hospital, Shillong",Meghalaya State Pollution Control Board,"Residential, Rural and other Areas",2,13.9,96,NA
340,5/4/2010,Meghalaya,Shillong,"State Tuberculosis Hospital, Shillong",Meghalaya State Pollution Control Board,"Residential, Rural and other Areas",2,5.916666667,102.6666667,NA
340,5/6/2010,Meghalaya,Shillong,"State Tuberculosis Hospital, Shillong",Meghalaya State Pollution Control Board,"Residential, Rural and other Areas",2,9.733333333,113.3333333,NA
340,29-06-10,Meghalaya,Shillong,"State Tuberculosis Hospital, Shillong",Meghalaya State Pollution Control Board,"Residential, Rural and other Areas",2,13.61666667,99.33333333,NA
340,7/1/2010,Meghalaya,Shillong,"State Tuberculosis Hospital, Shillong",Meghalaya State Pollution Control Board,"Residential, Rural and other Areas",2,26.01666667,95,NA
340,7/6/2010,Meghalaya,Shillong,"State Tuberculosis Hospital, Shillong",Meghalaya State Pollution Control Board,"Residential, Rural and other Areas",2,8.333333333,99,NA
340,7/8/2010,Meghalaya,Shillong,"State Tuberculosis Hospital, Shillong",Meghalaya State Pollution Control Board,"Residential, Rural and other Areas",2,12.83333333,97.66666667,NA
340,13-07-10,Meghalaya,Shillong,"State Tuberculosis Hospital, Shillong",Meghalaya State Pollution Control Board,"Residential, Rural and other Areas",2,8,101.6666667,NA
340,15-07-10,Meghalaya,Shillong,"State Tuberculosis Hospital, Shillong",Meghalaya State Pollution Control Board,"Residential, Rural and other Areas",2,11.6,98.33333333,NA
340,20-07-10,Meghalaya,Shillong,"State Tuberculosis Hospital, Shillong",Meghalaya State Pollution Control Board,"Residential, Rural and other Areas",2,12.61666667,88.66666667,NA
340,22-07-10,Meghalaya,Shillong,"State Tuberculosis Hospital, Shillong",Meghalaya State Pollution Control Board,"Residential, Rural and other Areas",2,8.616666667,84.33333333,NA
340,27-07-10,Meghalaya,Shillong,"State Tuberculosis Hospital, Shillong",Meghalaya State Pollution Control Board,"Residential, Rural and other Areas",2,16.05,98,NA
340,29-07-10,Meghalaya,Shillong,"State Tuberculosis Hospital, Shillong",Meghalaya State Pollution Control Board,"Residential, Rural and other Areas",2,12.76666667,107,NA
340,8/3/2010,Meghalaya,Shillong,"State Tuberculosis Hospital, Shillong",Meghalaya State Pollution Control Board,"Residential, Rural and other Areas",2,13.3,105.6666667,NA
340,8/5/2010,Meghalaya,Shillong,"State Tuberculosis Hospital, Shillong",Meghalaya State Pollution Control Board,"Residential, Rural and other Areas",2,10.66666667,103.3333333,NA
340,8/10/2010,Meghalaya,Shillong,"State Tuberculosis Hospital, Shillong",Meghalaya State Pollution Control Board,"Residential, Rural and other Areas",2,13.05,108,NA
340,8/12/2010,Meghalaya,Shillong,"State Tuberculosis Hospital, Shillong",Meghalaya State Pollution Control Board,"Residential, Rural and other Areas",2,17.16666667,94.66666667,NA
340,17-08-10,Meghalaya,Shillong,"State Tuberculosis Hospital, Shillong",Meghalaya State Pollution Control Board,"Residential, Rural and other Areas",2,12.48333333,105.6666667,NA
340,19-08-10,Meghalaya,Shillong,"State Tuberculosis Hospital, Shillong",Meghalaya State Pollution Control Board,"Residential, Rural and other Areas",2,20.68333333,90.33333333,NA
340,24-08-10,Meghalaya,Shillong,"State Tuberculosis Hospital, Shillong",Meghalaya State Pollution Control Board,"Residential, Rural and other Areas",2,15.78333333,103.6666667,NA
340,26-08-10,Meghalaya,Shillong,"State Tuberculosis Hospital, Shillong",Meghalaya State Pollution Control Board,"Residential, Rural and other Areas",2,13,98,NA
340,31-08-10,Meghalaya,Shillong,"State Tuberculosis Hospital, Shillong",Meghalaya State Pollution Control Board,"Residential, Rural and other Areas",2,15.28333333,119,NA
340,9/2/2010,Meghalaya,Shillong,"State Tuberculosis Hospital, Shillong",Meghalaya State Pollution Control Board,"Residential, Rural and other Areas",2,15.95,92.33333333,NA
340,9/7/2010,Meghalaya,Shillong,"State Tuberculosis Hospital, Shillong",Meghalaya State Pollution Control Board,"Residential, Rural and other Areas",2,12,109,NA
340,9/9/2010,Meghalaya,Shillong,"State Tuberculosis Hospital, Shillong",Meghalaya State Pollution Control Board,"Residential, Rural and other Areas",2,11.76666667,115.6666667,NA
340,14-09-10,Meghalaya,Shillong,"State Tuberculosis Hospital, Shillong",Meghalaya State Pollution Control Board,"Residential, Rural and other Areas",2,26.66666667,107.6666667,NA
340,16-09-10,Meghalaya,Shillong,"State Tuberculosis Hospital, Shillong",Meghalaya State Pollution Control Board,"Residential, Rural and other Areas",2,22.75,83.33333333,NA
340,21-09-10,Meghalaya,Shillong,"State Tuberculosis Hospital, Shillong",Meghalaya State Pollution Control Board,"Residential, Rural and other Areas",2,20,86.66666667,NA
340,23-09-10,Meghalaya,Shillong,"State Tuberculosis Hospital, Shillong",Meghalaya State Pollution Control Board,"Residential, Rural and other Areas",2,22.43333333,82.66666667,NA
340,28-09-10,Meghalaya,Shillong,"State Tuberculosis Hospital, Shillong",Meghalaya State Pollution Control Board,"Residential, Rural and other Areas",2,19.8,116,NA
340,30-09-10,Meghalaya,Shillong,"State Tuberculosis Hospital, Shillong",Meghalaya State Pollution Control Board,"Residential, Rural and other Areas",2,22.36666667,102.6666667,NA
340,10/5/2010,Meghalaya,Shillong,"State Tuberculosis Hospital, Shillong",Meghalaya State Pollution Control Board,"Residential, Rural and other Areas",2,23.58333333,89.66666667,NA
340,10/7/2010,Meghalaya,Shillong,"State Tuberculosis Hospital, Shillong",Meghalaya State Pollution Control Board,"Residential, Rural and other Areas",2,20.91666667,65.33333333,NA
340,10/12/2010,Meghalaya,Shillong,"State Tuberculosis Hospital, Shillong",Meghalaya State Pollution Control Board,"Residential, Rural and other Areas",2,21.7,110.6666667,NA
340,14-10-10,Meghalaya,Shillong,"State Tuberculosis Hospital, Shillong",Meghalaya State Pollution Control Board,"Residential, Rural and other Areas",2,15.9,97,NA
340,19-10-10,Meghalaya,Shillong,"State Tuberculosis Hospital, Shillong",Meghalaya State Pollution Control Board,"Residential, Rural and other Areas",2,19.01666667,100.6666667,NA
340,21-10-10,Meghalaya,Shillong,"State Tuberculosis Hospital, Shillong",Meghalaya State Pollution Control Board,"Residential, Rural and other Areas",2,8.2,108.6666667,NA
340,11/2/2010,Meghalaya,Shillong,"State Tuberculosis Hospital, Shillong",Meghalaya State Pollution Control Board,"Residential, Rural and other Areas",2,22.9,109.3333333,NA
340,11/9/2010,Meghalaya,Shillong,"State Tuberculosis Hospital, Shillong",Meghalaya State Pollution Control Board,"Residential, Rural and other Areas",2,26.7,97.66666667,NA
340,11/11/2010,Meghalaya,Shillong,"State Tuberculosis Hospital, Shillong",Meghalaya State Pollution Control Board,"Residential, Rural and other Areas",8.333333333,19.46666667,109,NA
340,18-11-10,Meghalaya,Shillong,"State Tuberculosis Hospital, Shillong",Meghalaya State Pollution Control Board,"Residential, Rural and other Areas",7.15,12.38333333,104,NA
340,25-11-10,Meghalaya,Shillong,"State Tuberculosis Hospital, Shillong",Meghalaya State Pollution Control Board,"Residential, Rural and other Areas",2,4.5,100,NA
340,30-11-10,Meghalaya,Shillong,"State Tuberculosis Hospital, Shillong",Meghalaya State Pollution Control Board,"Residential, Rural and other Areas",2,4.5,117.3333333,NA
340,12/2/2010,Meghalaya,Shillong,"State Tuberculosis Hospital, Shillong",Meghalaya State Pollution Control Board,"Residential, Rural and other Areas",9.55,25.78333333,115,NA
340,12/7/2010,Meghalaya,Shillong,"State Tuberculosis Hospital, Shillong",Meghalaya State Pollution Control Board,"Residential, Rural and other Areas",18.15,18.1,102.6666667,NA
340,12/9/2010,Meghalaya,Shillong,"State Tuberculosis Hospital, Shillong",Meghalaya State Pollution Control Board,"Residential, Rural and other Areas",2,11.18333333,78,NA
340,14-12-10,Meghalaya,Shillong,"State Tuberculosis Hospital, Shillong",Meghalaya State Pollution Control Board,"Residential, Rural and other Areas",2,25.1,123.6666667,NA
340,16-12-10,Meghalaya,Shillong,"State Tuberculosis Hospital, Shillong",Meghalaya State Pollution Control Board,"Residential, Rural and other Areas",2,23.18333333,117.6666667,NA
340,20-12-10,Meghalaya,Shillong,"State Tuberculosis Hospital, Shillong",Meghalaya State Pollution Control Board,"Residential, Rural and other Areas",2,14.03333333,110.3333333,NA
340,21-12-10,Meghalaya,Shillong,"State Tuberculosis Hospital, Shillong",Meghalaya State Pollution Control Board,"Residential, Rural and other Areas",14.76666667,28.76666667,113.3333333,NA
120,1/6/2010,Meghalaya,Shillong,"Boards Office Permises, Lumpyngngad, Shillong",Meghalaya State Pollution Control Board,"Residential, Rural and other Areas",2,5.333333333,65,NA
120,14-01-10,Meghalaya,Shillong,"Boards Office Permises, Lumpyngngad, Shillong",Meghalaya State Pollution Control Board,"Residential, Rural and other Areas",2,5.5,69,NA
120,21-01-10,Meghalaya,Shillong,"Boards Office Permises, Lumpyngngad, Shillong",Meghalaya State Pollution Control Board,"Residential, Rural and other Areas",2,4.5,56.66666667,NA
120,2/2/2010,Meghalaya,Shillong,"Boards Office Permises, Lumpyngngad, Shillong",Meghalaya State Pollution Control Board,"Residential, Rural and other Areas",2,4.5,75,NA
120,2/9/2010,Meghalaya,Shillong,"Boards Office Permises, Lumpyngngad, Shillong",Meghalaya State Pollution Control Board,"Residential, Rural and other Areas",2,4.5,57.33333333,NA
120,16-02-10,Meghalaya,Shillong,"Boards Office Permises, Lumpyngngad, Shillong",Meghalaya State Pollution Control Board,"Residential, Rural and other Areas",2,4.5,56.66666667,NA
120,23-02-10,Meghalaya,Shillong,"Boards Office Permises, Lumpyngngad, Shillong",Meghalaya State Pollution Control Board,"Residential, Rural and other Areas",2,4.5,62.33333333,NA
120,3/10/2010,Meghalaya,Shillong,"Boards Office Permises, Lumpyngngad, Shillong",Meghalaya State Pollution Control Board,"Residential, Rural and other Areas",2,4.5,49.33333333,NA
120,16-03-10,Meghalaya,Shillong,"Boards Office Permises, Lumpyngngad, Shillong",Meghalaya State Pollution Control Board,"Residential, Rural and other Areas",2,4.5,43.66666667,NA
120,23-03-10,Meghalaya,Shillong,"Boards Office Permises, Lumpyngngad, Shillong",Meghalaya State Pollution Control Board,"Residential, Rural and other Areas",2,4.5,49.33333333,NA
120,30-03-10,Meghalaya,Shillong,"Boards Office Permises, Lumpyngngad, Shillong",Meghalaya State Pollution Control Board,"Residential, Rural and other Areas",2,4.5,39.66666667,NA
120,15-04-10,Meghalaya,Shillong,"Boards Office Permises, Lumpyngngad, Shillong",Meghalaya State Pollution Control Board,"Residential, Rural and other Areas",2,4.5,42,NA
120,22-04-10,Meghalaya,Shillong,"Boards Office Permises, Lumpyngngad, Shillong",Meghalaya State Pollution Control Board,"Residential, Rural and other Areas",2,4.5,51.66666667,NA
120,5/4/2010,Meghalaya,Shillong,"Boards Office Permises, Lumpyngngad, Shillong",Meghalaya State Pollution Control Board,"Residential, Rural and other Areas",2,4.5,51.66666667,NA
120,5/11/2010,Meghalaya,Shillong,"Boards Office Permises, Lumpyngngad, Shillong",Meghalaya State Pollution Control Board,"Residential, Rural and other Areas",2,4.5,63.66666667,NA
120,25-05-10,Meghalaya,Shillong,"Boards Office Permises, Lumpyngngad, Shillong",Meghalaya State Pollution Control Board,"Residential, Rural and other Areas",2,4.5,55.66666667,NA
120,6/1/2010,Meghalaya,Shillong,"Boards Office Permises, Lumpyngngad, Shillong",Meghalaya State Pollution Control Board,"Residential, Rural and other Areas",2,4.5,63,NA
120,6/8/2010,Meghalaya,Shillong,"Boards Office Permises, Lumpyngngad, Shillong",Meghalaya State Pollution Control Board,"Residential, Rural and other Areas",2,4.5,62,NA
120,15-06-10,Meghalaya,Shillong,"Boards Office Permises, Lumpyngngad, Shillong",Meghalaya State Pollution Control Board,"Residential, Rural and other Areas",2,4.5,59,NA
120,24-06-10,Meghalaya,Shillong,"Boards Office Permises, Lumpyngngad, Shillong",Meghalaya State Pollution Control Board,"Residential, Rural and other Areas",2,4.5,61,NA
120,7/6/2010,Meghalaya,Shillong,"Boards Office Permises, Lumpyngngad, Shillong",Meghalaya State Pollution Control Board,"Residential, Rural and other Areas",2,4.5,54,NA
120,7/9/2010,Meghalaya,Shillong,"Boards Office Permises, Lumpyngngad, Shillong",Meghalaya State Pollution Control Board,"Residential, Rural and other Areas",2,4.5,44.66666667,NA
120,20-07-10,Meghalaya,Shillong,"Boards Office Permises, Lumpyngngad, Shillong",Meghalaya State Pollution Control Board,"Residential, Rural and other Areas",2,4.5,45,NA
120,27-07-10,Meghalaya,Shillong,"Boards Office Permises, Lumpyngngad, Shillong",Meghalaya State Pollution Control Board,"Residential, Rural and other Areas",2,4.5,47,NA
120,8/3/2010,Meghalaya,Shillong,"Boards Office Permises, Lumpyngngad, Shillong",Meghalaya State Pollution Control Board,"Residential, Rural and other Areas",2,4.5,52.66666667,NA
120,8/10/2010,Meghalaya,Shillong,"Boards Office Permises, Lumpyngngad, Shillong",Meghalaya State Pollution Control Board,"Residential, Rural and other Areas",2,4.5,55.33333333,NA
120,17-08-10,Meghalaya,Shillong,"Boards Office Permises, Lumpyngngad, Shillong",Meghalaya State Pollution Control Board,"Residential, Rural and other Areas",2,4.5,51.66666667,NA
120,26-08-10,Meghalaya,Shillong,"Boards Office Permises, Lumpyngngad, Shillong",Meghalaya State Pollution Control Board,"Residential, Rural and other Areas",2,4.5,48.66666667,NA
120,9/2/2010,Meghalaya,Shillong,"Boards Office Permises, Lumpyngngad, Shillong",Meghalaya State Pollution Control Board,"Residential, Rural and other Areas",2,4.5,50,NA
120,9/7/2010,Meghalaya,Shillong,"Boards Office Permises, Lumpyngngad, Shillong",Meghalaya State Pollution Control Board,"Residential, Rural and other Areas",2,4.5,48.66666667,NA
120,9/9/2010,Meghalaya,Shillong,"Boards Office Permises, Lumpyngngad, Shillong",Meghalaya State Pollution Control Board,"Residential, Rural and other Areas",2,4.5,53.66666667,NA
120,14-09-10,Meghalaya,Shillong,"Boards Office Permises, Lumpyngngad, Shillong",Meghalaya State Pollution Control Board,"Residential, Rural and other Areas",2,4.5,45.66666667,NA
120,16-09-10,Meghalaya,Shillong,"Boards Office Permises, Lumpyngngad, Shillong",Meghalaya State Pollution Control Board,"Residential, Rural and other Areas",2,4.5,41.66666667,NA
120,23-09-10,Meghalaya,Shillong,"Boards Office Permises, Lumpyngngad, Shillong",Meghalaya State Pollution Control Board,"Residential, Rural and other Areas",2,4.5,45.66666667,NA
120,28-09-10,Meghalaya,Shillong,"Boards Office Permises, Lumpyngngad, Shillong",Meghalaya State Pollution Control Board,"Residential, Rural and other Areas",2,4.5,53,NA
120,30-09-10,Meghalaya,Shillong,"Boards Office Permises, Lumpyngngad, Shillong",Meghalaya State Pollution Control Board,"Residential, Rural and other Areas",2,4.5,60.33333333,NA
120,10/5/2010,Meghalaya,Shillong,"Boards Office Permises, Lumpyngngad, Shillong",Meghalaya State Pollution Control Board,"Residential, Rural and other Areas",2,4.5,51.66666667,NA
120,10/12/2010,Meghalaya,Shillong,"Boards Office Permises, Lumpyngngad, Shillong",Meghalaya State Pollution Control Board,"Residential, Rural and other Areas",2,4.5,62.33333333,NA
120,14-10-10,Meghalaya,Shillong,"Boards Office Permises, Lumpyngngad, Shillong",Meghalaya State Pollution Control Board,"Residential, Rural and other Areas",2,4.5,59.33333333,NA
120,19-10-10,Meghalaya,Shillong,"Boards Office Permises, Lumpyngngad, Shillong",Meghalaya State Pollution Control Board,"Residential, Rural and other Areas",2,4.5,67.66666667,NA
120,21-10-10,Meghalaya,Shillong,"Boards Office Permises, Lumpyngngad, Shillong",Meghalaya State Pollution Control Board,"Residential, Rural and other Areas",2,4.5,50.66666667,NA
120,26-10-10,Meghalaya,Shillong,"Boards Office Permises, Lumpyngngad, Shillong",Meghalaya State Pollution Control Board,"Residential, Rural and other Areas",2,4.5,53,NA
120,11/2/2010,Meghalaya,Shillong,"Boards Office Permises, Lumpyngngad, Shillong",Meghalaya State Pollution Control Board,"Residential, Rural and other Areas",2,4.5,59,NA
120,11/9/2010,Meghalaya,Shillong,"Boards Office Permises, Lumpyngngad, Shillong",Meghalaya State Pollution Control Board,"Residential, Rural and other Areas",2,4.5,72,NA
120,11/11/2010,Meghalaya,Shillong,"Boards Office Permises, Lumpyngngad, Shillong",Meghalaya State Pollution Control Board,"Residential, Rural and other Areas",2,4.5,66.66666667,NA
120,18-11-10,Meghalaya,Shillong,"Boards Office Permises, Lumpyngngad, Shillong",Meghalaya State Pollution Control Board,"Residential, Rural and other Areas",2,4.5,59,NA
120,25-11-10,Meghalaya,Shillong,"Boards Office Permises, Lumpyngngad, Shillong",Meghalaya State Pollution Control Board,"Residential, Rural and other Areas",2,4.5,56.66666667,NA
120,30-11-10,Meghalaya,Shillong,"Boards Office Permises, Lumpyngngad, Shillong",Meghalaya State Pollution Control Board,"Residential, Rural and other Areas",2,4.5,55.33333333,NA
120,12/2/2010,Meghalaya,Shillong,"Boards Office Permises, Lumpyngngad, Shillong",Meghalaya State Pollution Control Board,"Residential, Rural and other Areas",2,4.5,60.66666667,NA
120,12/7/2010,Meghalaya,Shillong,"Boards Office Permises, Lumpyngngad, Shillong",Meghalaya State Pollution Control Board,"Residential, Rural and other Areas",2,4.5,62.66666667,NA
120,12/9/2010,Meghalaya,Shillong,"Boards Office Permises, Lumpyngngad, Shillong",Meghalaya State Pollution Control Board,"Residential, Rural and other Areas",2,4.5,47.66666667,NA
120,14-12-10,Meghalaya,Shillong,"Boards Office Permises, Lumpyngngad, Shillong",Meghalaya State Pollution Control Board,"Residential, Rural and other Areas",2,4.5,64,NA
120,16-12-10,Meghalaya,Shillong,"Boards Office Permises, Lumpyngngad, Shillong",Meghalaya State Pollution Control Board,"Residential, Rural and other Areas",2,4.5,67,NA
120,21-12-10,Meghalaya,Shillong,"Boards Office Permises, Lumpyngngad, Shillong",Meghalaya State Pollution Control Board,"Residential, Rural and other Areas",2,4.5,72,NA
608,7/8/2010,Meghalaya,Tura,"Office building of Add Chief Engineer,PHED, Araimille, Tura West Garo Hills District",Meghalaya State Pollution Control Board,"Residential, Rural and other Areas",2,7.183333333,44.23333333,NA
608,15-07-10,Meghalaya,Tura,"Office building of Add Chief Engineer,PHED, Araimille, Tura West Garo Hills District",Meghalaya State Pollution Control Board,"Residential, Rural and other Areas",2,7.616666667,51.26666667,NA
608,20-07-10,Meghalaya,Tura,"Office building of Add Chief Engineer,PHED, Araimille, Tura West Garo Hills District",Meghalaya State Pollution Control Board,"Residential, Rural and other Areas",2,6.966666667,48.46666667,NA
608,22-07-10,Meghalaya,Tura,"Office building of Add Chief Engineer,PHED, Araimille, Tura West Garo Hills District",Meghalaya State Pollution Control Board,"Residential, Rural and other Areas",2,6.15,46.45,NA
608,8/3/2010,Meghalaya,Tura,"Office building of Add Chief Engineer,PHED, Araimille, Tura West Garo Hills District",Meghalaya State Pollution Control Board,"Residential, Rural and other Areas",2,6.166666667,60.6,NA
608,8/5/2010,Meghalaya,Tura,"Office building of Add Chief Engineer,PHED, Araimille, Tura West Garo Hills District",Meghalaya State Pollution Control Board,"Residential, Rural and other Areas",2,7.833333333,63.43333333,NA
608,8/10/2010,Meghalaya,Tura,"Office building of Add Chief Engineer,PHED, Araimille, Tura West Garo Hills District",Meghalaya State Pollution Control Board,"Residential, Rural and other Areas",2,14,63.1,NA
608,8/12/2010,Meghalaya,Tura,"Office building of Add Chief Engineer,PHED, Araimille, Tura West Garo Hills District",Meghalaya State Pollution Control Board,"Residential, Rural and other Areas",2,7.566666667,64.06666667,NA
608,17-08-10,Meghalaya,Tura,"Office building of Add Chief Engineer,PHED, Araimille, Tura West Garo Hills District",Meghalaya State Pollution Control Board,"Residential, Rural and other Areas",2,8.383333333,58.93333333,NA
608,26-08-10,Meghalaya,Tura,"Office building of Add Chief Engineer,PHED, Araimille, Tura West Garo Hills District",Meghalaya State Pollution Control Board,"Residential, Rural and other Areas",2,9.783333333,53.63333333,NA
608,31-08-10,Meghalaya,Tura,"Office building of Add Chief Engineer,PHED, Araimille, Tura West Garo Hills District",Meghalaya State Pollution Control Board,"Residential, Rural and other Areas",2,8.8,61.2,NA
608,9/2/2010,Meghalaya,Tura,"Office building of Add Chief Engineer,PHED, Araimille, Tura West Garo Hills District",Meghalaya State Pollution Control Board,"Residential, Rural and other Areas",2,8.683333333,64.13333333,NA
608,9/7/2010,Meghalaya,Tura,"Office building of Add Chief Engineer,PHED, Araimille, Tura West Garo Hills District",Meghalaya State Pollution Control Board,"Residential, Rural and other Areas",2,8.9,72.63333333,NA
608,9/9/2010,Meghalaya,Tura,"Office building of Add Chief Engineer,PHED, Araimille, Tura West Garo Hills District",Meghalaya State Pollution Control Board,"Residential, Rural and other Areas",2,10.43333333,72.5,NA
608,16-09-10,Meghalaya,Tura,"Office building of Add Chief Engineer,PHED, Araimille, Tura West Garo Hills District",Meghalaya State Pollution Control Board,"Residential, Rural and other Areas",2,8.366666667,64.73333333,NA
608,21-09-10,Meghalaya,Tura,"Office building of Add Chief Engineer,PHED, Araimille, Tura West Garo Hills District",Meghalaya State Pollution Control Board,"Residential, Rural and other Areas",2,9.083333333,67.4,NA
608,23-09-10,Meghalaya,Tura,"Office building of Add Chief Engineer,PHED, Araimille, Tura West Garo Hills District",Meghalaya State Pollution Control Board,"Residential, Rural and other Areas",2,10.76666667,60.86666667,NA
608,10/5/2010,Meghalaya,Tura,"Office building of Add Chief Engineer,PHED, Araimille, Tura West Garo Hills District",Meghalaya State Pollution Control Board,"Residential, Rural and other Areas",2,4.5,55.26666667,NA
608,10/7/2010,Meghalaya,Tura,"Office building of Add Chief Engineer,PHED, Araimille, Tura West Garo Hills District",Meghalaya State Pollution Control Board,"Residential, Rural and other Areas",2,4.5,56.16666667,NA
608,18-10-10,Meghalaya,Tura,"Office building of Add Chief Engineer,PHED, Araimille, Tura West Garo Hills District",Meghalaya State Pollution Control Board,"Residential, Rural and other Areas",2,9.5,58.43333333,NA
608,21-10-10,Meghalaya,Tura,"Office building of Add Chief Engineer,PHED, Araimille, Tura West Garo Hills District",Meghalaya State Pollution Control Board,"Residential, Rural and other Areas",2,10.3,58.73333333,NA
608,11/2/2010,Meghalaya,Tura,"Office building of Add Chief Engineer,PHED, Araimille, Tura West Garo Hills District",Meghalaya State Pollution Control Board,"Residential, Rural and other Areas",2,6.266666667,58.73333333,NA
608,11/4/2010,Meghalaya,Tura,"Office building of Add Chief Engineer,PHED, Araimille, Tura West Garo Hills District",Meghalaya State Pollution Control Board,"Residential, Rural and other Areas",2,10.33333333,67.06666667,NA
608,11/8/2010,Meghalaya,Tura,"Office building of Add Chief Engineer,PHED, Araimille, Tura West Garo Hills District",Meghalaya State Pollution Control Board,"Residential, Rural and other Areas",2,7.833333333,62.63333333,NA
608,11/11/2010,Meghalaya,Tura,"Office building of Add Chief Engineer,PHED, Araimille, Tura West Garo Hills District",Meghalaya State Pollution Control Board,"Residential, Rural and other Areas",2,8.75,65.3,NA
608,15-11-10,Meghalaya,Tura,"Office building of Add Chief Engineer,PHED, Araimille, Tura West Garo Hills District",Meghalaya State Pollution Control Board,"Residential, Rural and other Areas",2,8.833333333,63.56666667,NA
608,18-11-10,Meghalaya,Tura,"Office building of Add Chief Engineer,PHED, Araimille, Tura West Garo Hills District",Meghalaya State Pollution Control Board,"Residential, Rural and other Areas",2,10,69.4,NA
608,22-11-10,Meghalaya,Tura,"Office building of Add Chief Engineer,PHED, Araimille, Tura West Garo Hills District",Meghalaya State Pollution Control Board,"Residential, Rural and other Areas",2,4.5,60.46666667,NA
608,12/7/2010,Meghalaya,Tura,"Office building of Add Chief Engineer,PHED, Araimille, Tura West Garo Hills District",Meghalaya State Pollution Control Board,"Residential, Rural and other Areas",2,10.15,75.9,NA
608,12/9/2010,Meghalaya,Tura,"Office building of Add Chief Engineer,PHED, Araimille, Tura West Garo Hills District",Meghalaya State Pollution Control Board,"Residential, Rural and other Areas",2,11.55,76.85,NA
608,14-12-10,Meghalaya,Tura,"Office building of Add Chief Engineer,PHED, Araimille, Tura West Garo Hills District",Meghalaya State Pollution Control Board,"Residential, Rural and other Areas",2,11.33333333,73.46666667,NA
608,16-12-10,Meghalaya,Tura,"Office building of Add Chief Engineer,PHED, Araimille, Tura West Garo Hills District",Meghalaya State Pollution Control Board,"Residential, Rural and other Areas",2,10.5,69.76666667,NA
608,20-12-10,Meghalaya,Tura,"Office building of Add Chief Engineer,PHED, Araimille, Tura West Garo Hills District",Meghalaya State Pollution Control Board,"Residential, Rural and other Areas",2,9.266666667,69.56666667,NA
608,21-12-10,Meghalaya,Tura,"Office building of Add Chief Engineer,PHED, Araimille, Tura West Garo Hills District",Meghalaya State Pollution Control Board,"Residential, Rural and other Areas",2,8.15,70.96666667,NA
